customer_sk,customer_id,first_name,last_name,email,residential_location,customer_segment
1,CUST_00001,Chelsey,Francis,chelsey.francis@gmail.com,Boston,High Value
2,CUST_00002,Chad,Herrera,chad.herrera@gmail.com,San Antonio,Churn Risk
3,CUST_00003,Calvin,Hale,calvin.hale@yahoo.com,Fort Worth,Churn Risk
4,CUST_00004,Richard,Smith,richard.smith@outlook.com,Denver,First-time Buyer
5,CUST_00005,Daniel,Mays,daniel.mays@yahoo.com,Virginia Beach,Online Shopper
6,CUST_00006,Stanley,Cain,stanley.cain@outlook.com,Philadelphia,First-time Buyer
7,CUST_00007,Charles,Ross,charles.ross@outlook.com,Tulsa,Premium Shopper
8,CUST_00008,Barbara,Hartman,barbara.hartman@outlook.com,Washington,Deal Seeker
9,CUST_00009,Tammy,Mcknight,tammy.mcknight@gmail.com,San Francisco,Premium Shopper
10,CUST_00010,Leslie,Todd,leslie.todd@yahoo.com,Milwaukee,First-time Buyer
11,CUST_00011,John,Peters,john.peters@gmail.com,El Paso,In-Store Regular
12,CUST_00012,Dylan,Spencer,dylan.spencer@outlook.com,Nashville,First-time Buyer
13,CUST_00013,Nicholas,Rodriguez,nicholas.rodriguez@yahoo.com,Dallas,Online Shopper
14,CUST_00014,Christina,Graham,christina.graham@yahoo.com,Las Vegas,Online Shopper
15,CUST_00015,Seth,Stewart,seth.stewart@outlook.com,Memphis,Loyal Customer
16,CUST_00016,Jessica,Johnson,jessica.johnson@outlook.com,Philadelphia,Loyal Customer
17,CUST_00017,Nancy,Hall,nancy.hall@yahoo.com,Memphis,First-time Buyer
18,CUST_00018,Thomas,Thompson,thomas.thompson@gmail.com,Columbus,Premium Shopper
19,CUST_00019,Vickie,Thompson,vickie.thompson@outlook.com,Arlington,Occasional Shopper
20,CUST_00020,Jacob,Gordon,jacob.gordon@gmail.com,Baltimore,Churn Risk
21,CUST_00021,Katherine,Woods,katherine.woods@outlook.com,Chicago,Premium Shopper
22,CUST_00022,Kristen,Johnston,kristen.johnston@outlook.com,Los Angeles,Loyal Customer
23,CUST_00023,Christopher,Cruz,christopher.cruz@gmail.com,Colorado Springs,Online Shopper
24,CUST_00024,Darin,Price,darin.price@outlook.com,San Jose,Occasional Shopper
25,CUST_00025,Larry,Hoffman,larry.hoffman@outlook.com,New York,Premium Shopper
26,CUST_00026,Scott,Zuniga,scott.zuniga@gmail.com,Indianapolis,First-time Buyer
27,CUST_00027,Elizabeth,Martinez,elizabeth.martinez@yahoo.com,Philadelphia,Premium Shopper
28,CUST_00028,Justin,Barrett,justin.barrett@outlook.com,Chicago,Premium Shopper
29,CUST_00029,Gina,Ramos,gina.ramos@gmail.com,Omaha,Budget Shopper
30,CUST_00030,Cynthia,Newman,cynthia.newman@gmail.com,Seattle,In-Store Regular
31,CUST_00031,Dylan,Jones,dylan.jones@gmail.com,New York,First-time Buyer
32,CUST_00032,Megan,Knight,megan.knight@outlook.com,Portland,In-Store Regular
33,CUST_00033,Benjamin,Potts,benjamin.potts@outlook.com,New Orleans,In-Store Regular
34,CUST_00034,Billy,Harris,billy.harris@yahoo.com,Tucson,Deal Seeker
35,CUST_00035,Michelle,Turner,michelle.turner@outlook.com,Arlington,Deal Seeker
36,CUST_00036,Victoria,Villegas,victoria.villegas@gmail.com,Oakland,First-time Buyer
37,CUST_00037,Paul,Craig,paul.craig@yahoo.com,Houston,Premium Shopper
38,CUST_00038,Samantha,Berg,samantha.berg@gmail.com,Arlington,Occasional Shopper
39,CUST_00039,Andrew,Warner,andrew.warner@gmail.com,Memphis,High Value
40,CUST_00040,Mitchell,Frank,mitchell.frank@yahoo.com,Raleigh,Deal Seeker
41,CUST_00041,Jose,Vega,jose.vega@gmail.com,Colorado Springs,Occasional Shopper
42,CUST_00042,George,Lewis,george.lewis@gmail.com,Long Beach,Premium Shopper
43,CUST_00043,Bethany,Johnson,bethany.johnson@yahoo.com,Miami,Budget Shopper
44,CUST_00044,Evan,Hunter,evan.hunter@yahoo.com,San Francisco,In-Store Regular
45,CUST_00045,Allison,Martinez,allison.martinez@yahoo.com,Sacramento,Occasional Shopper
46,CUST_00046,Steven,Williams,steven.williams@outlook.com,Louisville,Deal Seeker
47,CUST_00047,Rebecca,Brooks,rebecca.brooks@outlook.com,Milwaukee,First-time Buyer
48,CUST_00048,Erik,Phelps,erik.phelps@gmail.com,Columbus,High Value
49,CUST_00049,Scott,Johnson,scott.johnson@outlook.com,Minneapolis,In-Store Regular
50,CUST_00050,Melissa,Woodward,melissa.woodward@yahoo.com,Virginia Beach,Online Shopper
51,CUST_00051,Cynthia,Brewer,cynthia.brewer@yahoo.com,Philadelphia,First-time Buyer
52,CUST_00052,Shawn,Ray,shawn.ray@yahoo.com,Houston,First-time Buyer
53,CUST_00053,Jason,Barnes,jason.barnes@outlook.com,Philadelphia,High Value
54,CUST_00054,John,Barnes,john.barnes@outlook.com,Detroit,Premium Shopper
55,CUST_00055,Steven,Smith,steven.smith@yahoo.com,Portland,Deal Seeker
56,CUST_00056,Terry,Ramirez,terry.ramirez@gmail.com,Tucson,Loyal Customer
57,CUST_00057,Savannah,Chapman,savannah.chapman@yahoo.com,Memphis,First-time Buyer
58,CUST_00058,Randy,Acosta,randy.acosta@yahoo.com,Oklahoma City,In-Store Regular
59,CUST_00059,Eric,Martin,eric.martin@yahoo.com,Los Angeles,First-time Buyer
60,CUST_00060,Nathan,Long,nathan.long@yahoo.com,Portland,Deal Seeker
61,CUST_00061,Jeffrey,Casey,jeffrey.casey@yahoo.com,Tampa,Churn Risk
62,CUST_00062,Mark,Williams,mark.williams@gmail.com,Denver,Online Shopper
63,CUST_00063,Dawn,Hansen,dawn.hansen@gmail.com,Milwaukee,Occasional Shopper
64,CUST_00064,Julie,Ryan,julie.ryan@yahoo.com,Chicago,In-Store Regular
65,CUST_00065,Danielle,Anderson,danielle.anderson@gmail.com,Nashville,Occasional Shopper
66,CUST_00066,Teresa,Beck,teresa.beck@gmail.com,Houston,Churn Risk
67,CUST_00067,Kelly,Mitchell,kelly.mitchell@outlook.com,El Paso,Occasional Shopper
68,CUST_00068,Rachel,Nguyen,rachel.nguyen@outlook.com,San Jose,Premium Shopper
69,CUST_00069,Dennis,Weber,dennis.weber@yahoo.com,Milwaukee,Online Shopper
70,CUST_00070,Angela,Thomas,angela.thomas@gmail.com,Miami,Churn Risk
71,CUST_00071,Matthew,Morgan,matthew.morgan@gmail.com,Los Angeles,Online Shopper
72,CUST_00072,Brenda,Norman,brenda.norman@yahoo.com,Milwaukee,High Value
73,CUST_00073,Shelia,Ballard,shelia.ballard@gmail.com,Colorado Springs,Loyal Customer
74,CUST_00074,Thomas,Smith,thomas.smith@yahoo.com,Seattle,Online Shopper
75,CUST_00075,Steven,Brown,steven.brown@yahoo.com,Arlington,High Value
76,CUST_00076,Edward,Brown,edward.brown@gmail.com,Louisville,Occasional Shopper
77,CUST_00077,Brian,Cook,brian.cook@yahoo.com,Columbus,First-time Buyer
78,CUST_00078,Timothy,Stout,timothy.stout@gmail.com,Louisville,Online Shopper
79,CUST_00079,Robert,Smith,robert.smith@yahoo.com,Columbus,In-Store Regular
80,CUST_00080,Elizabeth,Gilbert,elizabeth.gilbert@yahoo.com,Sacramento,Churn Risk
81,CUST_00081,Michael,Fowler,michael.fowler@gmail.com,Miami,Online Shopper
82,CUST_00082,Jacqueline,Clark,jacqueline.clark@yahoo.com,Phoenix,Deal Seeker
83,CUST_00083,Evan,Gardner,evan.gardner@gmail.com,San Diego,Churn Risk
84,CUST_00084,Mike,Jackson,mike.jackson@yahoo.com,Seattle,Occasional Shopper
85,CUST_00085,Mallory,Adams,mallory.adams@gmail.com,San Jose,Loyal Customer
86,CUST_00086,Jasmine,Morris,jasmine.morris@outlook.com,Kansas City,Occasional Shopper
87,CUST_00087,Kara,Wallace,kara.wallace@yahoo.com,Raleigh,Occasional Shopper
88,CUST_00088,Courtney,Gonzalez,courtney.gonzalez@gmail.com,Dallas,High Value
89,CUST_00089,Katie,Lin,katie.lin@yahoo.com,Austin,First-time Buyer
90,CUST_00090,Nicholas,Petersen,nicholas.petersen@gmail.com,Los Angeles,Premium Shopper
91,CUST_00091,Brian,Rhodes,brian.rhodes@gmail.com,San Jose,Budget Shopper
92,CUST_00092,David,Miller,david.miller@gmail.com,Phoenix,Occasional Shopper
93,CUST_00093,Eric,Rodriguez,eric.rodriguez@gmail.com,Los Angeles,Premium Shopper
94,CUST_00094,Meredith,Jenkins,meredith.jenkins@outlook.com,Atlanta,Budget Shopper
95,CUST_00095,Christopher,Thompson,christopher.thompson@yahoo.com,Las Vegas,First-time Buyer
96,CUST_00096,Jill,Henry,jill.henry@outlook.com,Houston,Online Shopper
97,CUST_00097,Zachary,Ray,zachary.ray@gmail.com,Charlotte,Budget Shopper
98,CUST_00098,Corey,Ruiz,corey.ruiz@yahoo.com,Minneapolis,Churn Risk
99,CUST_00099,Timothy,Fernandez,timothy.fernandez@outlook.com,Raleigh,Budget Shopper
100,CUST_00100,Julie,Miller,julie.miller@outlook.com,Sacramento,Online Shopper
101,CUST_00101,Ashley,Ruiz,ashley.ruiz@yahoo.com,Washington,Loyal Customer
102,CUST_00102,Karen,Williams,karen.williams@gmail.com,Chicago,Churn Risk
103,CUST_00103,Michelle,Acosta,michelle.acosta@gmail.com,Mesa,Premium Shopper
104,CUST_00104,Walter,Hayden,walter.hayden@gmail.com,Tulsa,In-Store Regular
105,CUST_00105,Billy,Smith,billy.smith@yahoo.com,Fresno,Loyal Customer
106,CUST_00106,Aaron,Hill,aaron.hill@yahoo.com,San Jose,Premium Shopper
107,CUST_00107,Gwendolyn,Willis,gwendolyn.willis@yahoo.com,Oklahoma City,Premium Shopper
108,CUST_00108,Elizabeth,Merritt,elizabeth.merritt@outlook.com,Portland,First-time Buyer
109,CUST_00109,Nicholas,Gallagher,nicholas.gallagher@outlook.com,Oakland,Budget Shopper
110,CUST_00110,Anita,Pitts,anita.pitts@yahoo.com,Chicago,Churn Risk
111,CUST_00111,Eric,Taylor,eric.taylor@yahoo.com,Las Vegas,High Value
112,CUST_00112,Bethany,Jones,bethany.jones@outlook.com,Raleigh,Occasional Shopper
113,CUST_00113,William,Winters,william.winters@outlook.com,Miami,Budget Shopper
114,CUST_00114,Robert,Bradley,robert.bradley@outlook.com,Raleigh,Loyal Customer
115,CUST_00115,Wendy,Ward,wendy.ward@yahoo.com,San Jose,Churn Risk
116,CUST_00116,Cassandra,Juarez,cassandra.juarez@gmail.com,Kansas City,In-Store Regular
117,CUST_00117,Ashley,Matthews,ashley.matthews@gmail.com,Dallas,First-time Buyer
118,CUST_00118,Lucas,Christensen,lucas.christensen@yahoo.com,Jacksonville,High Value
119,CUST_00119,Sean,Castillo,sean.castillo@yahoo.com,Kansas City,Premium Shopper
120,CUST_00120,Alexandra,Thomas,alexandra.thomas@gmail.com,Los Angeles,In-Store Regular
121,CUST_00121,Pamela,Fisher,pamela.fisher@yahoo.com,New Orleans,Churn Risk
122,CUST_00122,Kenneth,Malone,kenneth.malone@gmail.com,New York,Occasional Shopper
123,CUST_00123,Randy,Kelly,randy.kelly@outlook.com,San Diego,Churn Risk
124,CUST_00124,Joseph,Williams,joseph.williams@outlook.com,San Francisco,Premium Shopper
125,CUST_00125,Katherine,Lam,katherine.lam@gmail.com,Arlington,Budget Shopper
126,CUST_00126,Mark,Aguilar,mark.aguilar@gmail.com,Chicago,In-Store Regular
127,CUST_00127,Alexander,Delgado,alexander.delgado@yahoo.com,Mesa,Online Shopper
128,CUST_00128,Jessica,Patel,jessica.patel@outlook.com,Arlington,Occasional Shopper
129,CUST_00129,Laura,Meyer,laura.meyer@yahoo.com,Columbus,Loyal Customer
130,CUST_00130,Crystal,Espinoza,crystal.espinoza@yahoo.com,Detroit,Online Shopper
131,CUST_00131,Jenna,Jenkins,jenna.jenkins@yahoo.com,New Orleans,High Value
132,CUST_00132,Johnathan,Lopez,johnathan.lopez@gmail.com,Denver,First-time Buyer
133,CUST_00133,Zachary,Stevens,zachary.stevens@gmail.com,New York,Budget Shopper
134,CUST_00134,Michael,Martin,michael.martin@outlook.com,Mesa,Premium Shopper
135,CUST_00135,Kristen,Johnson,kristen.johnson@gmail.com,Tulsa,Premium Shopper
136,CUST_00136,Robert,Wilson,robert.wilson@outlook.com,Omaha,First-time Buyer
137,CUST_00137,Barbara,Hoffman,barbara.hoffman@gmail.com,Omaha,Occasional Shopper
138,CUST_00138,Michelle,Sullivan,michelle.sullivan@yahoo.com,Charlotte,Deal Seeker
139,CUST_00139,Wesley,Sanders,wesley.sanders@gmail.com,San Antonio,Loyal Customer
140,CUST_00140,Gina,Johnson,gina.johnson@gmail.com,Jacksonville,Occasional Shopper
141,CUST_00141,Melinda,Brown,melinda.brown@outlook.com,New Orleans,Budget Shopper
142,CUST_00142,Ashlee,Richardson,ashlee.richardson@gmail.com,New York,First-time Buyer
143,CUST_00143,Rebecca,Chavez,rebecca.chavez@yahoo.com,Fresno,Loyal Customer
144,CUST_00144,Jill,Luna,jill.luna@yahoo.com,Louisville,Online Shopper
145,CUST_00145,Tyler,Hood,tyler.hood@yahoo.com,Tulsa,Premium Shopper
146,CUST_00146,Alicia,Wilkins,alicia.wilkins@gmail.com,Las Vegas,Churn Risk
147,CUST_00147,Sean,Brown,sean.brown@gmail.com,Boston,Churn Risk
148,CUST_00148,Kevin,Colon,kevin.colon@outlook.com,Phoenix,Deal Seeker
149,CUST_00149,Todd,Norton,todd.norton@yahoo.com,Louisville,Churn Risk
150,CUST_00150,Becky,Burke,becky.burke@gmail.com,Jacksonville,High Value
151,CUST_00151,Justin,Koch,justin.koch@outlook.com,Mesa,Budget Shopper
152,CUST_00152,Marie,Mckinney,marie.mckinney@outlook.com,Fort Worth,Deal Seeker
153,CUST_00153,Nathaniel,Brooks,nathaniel.brooks@gmail.com,San Jose,Occasional Shopper
154,CUST_00154,Kathy,Powell,kathy.powell@gmail.com,Fort Worth,Loyal Customer
155,CUST_00155,Richard,Mitchell,richard.mitchell@yahoo.com,New Orleans,In-Store Regular
156,CUST_00156,Derrick,Taylor,derrick.taylor@gmail.com,New York,Online Shopper
157,CUST_00157,Annette,Lewis,annette.lewis@outlook.com,Colorado Springs,Premium Shopper
158,CUST_00158,Amanda,Mathis,amanda.mathis@outlook.com,Charlotte,Loyal Customer
159,CUST_00159,Natalie,Moore,natalie.moore@yahoo.com,New Orleans,Churn Risk
160,CUST_00160,Amy,Warner,amy.warner@gmail.com,Memphis,Loyal Customer
161,CUST_00161,Brendan,Smith,brendan.smith@yahoo.com,Washington,In-Store Regular
162,CUST_00162,Caitlin,Williams,caitlin.williams@yahoo.com,San Antonio,Online Shopper
163,CUST_00163,Alicia,Rodriguez,alicia.rodriguez@outlook.com,Minneapolis,Premium Shopper
164,CUST_00164,Erik,Velazquez,erik.velazquez@yahoo.com,Fresno,Deal Seeker
165,CUST_00165,Jason,Mcdonald,jason.mcdonald@gmail.com,San Antonio,Loyal Customer
166,CUST_00166,Valerie,Landry,valerie.landry@yahoo.com,Omaha,First-time Buyer
167,CUST_00167,Jamie,Miller,jamie.miller@gmail.com,Seattle,Loyal Customer
168,CUST_00168,Karen,Sawyer,karen.sawyer@outlook.com,Philadelphia,Premium Shopper
169,CUST_00169,Michael,Carr,michael.carr@outlook.com,Columbus,High Value
170,CUST_00170,Teresa,Hebert,teresa.hebert@gmail.com,Charlotte,In-Store Regular
171,CUST_00171,Kathryn,Williams,kathryn.williams@outlook.com,Omaha,Occasional Shopper
172,CUST_00172,Christina,Thompson,christina.thompson@yahoo.com,Atlanta,Online Shopper
173,CUST_00173,Michele,Logan,michele.logan@yahoo.com,Tucson,In-Store Regular
174,CUST_00174,James,Turner,james.turner@outlook.com,Louisville,Premium Shopper
175,CUST_00175,Jennifer,Scott,jennifer.scott@outlook.com,Charlotte,Premium Shopper
176,CUST_00176,James,Russell,james.russell@yahoo.com,Las Vegas,Occasional Shopper
177,CUST_00177,Valerie,Anderson,valerie.anderson@yahoo.com,San Jose,Occasional Shopper
178,CUST_00178,Matthew,Young,matthew.young@yahoo.com,Tulsa,Budget Shopper
179,CUST_00179,Roger,Holt,roger.holt@gmail.com,Virginia Beach,In-Store Regular
180,CUST_00180,Madison,Dixon,madison.dixon@outlook.com,Charlotte,Online Shopper
181,CUST_00181,Joseph,Daniel,joseph.daniel@outlook.com,Arlington,Deal Seeker
182,CUST_00182,Susan,Velazquez,susan.velazquez@yahoo.com,Arlington,Churn Risk
183,CUST_00183,Ashley,Wright,ashley.wright@gmail.com,Nashville,Deal Seeker
184,CUST_00184,Amanda,Clark,amanda.clark@gmail.com,Oakland,Budget Shopper
185,CUST_00185,Alexandra,Watson,alexandra.watson@yahoo.com,Louisville,Online Shopper
186,CUST_00186,Jacob,Weber,jacob.weber@yahoo.com,Virginia Beach,Premium Shopper
187,CUST_00187,Antonio,Bonilla,antonio.bonilla@outlook.com,Raleigh,Churn Risk
188,CUST_00188,Ellen,Patton,ellen.patton@yahoo.com,Phoenix,High Value
189,CUST_00189,Nancy,Moore,nancy.moore@outlook.com,Tampa,Churn Risk
190,CUST_00190,Gwendolyn,Wong,gwendolyn.wong@gmail.com,Baltimore,Online Shopper
191,CUST_00191,Carlos,Anderson,carlos.anderson@outlook.com,Memphis,Budget Shopper
192,CUST_00192,Jeffrey,Miller,jeffrey.miller@yahoo.com,Tucson,Budget Shopper
193,CUST_00193,Kevin,Green,kevin.green@gmail.com,Washington,Loyal Customer
194,CUST_00194,Gregory,Walker,gregory.walker@outlook.com,Fresno,High Value
195,CUST_00195,Maria,Parks,maria.parks@yahoo.com,Fort Worth,Occasional Shopper
196,CUST_00196,Sarah,Smith,sarah.smith@yahoo.com,Omaha,Premium Shopper
197,CUST_00197,Curtis,Sharp,curtis.sharp@yahoo.com,Portland,High Value
198,CUST_00198,Andrew,Abbott,andrew.abbott@gmail.com,Detroit,Online Shopper
199,CUST_00199,Sharon,Gordon,sharon.gordon@gmail.com,Dallas,Online Shopper
200,CUST_00200,Jessica,Weeks,jessica.weeks@yahoo.com,Tulsa,In-Store Regular
201,CUST_00201,Julie,Taylor,julie.taylor@gmail.com,Denver,In-Store Regular
202,CUST_00202,Kimberly,Cruz,kimberly.cruz@gmail.com,Mesa,High Value
203,CUST_00203,Eric,Holland,eric.holland@gmail.com,Fort Worth,High Value
204,CUST_00204,Margaret,Arnold,margaret.arnold@outlook.com,Omaha,Budget Shopper
205,CUST_00205,Jerry,Gilbert,jerry.gilbert@gmail.com,Detroit,High Value
206,CUST_00206,Michelle,Jones,michelle.jones@outlook.com,New York,Premium Shopper
207,CUST_00207,Kayla,Jackson,kayla.jackson@yahoo.com,New Orleans,Deal Seeker
208,CUST_00208,Tammy,Burke,tammy.burke@outlook.com,Chicago,High Value
209,CUST_00209,Catherine,Sweeney,catherine.sweeney@yahoo.com,Colorado Springs,Occasional Shopper
210,CUST_00210,Frederick,Ryan,frederick.ryan@gmail.com,Louisville,Churn Risk
211,CUST_00211,Henry,Mckay,henry.mckay@yahoo.com,Oklahoma City,Loyal Customer
212,CUST_00212,Brenda,Vasquez,brenda.vasquez@yahoo.com,Charlotte,Premium Shopper
213,CUST_00213,Brandy,King,brandy.king@yahoo.com,Detroit,Loyal Customer
214,CUST_00214,Jamie,Smith,jamie.smith@gmail.com,Omaha,Occasional Shopper
215,CUST_00215,Sean,Savage,sean.savage@gmail.com,Charlotte,Budget Shopper
216,CUST_00216,Joseph,Collier,joseph.collier@yahoo.com,Las Vegas,Online Shopper
217,CUST_00217,Samantha,Brown,samantha.brown@gmail.com,Detroit,Budget Shopper
218,CUST_00218,Mary,Wheeler,mary.wheeler@yahoo.com,Columbus,Churn Risk
219,CUST_00219,John,Green,john.green@gmail.com,Colorado Springs,Deal Seeker
220,CUST_00220,Karen,Lucas,karen.lucas@yahoo.com,Colorado Springs,High Value
221,CUST_00221,Heather,Smith,heather.smith@gmail.com,Miami,Online Shopper
222,CUST_00222,Brittany,Reyes,brittany.reyes@gmail.com,New York,In-Store Regular
223,CUST_00223,Patrick,Gonzalez,patrick.gonzalez@gmail.com,San Jose,Online Shopper
224,CUST_00224,Melvin,Kennedy,melvin.kennedy@gmail.com,Phoenix,Deal Seeker
225,CUST_00225,Jeremiah,Caldwell,jeremiah.caldwell@yahoo.com,Minneapolis,Deal Seeker
226,CUST_00226,Shannon,Nguyen,shannon.nguyen@yahoo.com,Baltimore,High Value
227,CUST_00227,Carmen,Cain,carmen.cain@outlook.com,Fort Worth,Deal Seeker
228,CUST_00228,Leslie,Hudson,leslie.hudson@outlook.com,Virginia Beach,Churn Risk
229,CUST_00229,Michael,Crawford,michael.crawford@outlook.com,Raleigh,Churn Risk
230,CUST_00230,Christine,Jones,christine.jones@outlook.com,Austin,Occasional Shopper
231,CUST_00231,Hayley,Stanley,hayley.stanley@gmail.com,Kansas City,Loyal Customer
232,CUST_00232,John,Gray,john.gray@outlook.com,Washington,First-time Buyer
233,CUST_00233,Judith,Campbell,judith.campbell@outlook.com,Indianapolis,Premium Shopper
234,CUST_00234,Tina,Huff,tina.huff@gmail.com,Portland,High Value
235,CUST_00235,George,Smith,george.smith@outlook.com,Detroit,Budget Shopper
236,CUST_00236,Devin,Fields,devin.fields@gmail.com,Sacramento,Churn Risk
237,CUST_00237,Marissa,Burgess,marissa.burgess@gmail.com,San Francisco,Premium Shopper
238,CUST_00238,Laura,Bowen,laura.bowen@yahoo.com,Raleigh,Budget Shopper
239,CUST_00239,Patrick,Huffman,patrick.huffman@outlook.com,Las Vegas,Churn Risk
240,CUST_00240,James,Gardner,james.gardner@gmail.com,Boston,Deal Seeker
241,CUST_00241,Virginia,Benson,virginia.benson@outlook.com,Detroit,Deal Seeker
242,CUST_00242,Stephanie,Fernandez,stephanie.fernandez@outlook.com,Dallas,Online Shopper
243,CUST_00243,Jesus,Harris,jesus.harris@outlook.com,Virginia Beach,Budget Shopper
244,CUST_00244,Sandra,Lewis,sandra.lewis@gmail.com,San Antonio,First-time Buyer
245,CUST_00245,Kathleen,Meyer,kathleen.meyer@yahoo.com,Jacksonville,Budget Shopper
246,CUST_00246,Andrew,Patel,andrew.patel@gmail.com,Louisville,Loyal Customer
247,CUST_00247,Heather,Martin,heather.martin@yahoo.com,Philadelphia,In-Store Regular
248,CUST_00248,Steven,Baker,steven.baker@yahoo.com,Detroit,High Value
249,CUST_00249,George,Cline,george.cline@gmail.com,Philadelphia,Occasional Shopper
250,CUST_00250,Laura,Carey,laura.carey@yahoo.com,Omaha,Churn Risk
251,CUST_00251,Megan,Frederick,megan.frederick@outlook.com,Philadelphia,Loyal Customer
252,CUST_00252,Scott,Allen,scott.allen@gmail.com,Oakland,Budget Shopper
253,CUST_00253,Garrett,Hill,garrett.hill@yahoo.com,San Francisco,Occasional Shopper
254,CUST_00254,Nancy,Campbell,nancy.campbell@yahoo.com,Chicago,Loyal Customer
255,CUST_00255,Brenda,Davis,brenda.davis@yahoo.com,Boston,Budget Shopper
256,CUST_00256,Rodney,Payne,rodney.payne@outlook.com,Milwaukee,Loyal Customer
257,CUST_00257,Keith,Spencer,keith.spencer@outlook.com,Miami,In-Store Regular
258,CUST_00258,Samuel,Smith,samuel.smith@gmail.com,Tucson,Churn Risk
259,CUST_00259,David,Henry,david.henry@outlook.com,Fresno,First-time Buyer
260,CUST_00260,Jessica,Hernandez,jessica.hernandez@outlook.com,Raleigh,Premium Shopper
261,CUST_00261,Erica,Fuentes,erica.fuentes@outlook.com,Chicago,First-time Buyer
262,CUST_00262,Gabriela,Pierce,gabriela.pierce@gmail.com,Albuquerque,Budget Shopper
263,CUST_00263,Rebecca,Boyd,rebecca.boyd@yahoo.com,Atlanta,Occasional Shopper
264,CUST_00264,Matthew,Brown,matthew.brown@yahoo.com,Tulsa,Budget Shopper
265,CUST_00265,Matthew,Stafford,matthew.stafford@gmail.com,San Jose,Deal Seeker
266,CUST_00266,Cheryl,Reed,cheryl.reed@gmail.com,San Antonio,High Value
267,CUST_00267,Christine,Castillo,christine.castillo@yahoo.com,Memphis,First-time Buyer
268,CUST_00268,Katherine,Friedman,katherine.friedman@outlook.com,Austin,Occasional Shopper
269,CUST_00269,Kevin,Kirby,kevin.kirby@yahoo.com,Mesa,Online Shopper
270,CUST_00270,Allen,Rosales,allen.rosales@gmail.com,Miami,Churn Risk
271,CUST_00271,Paige,Bryant,paige.bryant@outlook.com,Sacramento,Online Shopper
272,CUST_00272,Anna,Bishop,anna.bishop@gmail.com,Fresno,Online Shopper
273,CUST_00273,Kathleen,Mendez,kathleen.mendez@yahoo.com,Dallas,Online Shopper
274,CUST_00274,Daniel,Sloan,daniel.sloan@gmail.com,Miami,Premium Shopper
275,CUST_00275,Nicholas,Rollins,nicholas.rollins@yahoo.com,Long Beach,Deal Seeker
276,CUST_00276,Ashley,Calderon,ashley.calderon@outlook.com,Omaha,First-time Buyer
277,CUST_00277,Jonathon,Garrett,jonathon.garrett@outlook.com,Boston,Budget Shopper
278,CUST_00278,William,Dillon,william.dillon@outlook.com,New Orleans,High Value
279,CUST_00279,Isabel,Morgan,isabel.morgan@yahoo.com,Virginia Beach,High Value
280,CUST_00280,Victoria,Cook,victoria.cook@outlook.com,Dallas,Premium Shopper
281,CUST_00281,Dennis,Miller,dennis.miller@yahoo.com,Seattle,Premium Shopper
282,CUST_00282,Kyle,Edwards,kyle.edwards@outlook.com,Minneapolis,Online Shopper
283,CUST_00283,Deanna,Shepard,deanna.shepard@yahoo.com,Long Beach,High Value
284,CUST_00284,Michelle,Patterson,michelle.patterson@outlook.com,Memphis,Budget Shopper
285,CUST_00285,Rachel,Fernandez,rachel.fernandez@yahoo.com,Indianapolis,In-Store Regular
286,CUST_00286,Anthony,Cook,anthony.cook@yahoo.com,Portland,Budget Shopper
287,CUST_00287,Amy,Short,amy.short@outlook.com,Las Vegas,High Value
288,CUST_00288,Natasha,Travis,natasha.travis@outlook.com,Seattle,Churn Risk
289,CUST_00289,Melissa,Jenkins,melissa.jenkins@gmail.com,Washington,First-time Buyer
290,CUST_00290,Paul,Holder,paul.holder@yahoo.com,Tulsa,First-time Buyer
291,CUST_00291,David,Chaney,david.chaney@yahoo.com,New York,Loyal Customer
292,CUST_00292,Catherine,Murray,catherine.murray@outlook.com,Louisville,In-Store Regular
293,CUST_00293,Tiffany,Anderson,tiffany.anderson@yahoo.com,Miami,Premium Shopper
294,CUST_00294,Jill,Harris,jill.harris@gmail.com,Albuquerque,High Value
295,CUST_00295,Amanda,Williams,amanda.williams@gmail.com,Phoenix,Budget Shopper
296,CUST_00296,Bonnie,Morris,bonnie.morris@outlook.com,Minneapolis,Loyal Customer
297,CUST_00297,Matthew,Petty,matthew.petty@yahoo.com,Columbus,High Value
298,CUST_00298,Maria,Miller,maria.miller@gmail.com,Minneapolis,In-Store Regular
299,CUST_00299,Hunter,Burgess,hunter.burgess@outlook.com,Virginia Beach,Churn Risk
300,CUST_00300,Jessica,Vargas,jessica.vargas@gmail.com,Arlington,Budget Shopper
301,CUST_00301,Tracy,Parks,tracy.parks@yahoo.com,Baltimore,High Value
302,CUST_00302,Edward,Jimenez,edward.jimenez@gmail.com,Colorado Springs,High Value
303,CUST_00303,Kayla,Hernandez,kayla.hernandez@yahoo.com,Philadelphia,Budget Shopper
304,CUST_00304,Todd,Ballard,todd.ballard@yahoo.com,El Paso,Occasional Shopper
305,CUST_00305,Walter,Turner,walter.turner@outlook.com,Fresno,Online Shopper
306,CUST_00306,Eric,Gonzalez,eric.gonzalez@gmail.com,Denver,Budget Shopper
307,CUST_00307,Ashley,Kelly,ashley.kelly@gmail.com,Philadelphia,Premium Shopper
308,CUST_00308,Matthew,Blanchard,matthew.blanchard@outlook.com,Albuquerque,Loyal Customer
309,CUST_00309,David,Jennings,david.jennings@outlook.com,Arlington,Occasional Shopper
310,CUST_00310,Kara,Hall,kara.hall@outlook.com,Louisville,High Value
311,CUST_00311,Jessica,Silva,jessica.silva@outlook.com,Oakland,First-time Buyer
312,CUST_00312,Micheal,Fry,micheal.fry@outlook.com,Philadelphia,High Value
313,CUST_00313,Randy,Johnson,randy.johnson@gmail.com,Oakland,Online Shopper
314,CUST_00314,Jody,Wilkinson,jody.wilkinson@gmail.com,Portland,First-time Buyer
315,CUST_00315,Christopher,Montgomery,christopher.montgomery@gmail.com,Fort Worth,High Value
316,CUST_00316,Richard,Young,richard.young@outlook.com,Los Angeles,Deal Seeker
317,CUST_00317,Christina,Mcdonald,christina.mcdonald@outlook.com,Houston,Online Shopper
318,CUST_00318,Christopher,Castillo,christopher.castillo@gmail.com,Albuquerque,Premium Shopper
319,CUST_00319,Jeanette,Buchanan,jeanette.buchanan@gmail.com,San Antonio,In-Store Regular
320,CUST_00320,David,Ruiz,david.ruiz@outlook.com,Milwaukee,High Value
321,CUST_00321,Susan,Lee,susan.lee@outlook.com,San Jose,Occasional Shopper
322,CUST_00322,Sharon,Duncan,sharon.duncan@outlook.com,Colorado Springs,Deal Seeker
323,CUST_00323,Catherine,Kline,catherine.kline@gmail.com,Tulsa,Premium Shopper
324,CUST_00324,Amanda,Avila,amanda.avila@gmail.com,Denver,Premium Shopper
325,CUST_00325,Gina,Johnson,gina.johnson@yahoo.com,Memphis,Online Shopper
326,CUST_00326,George,Bryan,george.bryan@yahoo.com,Baltimore,Deal Seeker
327,CUST_00327,Luis,Howell,luis.howell@yahoo.com,San Jose,In-Store Regular
328,CUST_00328,Emily,Duarte,emily.duarte@yahoo.com,Houston,In-Store Regular
329,CUST_00329,Kelly,Nelson,kelly.nelson@outlook.com,Tampa,Online Shopper
330,CUST_00330,Christian,Hernandez,christian.hernandez@outlook.com,Arlington,In-Store Regular
331,CUST_00331,Robert,Smith,robert.smith@gmail.com,San Antonio,Deal Seeker
332,CUST_00332,Jeffrey,Hancock,jeffrey.hancock@outlook.com,Indianapolis,First-time Buyer
333,CUST_00333,Laura,King,laura.king@yahoo.com,Atlanta,First-time Buyer
334,CUST_00334,Nicole,Saunders,nicole.saunders@yahoo.com,Detroit,In-Store Regular
335,CUST_00335,Brooke,Coleman,brooke.coleman@outlook.com,Minneapolis,Deal Seeker
336,CUST_00336,Daniel,Martinez,daniel.martinez@outlook.com,Milwaukee,Online Shopper
337,CUST_00337,Martha,Ramos,martha.ramos@gmail.com,Virginia Beach,Budget Shopper
338,CUST_00338,Rebecca,Molina,rebecca.molina@gmail.com,Phoenix,Online Shopper
339,CUST_00339,Thomas,Johnson,thomas.johnson@gmail.com,Seattle,Budget Shopper
340,CUST_00340,Jennifer,Watkins,jennifer.watkins@outlook.com,San Antonio,Churn Risk
341,CUST_00341,Maria,Morton,maria.morton@gmail.com,Mesa,Loyal Customer
342,CUST_00342,Laura,Rodriguez,laura.rodriguez@outlook.com,Nashville,Churn Risk
343,CUST_00343,John,Larson,john.larson@outlook.com,Arlington,First-time Buyer
344,CUST_00344,Benjamin,Carter,benjamin.carter@yahoo.com,Boston,Deal Seeker
345,CUST_00345,Kelly,Jensen,kelly.jensen@outlook.com,Las Vegas,Budget Shopper
346,CUST_00346,Christopher,Porter,christopher.porter@outlook.com,Minneapolis,Deal Seeker
347,CUST_00347,Randall,Martinez,randall.martinez@gmail.com,Mesa,Deal Seeker
348,CUST_00348,Brandy,Branch,brandy.branch@gmail.com,El Paso,Loyal Customer
349,CUST_00349,Edward,Brandt,edward.brandt@outlook.com,Indianapolis,Churn Risk
350,CUST_00350,Morgan,Crosby,morgan.crosby@yahoo.com,Omaha,High Value
351,CUST_00351,Matthew,Thomas,matthew.thomas@yahoo.com,Boston,Deal Seeker
352,CUST_00352,Laura,Moore,laura.moore@yahoo.com,Sacramento,Budget Shopper
353,CUST_00353,Mark,King,mark.king@gmail.com,San Francisco,Loyal Customer
354,CUST_00354,Jeanette,White,jeanette.white@gmail.com,San Antonio,Loyal Customer
355,CUST_00355,Jenna,Chung,jenna.chung@outlook.com,Virginia Beach,Deal Seeker
356,CUST_00356,David,Green,david.green@yahoo.com,Fresno,Budget Shopper
357,CUST_00357,William,Douglas,william.douglas@gmail.com,New York,Online Shopper
358,CUST_00358,Thomas,Nielsen,thomas.nielsen@outlook.com,El Paso,First-time Buyer
359,CUST_00359,Gregory,Davis,gregory.davis@yahoo.com,Colorado Springs,Churn Risk
360,CUST_00360,Todd,Brown,todd.brown@yahoo.com,San Diego,Churn Risk
361,CUST_00361,Timothy,Arias,timothy.arias@gmail.com,Omaha,Loyal Customer
362,CUST_00362,David,Ortiz,david.ortiz@yahoo.com,Kansas City,Occasional Shopper
363,CUST_00363,David,Wilson,david.wilson@outlook.com,Milwaukee,Churn Risk
364,CUST_00364,Timothy,Cook,timothy.cook@outlook.com,Portland,Premium Shopper
365,CUST_00365,Kathryn,Simmons,kathryn.simmons@yahoo.com,Oklahoma City,Loyal Customer
366,CUST_00366,Samuel,Nguyen,samuel.nguyen@yahoo.com,Sacramento,Loyal Customer
367,CUST_00367,Connie,Richardson,connie.richardson@outlook.com,Memphis,First-time Buyer
368,CUST_00368,Jill,Frank,jill.frank@outlook.com,Oklahoma City,Online Shopper
369,CUST_00369,Michael,Gonzalez,michael.gonzalez@gmail.com,Nashville,First-time Buyer
370,CUST_00370,Victoria,Kirby,victoria.kirby@yahoo.com,Dallas,High Value
371,CUST_00371,Crystal,Ford,crystal.ford@gmail.com,Dallas,High Value
372,CUST_00372,Katelyn,Evans,katelyn.evans@gmail.com,Indianapolis,Premium Shopper
373,CUST_00373,Arthur,Torres,arthur.torres@yahoo.com,Portland,Deal Seeker
374,CUST_00374,Michael,Shannon,michael.shannon@outlook.com,Charlotte,In-Store Regular
375,CUST_00375,Brittany,Church,brittany.church@yahoo.com,El Paso,Loyal Customer
376,CUST_00376,Rebecca,Henderson,rebecca.henderson@yahoo.com,Indianapolis,Premium Shopper
377,CUST_00377,Adam,Morris,adam.morris@yahoo.com,New York,In-Store Regular
378,CUST_00378,Danielle,Pace,danielle.pace@yahoo.com,Virginia Beach,In-Store Regular
379,CUST_00379,Larry,Flores,larry.flores@yahoo.com,New York,Deal Seeker
380,CUST_00380,Daniel,Le,daniel.le@yahoo.com,Charlotte,Premium Shopper
381,CUST_00381,Steven,Duncan,steven.duncan@gmail.com,Colorado Springs,Deal Seeker
382,CUST_00382,Teresa,Rivera,teresa.rivera@gmail.com,Portland,High Value
383,CUST_00383,Anthony,Bonilla,anthony.bonilla@outlook.com,Miami,High Value
384,CUST_00384,Tami,Krueger,tami.krueger@yahoo.com,San Jose,Occasional Shopper
385,CUST_00385,Thomas,Jones,thomas.jones@outlook.com,Phoenix,Loyal Customer
386,CUST_00386,Roberto,Watson,roberto.watson@outlook.com,Virginia Beach,Premium Shopper
387,CUST_00387,Shelby,Kirk,shelby.kirk@gmail.com,Phoenix,High Value
388,CUST_00388,Justin,Alexander,justin.alexander@gmail.com,Boston,In-Store Regular
389,CUST_00389,Timothy,Davis,timothy.davis@yahoo.com,Houston,In-Store Regular
390,CUST_00390,Maria,Nelson,maria.nelson@yahoo.com,Detroit,Loyal Customer
391,CUST_00391,Michelle,Hurley,michelle.hurley@yahoo.com,Denver,Churn Risk
392,CUST_00392,Nicole,Holmes,nicole.holmes@gmail.com,Oklahoma City,In-Store Regular
393,CUST_00393,Robert,Hubbard,robert.hubbard@gmail.com,Tulsa,Budget Shopper
394,CUST_00394,Jonathan,Wood,jonathan.wood@gmail.com,Jacksonville,Premium Shopper
395,CUST_00395,Joe,Cooper,joe.cooper@outlook.com,Minneapolis,Churn Risk
396,CUST_00396,Garrett,Perez,garrett.perez@yahoo.com,Mesa,In-Store Regular
397,CUST_00397,Eric,Hansen,eric.hansen@yahoo.com,Tulsa,Occasional Shopper
398,CUST_00398,Christopher,Smith,christopher.smith@outlook.com,San Diego,In-Store Regular
399,CUST_00399,Elizabeth,Thompson,elizabeth.thompson@outlook.com,Los Angeles,Budget Shopper
400,CUST_00400,Tamara,Monroe,tamara.monroe@outlook.com,Jacksonville,First-time Buyer
401,CUST_00401,William,Mcconnell,william.mcconnell@gmail.com,Columbus,Occasional Shopper
402,CUST_00402,John,Ross,john.ross@gmail.com,Dallas,In-Store Regular
403,CUST_00403,Charles,Conley,charles.conley@outlook.com,Baltimore,Deal Seeker
404,CUST_00404,Kyle,Lopez,kyle.lopez@outlook.com,Charlotte,Deal Seeker
405,CUST_00405,Toni,Hale,toni.hale@yahoo.com,San Antonio,Loyal Customer
406,CUST_00406,Robert,Leonard,robert.leonard@outlook.com,Virginia Beach,High Value
407,CUST_00407,Nancy,Fox,nancy.fox@yahoo.com,Oklahoma City,In-Store Regular
408,CUST_00408,Caitlin,Richard,caitlin.richard@gmail.com,Los Angeles,Churn Risk
409,CUST_00409,Bruce,Jones,bruce.jones@gmail.com,Fort Worth,Loyal Customer
410,CUST_00410,Shannon,Walsh,shannon.walsh@gmail.com,New Orleans,First-time Buyer
411,CUST_00411,Cindy,Odonnell,cindy.odonnell@outlook.com,Arlington,Premium Shopper
412,CUST_00412,Danielle,Ramsey,danielle.ramsey@outlook.com,Baltimore,In-Store Regular
413,CUST_00413,Jose,Colon,jose.colon@gmail.com,San Antonio,Premium Shopper
414,CUST_00414,Harry,Thompson,harry.thompson@yahoo.com,Tucson,Online Shopper
415,CUST_00415,Robert,Washington,robert.washington@outlook.com,Columbus,Budget Shopper
416,CUST_00416,Teresa,Kelly,teresa.kelly@outlook.com,Tucson,First-time Buyer
417,CUST_00417,Stacy,Byrd,stacy.byrd@gmail.com,Phoenix,Online Shopper
418,CUST_00418,Anthony,Reyes,anthony.reyes@gmail.com,New York,Deal Seeker
419,CUST_00419,Heather,Martin,heather.martin@gmail.com,Colorado Springs,Premium Shopper
420,CUST_00420,Susan,Farrell,susan.farrell@gmail.com,Milwaukee,In-Store Regular
421,CUST_00421,Matthew,Harris,matthew.harris@outlook.com,Chicago,Occasional Shopper
422,CUST_00422,Kelsey,Williams,kelsey.williams@gmail.com,San Jose,In-Store Regular
423,CUST_00423,Tracy,Mullins,tracy.mullins@gmail.com,Omaha,Deal Seeker
424,CUST_00424,Kristen,Li,kristen.li@outlook.com,Kansas City,Deal Seeker
425,CUST_00425,Garrett,Barnes,garrett.barnes@yahoo.com,Miami,High Value
426,CUST_00426,Robert,Lucas,robert.lucas@gmail.com,Fort Worth,Occasional Shopper
427,CUST_00427,Daniel,Kelley,daniel.kelley@outlook.com,Denver,Deal Seeker
428,CUST_00428,Nicole,Jones,nicole.jones@outlook.com,Columbus,High Value
429,CUST_00429,Charles,Klein,charles.klein@gmail.com,Jacksonville,Loyal Customer
430,CUST_00430,Sarah,Shaffer,sarah.shaffer@yahoo.com,Raleigh,First-time Buyer
431,CUST_00431,Jeremy,Mathews,jeremy.mathews@gmail.com,Los Angeles,Occasional Shopper
432,CUST_00432,Michael,Robinson,michael.robinson@gmail.com,Colorado Springs,High Value
433,CUST_00433,Lisa,Rubio,lisa.rubio@gmail.com,New Orleans,Budget Shopper
434,CUST_00434,Ronald,Green,ronald.green@gmail.com,Milwaukee,In-Store Regular
435,CUST_00435,Nichole,Stevens,nichole.stevens@outlook.com,Albuquerque,Online Shopper
436,CUST_00436,Michael,Johnson,michael.johnson@gmail.com,Colorado Springs,High Value
437,CUST_00437,David,Small,david.small@yahoo.com,Phoenix,Online Shopper
438,CUST_00438,Victoria,Stafford,victoria.stafford@yahoo.com,New York,Loyal Customer
439,CUST_00439,Amber,Nguyen,amber.nguyen@gmail.com,Milwaukee,Premium Shopper
440,CUST_00440,April,Long,april.long@yahoo.com,Colorado Springs,In-Store Regular
441,CUST_00441,Gary,Johnson,gary.johnson@yahoo.com,Louisville,Occasional Shopper
442,CUST_00442,Logan,Schwartz,logan.schwartz@yahoo.com,Albuquerque,Churn Risk
443,CUST_00443,James,Martinez,james.martinez@gmail.com,New York,Loyal Customer
444,CUST_00444,Alexander,Ortega,alexander.ortega@gmail.com,Milwaukee,Occasional Shopper
445,CUST_00445,Sherri,Maldonado,sherri.maldonado@yahoo.com,Long Beach,Online Shopper
446,CUST_00446,Erica,Taylor,erica.taylor@outlook.com,Fresno,Loyal Customer
447,CUST_00447,Andrew,Turner,andrew.turner@gmail.com,El Paso,In-Store Regular
448,CUST_00448,Mark,Rose,mark.rose@yahoo.com,Atlanta,Churn Risk
449,CUST_00449,Matthew,Hurst,matthew.hurst@outlook.com,Tampa,Premium Shopper
450,CUST_00450,Donna,Newton,donna.newton@gmail.com,Minneapolis,High Value
451,CUST_00451,Taylor,Woods,taylor.woods@gmail.com,Kansas City,High Value
452,CUST_00452,James,Wood,james.wood@outlook.com,Indianapolis,High Value
453,CUST_00453,Amanda,Tapia,amanda.tapia@yahoo.com,Las Vegas,Online Shopper
454,CUST_00454,Mia,Reed,mia.reed@yahoo.com,Philadelphia,Deal Seeker
455,CUST_00455,Shawn,Smith,shawn.smith@yahoo.com,Philadelphia,Online Shopper
456,CUST_00456,Brian,Johnston,brian.johnston@yahoo.com,Detroit,In-Store Regular
457,CUST_00457,Felicia,Wilson,felicia.wilson@gmail.com,Oklahoma City,Online Shopper
458,CUST_00458,Kathy,Garcia,kathy.garcia@yahoo.com,San Jose,Occasional Shopper
459,CUST_00459,Roger,Brewer,roger.brewer@yahoo.com,Portland,High Value
460,CUST_00460,Cindy,Ortiz,cindy.ortiz@outlook.com,Detroit,First-time Buyer
461,CUST_00461,Angela,Huffman,angela.huffman@yahoo.com,Mesa,Loyal Customer
462,CUST_00462,April,Brown,april.brown@outlook.com,Sacramento,Online Shopper
463,CUST_00463,Christian,Webb,christian.webb@gmail.com,Dallas,Churn Risk
464,CUST_00464,Lisa,Cook,lisa.cook@yahoo.com,Austin,In-Store Regular
465,CUST_00465,Kaitlin,Guerrero,kaitlin.guerrero@outlook.com,Raleigh,First-time Buyer
466,CUST_00466,Katherine,Casey,katherine.casey@yahoo.com,Louisville,Occasional Shopper
467,CUST_00467,Leslie,Guerrero,leslie.guerrero@yahoo.com,San Antonio,Occasional Shopper
468,CUST_00468,James,Jones,james.jones@outlook.com,Baltimore,Occasional Shopper
469,CUST_00469,James,Potter,james.potter@yahoo.com,Colorado Springs,Premium Shopper
470,CUST_00470,Alex,Lopez,alex.lopez@yahoo.com,Jacksonville,Occasional Shopper
471,CUST_00471,Mary,Patrick,mary.patrick@outlook.com,Tucson,Online Shopper
472,CUST_00472,Richard,Martin,richard.martin@gmail.com,Omaha,Online Shopper
473,CUST_00473,Eric,Webb,eric.webb@outlook.com,Kansas City,First-time Buyer
474,CUST_00474,Cameron,Stewart,cameron.stewart@yahoo.com,Columbus,Online Shopper
475,CUST_00475,Janet,Oliver,janet.oliver@gmail.com,Nashville,Premium Shopper
476,CUST_00476,Jeremiah,Bailey,jeremiah.bailey@gmail.com,Phoenix,Deal Seeker
477,CUST_00477,Christopher,Oconnell,christopher.oconnell@outlook.com,Boston,First-time Buyer
478,CUST_00478,Heather,Fox,heather.fox@outlook.com,Los Angeles,Online Shopper
479,CUST_00479,Elizabeth,Jones,elizabeth.jones@gmail.com,New York,Premium Shopper
480,CUST_00480,Douglas,Thompson,douglas.thompson@yahoo.com,Indianapolis,Premium Shopper
481,CUST_00481,Deanna,Hall,deanna.hall@gmail.com,Raleigh,Online Shopper
482,CUST_00482,Samantha,Fisher,samantha.fisher@outlook.com,Austin,Deal Seeker
483,CUST_00483,John,Green,john.green@gmail.com,Portland,Occasional Shopper
484,CUST_00484,Teresa,Hood,teresa.hood@gmail.com,Jacksonville,Churn Risk
485,CUST_00485,Daniel,Mendez,daniel.mendez@yahoo.com,Washington,Churn Risk
486,CUST_00486,Jonathan,Collins,jonathan.collins@gmail.com,Baltimore,Premium Shopper
487,CUST_00487,Heather,Hill,heather.hill@yahoo.com,Sacramento,Premium Shopper
488,CUST_00488,Kimberly,Baker,kimberly.baker@yahoo.com,Atlanta,Deal Seeker
489,CUST_00489,Penny,Gray,penny.gray@gmail.com,Oakland,First-time Buyer
490,CUST_00490,Rachel,Wilkinson,rachel.wilkinson@yahoo.com,Louisville,High Value
491,CUST_00491,Jim,George,jim.george@outlook.com,Philadelphia,Budget Shopper
492,CUST_00492,Jerry,Long,jerry.long@outlook.com,Philadelphia,Online Shopper
493,CUST_00493,David,Walls,david.walls@yahoo.com,Tulsa,Occasional Shopper
494,CUST_00494,Kenneth,Hernandez,kenneth.hernandez@outlook.com,Detroit,Deal Seeker
495,CUST_00495,Laura,Soto,laura.soto@outlook.com,Las Vegas,Loyal Customer
496,CUST_00496,David,Harris,david.harris@yahoo.com,Baltimore,Deal Seeker
497,CUST_00497,William,Dawson,william.dawson@gmail.com,Jacksonville,Budget Shopper
498,CUST_00498,Rachel,Robbins,rachel.robbins@yahoo.com,Charlotte,In-Store Regular
499,CUST_00499,Joseph,Mora,joseph.mora@gmail.com,Raleigh,Occasional Shopper
500,CUST_00500,Anthony,Conner,anthony.conner@outlook.com,Virginia Beach,Premium Shopper
501,CUST_00501,Jennifer,Cox,jennifer.cox@outlook.com,Tulsa,High Value
502,CUST_00502,Shannon,Johnson,shannon.johnson@yahoo.com,Oklahoma City,Online Shopper
503,CUST_00503,Janice,Hernandez,janice.hernandez@yahoo.com,New Orleans,In-Store Regular
504,CUST_00504,Kevin,Scott,kevin.scott@outlook.com,Austin,In-Store Regular
505,CUST_00505,Charles,Klein,charles.klein@yahoo.com,Austin,Loyal Customer
506,CUST_00506,Tracy,Galvan,tracy.galvan@gmail.com,Albuquerque,In-Store Regular
507,CUST_00507,Abigail,Williams,abigail.williams@gmail.com,Raleigh,In-Store Regular
508,CUST_00508,Brittany,Cameron,brittany.cameron@gmail.com,Chicago,Loyal Customer
509,CUST_00509,Bryan,Edwards,bryan.edwards@gmail.com,Mesa,Deal Seeker
510,CUST_00510,Angel,Fitzgerald,angel.fitzgerald@yahoo.com,Philadelphia,Occasional Shopper
511,CUST_00511,Jose,Mann,jose.mann@gmail.com,Omaha,First-time Buyer
512,CUST_00512,Amanda,Jarvis,amanda.jarvis@yahoo.com,Los Angeles,Budget Shopper
513,CUST_00513,Stephanie,Hughes,stephanie.hughes@gmail.com,Chicago,First-time Buyer
514,CUST_00514,Michael,Jenkins,michael.jenkins@outlook.com,Tucson,Budget Shopper
515,CUST_00515,Jacob,Smith,jacob.smith@gmail.com,Tucson,Online Shopper
516,CUST_00516,Anna,Johnson,anna.johnson@gmail.com,Fresno,Loyal Customer
517,CUST_00517,Renee,Joseph,renee.joseph@outlook.com,Fort Worth,Loyal Customer
518,CUST_00518,David,Brown,david.brown@gmail.com,Tucson,Churn Risk
519,CUST_00519,Valerie,Thompson,valerie.thompson@yahoo.com,Portland,Occasional Shopper
520,CUST_00520,Jared,Mitchell,jared.mitchell@yahoo.com,Tucson,High Value
521,CUST_00521,Melanie,Clark,melanie.clark@outlook.com,Dallas,In-Store Regular
522,CUST_00522,Andrew,Oconnell,andrew.oconnell@yahoo.com,Portland,Premium Shopper
523,CUST_00523,Justin,Jones,justin.jones@gmail.com,Arlington,Online Shopper
524,CUST_00524,Leslie,Trujillo,leslie.trujillo@gmail.com,San Diego,High Value
525,CUST_00525,Jeffrey,Wilson,jeffrey.wilson@yahoo.com,Seattle,In-Store Regular
526,CUST_00526,Crystal,Robertson,crystal.robertson@gmail.com,New Orleans,Budget Shopper
527,CUST_00527,Christopher,Hobbs,christopher.hobbs@gmail.com,Los Angeles,Premium Shopper
528,CUST_00528,Troy,Smith,troy.smith@gmail.com,Memphis,First-time Buyer
529,CUST_00529,Sara,Baker,sara.baker@gmail.com,Mesa,Premium Shopper
530,CUST_00530,Nancy,Roy,nancy.roy@gmail.com,New Orleans,Loyal Customer
531,CUST_00531,Jermaine,Mclaughlin,jermaine.mclaughlin@gmail.com,Boston,High Value
532,CUST_00532,William,Green,william.green@gmail.com,San Jose,Online Shopper
533,CUST_00533,Oscar,Rivera,oscar.rivera@outlook.com,Nashville,High Value
534,CUST_00534,Mary,Hardy,mary.hardy@gmail.com,Raleigh,Occasional Shopper
535,CUST_00535,Ashlee,Ortiz,ashlee.ortiz@gmail.com,Long Beach,Loyal Customer
536,CUST_00536,Paul,Lee,paul.lee@gmail.com,Omaha,Occasional Shopper
537,CUST_00537,Alexander,Roth,alexander.roth@outlook.com,Austin,Online Shopper
538,CUST_00538,Bradley,Barajas,bradley.barajas@gmail.com,Arlington,High Value
539,CUST_00539,Denise,Johnson,denise.johnson@outlook.com,Fresno,Occasional Shopper
540,CUST_00540,Randy,Watson,randy.watson@gmail.com,Chicago,First-time Buyer
541,CUST_00541,Jose,Collins,jose.collins@yahoo.com,Minneapolis,High Value
542,CUST_00542,Caleb,Dominguez,caleb.dominguez@outlook.com,Tulsa,In-Store Regular
543,CUST_00543,Sean,Dean,sean.dean@outlook.com,Denver,Occasional Shopper
544,CUST_00544,Matthew,Patterson,matthew.patterson@outlook.com,Columbus,Online Shopper
545,CUST_00545,Joseph,Arellano,joseph.arellano@gmail.com,Tampa,Loyal Customer
546,CUST_00546,Jacob,Salas,jacob.salas@yahoo.com,Louisville,In-Store Regular
547,CUST_00547,Lauren,Moreno,lauren.moreno@yahoo.com,Philadelphia,Online Shopper
548,CUST_00548,Richard,Duncan,richard.duncan@gmail.com,Oakland,Premium Shopper
549,CUST_00549,Daniel,Lewis,daniel.lewis@outlook.com,Fresno,Occasional Shopper
550,CUST_00550,Joshua,Garcia,joshua.garcia@yahoo.com,Indianapolis,Online Shopper
551,CUST_00551,Andrew,Chen,andrew.chen@yahoo.com,Milwaukee,Deal Seeker
552,CUST_00552,Christopher,Clark,christopher.clark@yahoo.com,San Diego,Deal Seeker
553,CUST_00553,Ashley,Ramirez,ashley.ramirez@gmail.com,Portland,In-Store Regular
554,CUST_00554,Thomas,Morgan,thomas.morgan@outlook.com,Mesa,Deal Seeker
555,CUST_00555,Susan,Compton,susan.compton@yahoo.com,Charlotte,High Value
556,CUST_00556,Jason,Weeks,jason.weeks@yahoo.com,Kansas City,First-time Buyer
557,CUST_00557,Sara,Anderson,sara.anderson@gmail.com,Tucson,Churn Risk
558,CUST_00558,Sandra,Dunn,sandra.dunn@outlook.com,New Orleans,Churn Risk
559,CUST_00559,Mark,Williams,mark.williams@yahoo.com,Tulsa,Deal Seeker
560,CUST_00560,Susan,Williams,susan.williams@outlook.com,Raleigh,Occasional Shopper
561,CUST_00561,Victoria,Kelley,victoria.kelley@yahoo.com,Colorado Springs,High Value
562,CUST_00562,Michael,Thompson,michael.thompson@gmail.com,Philadelphia,Churn Risk
563,CUST_00563,Mackenzie,Allen,mackenzie.allen@yahoo.com,Memphis,Churn Risk
564,CUST_00564,Timothy,Brown,timothy.brown@gmail.com,Columbus,Churn Risk
565,CUST_00565,Lorraine,Mcdaniel,lorraine.mcdaniel@outlook.com,Kansas City,High Value
566,CUST_00566,Theresa,Pena,theresa.pena@gmail.com,Miami,Loyal Customer
567,CUST_00567,Thomas,Martin,thomas.martin@yahoo.com,Fort Worth,Online Shopper
568,CUST_00568,Kevin,Allen,kevin.allen@outlook.com,Nashville,Loyal Customer
569,CUST_00569,Lori,Richmond,lori.richmond@outlook.com,San Diego,In-Store Regular
570,CUST_00570,Susan,Hayes,susan.hayes@gmail.com,Austin,Occasional Shopper
571,CUST_00571,Mary,Lopez,mary.lopez@outlook.com,Los Angeles,Occasional Shopper
572,CUST_00572,Michael,Dudley,michael.dudley@yahoo.com,El Paso,Budget Shopper
573,CUST_00573,Tommy,Page,tommy.page@yahoo.com,San Jose,In-Store Regular
574,CUST_00574,Justin,Chang,justin.chang@outlook.com,New Orleans,Premium Shopper
575,CUST_00575,Jillian,Shea,jillian.shea@gmail.com,Kansas City,Online Shopper
576,CUST_00576,Danny,Shelton,danny.shelton@gmail.com,Oakland,First-time Buyer
577,CUST_00577,Antonio,White,antonio.white@yahoo.com,Albuquerque,First-time Buyer
578,CUST_00578,Sean,Hull,sean.hull@yahoo.com,Los Angeles,Online Shopper
579,CUST_00579,Sean,Smith,sean.smith@gmail.com,Fort Worth,High Value
580,CUST_00580,Rebecca,Johnson,rebecca.johnson@outlook.com,Sacramento,Deal Seeker
581,CUST_00581,Jeff,Ellison,jeff.ellison@outlook.com,San Antonio,In-Store Regular
582,CUST_00582,John,Williams,john.williams@yahoo.com,Denver,High Value
583,CUST_00583,Ashley,Stewart,ashley.stewart@outlook.com,Los Angeles,Budget Shopper
584,CUST_00584,Christopher,Davila,christopher.davila@outlook.com,San Diego,Premium Shopper
585,CUST_00585,Robert,Williams,robert.williams@yahoo.com,Las Vegas,In-Store Regular
586,CUST_00586,Dustin,Hood,dustin.hood@yahoo.com,New Orleans,Premium Shopper
587,CUST_00587,Felicia,Cervantes,felicia.cervantes@outlook.com,Louisville,Loyal Customer
588,CUST_00588,James,Smith,james.smith@gmail.com,Minneapolis,Budget Shopper
589,CUST_00589,Christopher,Mejia,christopher.mejia@gmail.com,Portland,Online Shopper
590,CUST_00590,Ryan,Nguyen,ryan.nguyen@outlook.com,Mesa,Budget Shopper
591,CUST_00591,Christopher,Roberts,christopher.roberts@yahoo.com,Milwaukee,Deal Seeker
592,CUST_00592,Melanie,Meadows,melanie.meadows@outlook.com,Mesa,Churn Risk
593,CUST_00593,Jennifer,Mccoy,jennifer.mccoy@gmail.com,Tucson,In-Store Regular
594,CUST_00594,Todd,Pollard,todd.pollard@yahoo.com,New York,Occasional Shopper
595,CUST_00595,Heather,Flores,heather.flores@outlook.com,New Orleans,In-Store Regular
596,CUST_00596,Michelle,Hubbard,michelle.hubbard@yahoo.com,Baltimore,In-Store Regular
597,CUST_00597,Timothy,Watson,timothy.watson@gmail.com,San Diego,Loyal Customer
598,CUST_00598,Molly,Weber,molly.weber@gmail.com,Tampa,Churn Risk
599,CUST_00599,Timothy,Mckee,timothy.mckee@yahoo.com,Washington,Deal Seeker
600,CUST_00600,Victor,Nash,victor.nash@outlook.com,Kansas City,Budget Shopper
601,CUST_00601,Samantha,Sullivan,samantha.sullivan@outlook.com,San Diego,First-time Buyer
602,CUST_00602,Angela,Boone,angela.boone@gmail.com,Los Angeles,Deal Seeker
603,CUST_00603,Lindsay,King,lindsay.king@yahoo.com,Albuquerque,High Value
604,CUST_00604,Justin,Carpenter,justin.carpenter@outlook.com,Louisville,Loyal Customer
605,CUST_00605,Wendy,Jackson,wendy.jackson@gmail.com,Atlanta,Occasional Shopper
606,CUST_00606,Tracey,Arias,tracey.arias@outlook.com,Memphis,Budget Shopper
607,CUST_00607,Carolyn,Bryant,carolyn.bryant@yahoo.com,Denver,First-time Buyer
608,CUST_00608,Robert,Robinson,robert.robinson@outlook.com,Los Angeles,Churn Risk
609,CUST_00609,Christy,Richard,christy.richard@gmail.com,Mesa,Occasional Shopper
610,CUST_00610,Ashley,Larson,ashley.larson@yahoo.com,Los Angeles,In-Store Regular
611,CUST_00611,Samantha,Sandoval,samantha.sandoval@yahoo.com,Philadelphia,Deal Seeker
612,CUST_00612,Charles,Beck,charles.beck@outlook.com,Fort Worth,Deal Seeker
613,CUST_00613,Walter,Acosta,walter.acosta@outlook.com,Long Beach,High Value
614,CUST_00614,Amy,Curry,amy.curry@gmail.com,Minneapolis,Budget Shopper
615,CUST_00615,Danny,Reyes,danny.reyes@outlook.com,Miami,Online Shopper
616,CUST_00616,Paula,Chapman,paula.chapman@outlook.com,Dallas,Churn Risk
617,CUST_00617,Shannon,Santiago,shannon.santiago@outlook.com,Albuquerque,Budget Shopper
618,CUST_00618,Brian,Figueroa,brian.figueroa@outlook.com,Boston,In-Store Regular
619,CUST_00619,Kristen,Ayers,kristen.ayers@gmail.com,Atlanta,Online Shopper
620,CUST_00620,Linda,Sexton,linda.sexton@gmail.com,Denver,Premium Shopper
621,CUST_00621,Matthew,Briggs,matthew.briggs@outlook.com,Atlanta,Online Shopper
622,CUST_00622,Diana,Miller,diana.miller@gmail.com,Fresno,Online Shopper
623,CUST_00623,Courtney,Lynn,courtney.lynn@yahoo.com,Nashville,Occasional Shopper
624,CUST_00624,Nancy,Woods,nancy.woods@gmail.com,Colorado Springs,Premium Shopper
625,CUST_00625,Margaret,Watts,margaret.watts@yahoo.com,Nashville,High Value
626,CUST_00626,Natalie,Ali,natalie.ali@outlook.com,Detroit,Occasional Shopper
627,CUST_00627,Jessica,Estes,jessica.estes@gmail.com,Oklahoma City,High Value
628,CUST_00628,Rachel,Smith,rachel.smith@yahoo.com,Los Angeles,Occasional Shopper
629,CUST_00629,Eduardo,Webb,eduardo.webb@gmail.com,New Orleans,Loyal Customer
630,CUST_00630,April,Bray,april.bray@gmail.com,Virginia Beach,High Value
631,CUST_00631,Joseph,Oneal,joseph.oneal@yahoo.com,Jacksonville,Deal Seeker
632,CUST_00632,Brandon,Johnson,brandon.johnson@yahoo.com,Philadelphia,Premium Shopper
633,CUST_00633,Denise,Thomas,denise.thomas@yahoo.com,Houston,Online Shopper
634,CUST_00634,Charles,Thompson,charles.thompson@yahoo.com,Tucson,Online Shopper
635,CUST_00635,Helen,Anderson,helen.anderson@outlook.com,Milwaukee,Occasional Shopper
636,CUST_00636,Lisa,Schmidt,lisa.schmidt@outlook.com,Los Angeles,Loyal Customer
637,CUST_00637,Kyle,Collins,kyle.collins@yahoo.com,Sacramento,Churn Risk
638,CUST_00638,Robert,Kelly,robert.kelly@gmail.com,Minneapolis,Premium Shopper
639,CUST_00639,Patrick,Rivera,patrick.rivera@yahoo.com,Las Vegas,Churn Risk
640,CUST_00640,Joanne,Kelley,joanne.kelley@yahoo.com,Arlington,Budget Shopper
641,CUST_00641,Stephanie,Armstrong,stephanie.armstrong@yahoo.com,Detroit,Deal Seeker
642,CUST_00642,Samantha,Marshall,samantha.marshall@outlook.com,Atlanta,Budget Shopper
643,CUST_00643,Shawn,Pearson,shawn.pearson@outlook.com,Fresno,Churn Risk
644,CUST_00644,Marcus,Cunningham,marcus.cunningham@gmail.com,Miami,High Value
645,CUST_00645,Vanessa,Cantrell,vanessa.cantrell@outlook.com,Fort Worth,Deal Seeker
646,CUST_00646,Diane,Hughes,diane.hughes@gmail.com,San Diego,Occasional Shopper
647,CUST_00647,Christopher,Ramirez,christopher.ramirez@gmail.com,Kansas City,First-time Buyer
648,CUST_00648,Teresa,Hudson,teresa.hudson@yahoo.com,Seattle,Budget Shopper
649,CUST_00649,Amanda,Morgan,amanda.morgan@yahoo.com,New Orleans,Deal Seeker
650,CUST_00650,Angela,Ellis,angela.ellis@gmail.com,Jacksonville,Loyal Customer
651,CUST_00651,Shawn,Alexander,shawn.alexander@gmail.com,San Jose,Premium Shopper
652,CUST_00652,Heidi,Rasmussen,heidi.rasmussen@outlook.com,Sacramento,Churn Risk
653,CUST_00653,Annette,Bishop,annette.bishop@outlook.com,Kansas City,High Value
654,CUST_00654,Zachary,Anderson,zachary.anderson@gmail.com,Indianapolis,Online Shopper
655,CUST_00655,Joseph,Owen,joseph.owen@outlook.com,Nashville,Online Shopper
656,CUST_00656,Sharon,Swanson,sharon.swanson@outlook.com,Oklahoma City,Churn Risk
657,CUST_00657,Cody,Martinez,cody.martinez@outlook.com,Atlanta,Occasional Shopper
658,CUST_00658,Shannon,Johnson,shannon.johnson@gmail.com,Louisville,Deal Seeker
659,CUST_00659,James,Thornton,james.thornton@yahoo.com,Memphis,Loyal Customer
660,CUST_00660,Roy,Taylor,roy.taylor@outlook.com,Houston,Premium Shopper
661,CUST_00661,Donna,Cook,donna.cook@yahoo.com,Indianapolis,Loyal Customer
662,CUST_00662,Rebecca,Tanner,rebecca.tanner@outlook.com,Mesa,Occasional Shopper
663,CUST_00663,Rhonda,Sanchez,rhonda.sanchez@yahoo.com,Tampa,Online Shopper
664,CUST_00664,Ruth,Baldwin,ruth.baldwin@gmail.com,Oklahoma City,First-time Buyer
665,CUST_00665,Ryan,Silva,ryan.silva@yahoo.com,Tampa,Premium Shopper
666,CUST_00666,Jeremy,Larsen,jeremy.larsen@outlook.com,Oklahoma City,Churn Risk
667,CUST_00667,Jeremy,Anderson,jeremy.anderson@yahoo.com,Denver,Premium Shopper
668,CUST_00668,Andrea,Mason,andrea.mason@gmail.com,Kansas City,High Value
669,CUST_00669,Bridget,Harris,bridget.harris@outlook.com,Louisville,Churn Risk
670,CUST_00670,Mark,Newman,mark.newman@gmail.com,Omaha,In-Store Regular
671,CUST_00671,Carol,Maddox,carol.maddox@yahoo.com,Arlington,Occasional Shopper
672,CUST_00672,Randall,Ramos,randall.ramos@yahoo.com,Houston,Premium Shopper
673,CUST_00673,Jessica,Parker,jessica.parker@yahoo.com,Fresno,Online Shopper
674,CUST_00674,Alexander,Ramirez,alexander.ramirez@gmail.com,Miami,High Value
675,CUST_00675,Sara,Love,sara.love@gmail.com,Houston,Online Shopper
676,CUST_00676,Michael,Moore,michael.moore@outlook.com,Baltimore,First-time Buyer
677,CUST_00677,Ryan,Daniel,ryan.daniel@outlook.com,Las Vegas,High Value
678,CUST_00678,Jeffrey,Ortiz,jeffrey.ortiz@gmail.com,Minneapolis,In-Store Regular
679,CUST_00679,Tony,Fisher,tony.fisher@yahoo.com,New Orleans,Premium Shopper
680,CUST_00680,Becky,Miller,becky.miller@yahoo.com,Boston,Budget Shopper
681,CUST_00681,Jennifer,Rivera,jennifer.rivera@yahoo.com,Indianapolis,Loyal Customer
682,CUST_00682,Terry,Hahn,terry.hahn@yahoo.com,Nashville,Budget Shopper
683,CUST_00683,Brianna,Smith,brianna.smith@gmail.com,Albuquerque,In-Store Regular
684,CUST_00684,Michael,Wilson,michael.wilson@yahoo.com,Chicago,Online Shopper
685,CUST_00685,Kenneth,Hernandez,kenneth.hernandez@outlook.com,Colorado Springs,Occasional Shopper
686,CUST_00686,Samantha,Jacobs,samantha.jacobs@outlook.com,Virginia Beach,Online Shopper
687,CUST_00687,Joshua,Nelson,joshua.nelson@gmail.com,Seattle,Online Shopper
688,CUST_00688,Mitchell,Smith,mitchell.smith@yahoo.com,Kansas City,High Value
689,CUST_00689,Steven,Brown,steven.brown@gmail.com,Raleigh,First-time Buyer
690,CUST_00690,John,Garcia,john.garcia@gmail.com,Seattle,Deal Seeker
691,CUST_00691,Charles,Miller,charles.miller@outlook.com,El Paso,Deal Seeker
692,CUST_00692,Sheila,Jacobs,sheila.jacobs@yahoo.com,Columbus,First-time Buyer
693,CUST_00693,Christy,Hall,christy.hall@yahoo.com,Tulsa,Premium Shopper
694,CUST_00694,Jeffrey,Berger,jeffrey.berger@outlook.com,Los Angeles,Online Shopper
695,CUST_00695,Wanda,Allen,wanda.allen@yahoo.com,Oakland,Premium Shopper
696,CUST_00696,Kenneth,Torres,kenneth.torres@outlook.com,Jacksonville,Churn Risk
697,CUST_00697,Amanda,Brewer,amanda.brewer@gmail.com,Mesa,In-Store Regular
698,CUST_00698,Sarah,Turner,sarah.turner@yahoo.com,Detroit,Online Shopper
699,CUST_00699,Courtney,Wood,courtney.wood@outlook.com,Mesa,Occasional Shopper
700,CUST_00700,Karen,Mejia,karen.mejia@outlook.com,Miami,High Value
701,CUST_00701,Emily,Watkins,emily.watkins@outlook.com,San Jose,High Value
702,CUST_00702,Jenna,Simpson,jenna.simpson@gmail.com,Chicago,High Value
703,CUST_00703,Mark,Bailey,mark.bailey@yahoo.com,Virginia Beach,Churn Risk
704,CUST_00704,Allen,Long,allen.long@outlook.com,Mesa,High Value
705,CUST_00705,Kathleen,Sullivan,kathleen.sullivan@yahoo.com,Arlington,Occasional Shopper
706,CUST_00706,Lisa,Armstrong,lisa.armstrong@yahoo.com,Milwaukee,Occasional Shopper
707,CUST_00707,Brent,Lee,brent.lee@yahoo.com,Memphis,Occasional Shopper
708,CUST_00708,Daisy,Owens,daisy.owens@outlook.com,Kansas City,Deal Seeker
709,CUST_00709,Marc,Hayes,marc.hayes@gmail.com,San Diego,Loyal Customer
710,CUST_00710,Nicole,Walker,nicole.walker@yahoo.com,New York,Occasional Shopper
711,CUST_00711,James,Cook,james.cook@yahoo.com,Columbus,Online Shopper
712,CUST_00712,Anthony,Nelson,anthony.nelson@gmail.com,San Francisco,Occasional Shopper
713,CUST_00713,Courtney,White,courtney.white@outlook.com,Louisville,In-Store Regular
714,CUST_00714,Kara,Collier,kara.collier@gmail.com,San Francisco,In-Store Regular
715,CUST_00715,Gina,Park,gina.park@outlook.com,Charlotte,Premium Shopper
716,CUST_00716,Christina,Johnson,christina.johnson@gmail.com,Chicago,Budget Shopper
717,CUST_00717,Nicole,Smith,nicole.smith@yahoo.com,Houston,Loyal Customer
718,CUST_00718,Ashley,Smith,ashley.smith@outlook.com,El Paso,High Value
719,CUST_00719,Lisa,Ali,lisa.ali@gmail.com,Fort Worth,First-time Buyer
720,CUST_00720,Cynthia,Green,cynthia.green@gmail.com,Kansas City,Occasional Shopper
721,CUST_00721,Jennifer,Miller,jennifer.miller@gmail.com,Memphis,First-time Buyer
722,CUST_00722,Jennifer,Murphy,jennifer.murphy@gmail.com,Columbus,Churn Risk
723,CUST_00723,Leslie,Williams,leslie.williams@yahoo.com,Charlotte,Deal Seeker
724,CUST_00724,Elizabeth,Smith,elizabeth.smith@outlook.com,Louisville,First-time Buyer
725,CUST_00725,Christopher,Martinez,christopher.martinez@gmail.com,Fresno,Loyal Customer
726,CUST_00726,Robert,Rodriguez,robert.rodriguez@outlook.com,Baltimore,Online Shopper
727,CUST_00727,Megan,Brady,megan.brady@yahoo.com,Las Vegas,Occasional Shopper
728,CUST_00728,Aaron,Pearson,aaron.pearson@gmail.com,Detroit,Churn Risk
729,CUST_00729,Lisa,Manning,lisa.manning@outlook.com,Fort Worth,Premium Shopper
730,CUST_00730,James,Armstrong,james.armstrong@outlook.com,Miami,High Value
731,CUST_00731,Sally,Snow,sally.snow@yahoo.com,Indianapolis,Occasional Shopper
732,CUST_00732,Jennifer,Gilbert,jennifer.gilbert@gmail.com,Mesa,Occasional Shopper
733,CUST_00733,Katherine,Taylor,katherine.taylor@yahoo.com,Indianapolis,High Value
734,CUST_00734,Gabriela,Wang,gabriela.wang@outlook.com,New Orleans,Deal Seeker
735,CUST_00735,Benjamin,Lane,benjamin.lane@outlook.com,Houston,Online Shopper
736,CUST_00736,Brian,Anderson,brian.anderson@gmail.com,San Francisco,Churn Risk
737,CUST_00737,Alexa,Vazquez,alexa.vazquez@gmail.com,New Orleans,Loyal Customer
738,CUST_00738,Sean,Martinez,sean.martinez@yahoo.com,Phoenix,In-Store Regular
739,CUST_00739,Noah,Craig,noah.craig@gmail.com,New York,Loyal Customer
740,CUST_00740,Paige,Parsons,paige.parsons@gmail.com,Washington,Deal Seeker
741,CUST_00741,Patrick,Russell,patrick.russell@yahoo.com,Detroit,Deal Seeker
742,CUST_00742,Heather,Robinson,heather.robinson@yahoo.com,Minneapolis,High Value
743,CUST_00743,Ryan,Graham,ryan.graham@yahoo.com,Los Angeles,In-Store Regular
744,CUST_00744,Anthony,Wilson,anthony.wilson@gmail.com,Raleigh,Deal Seeker
745,CUST_00745,Victor,Arnold,victor.arnold@yahoo.com,Houston,Budget Shopper
746,CUST_00746,Denise,Copeland,denise.copeland@outlook.com,Portland,Loyal Customer
747,CUST_00747,Deanna,Thomas,deanna.thomas@yahoo.com,Baltimore,Occasional Shopper
748,CUST_00748,Garrett,Gross,garrett.gross@outlook.com,Nashville,High Value
749,CUST_00749,Ryan,Johnson,ryan.johnson@gmail.com,Tampa,Deal Seeker
750,CUST_00750,Jacob,Hughes,jacob.hughes@yahoo.com,Miami,High Value
751,CUST_00751,Pamela,Ferrell,pamela.ferrell@yahoo.com,Fresno,Loyal Customer
752,CUST_00752,Craig,Wilkins,craig.wilkins@outlook.com,Albuquerque,In-Store Regular
753,CUST_00753,Robert,Johnson,robert.johnson@yahoo.com,Nashville,First-time Buyer
754,CUST_00754,Rachel,Morris,rachel.morris@yahoo.com,Mesa,Deal Seeker
755,CUST_00755,Jennifer,Wood,jennifer.wood@gmail.com,Las Vegas,High Value
756,CUST_00756,Shawn,Santos,shawn.santos@yahoo.com,Fort Worth,In-Store Regular
757,CUST_00757,Megan,Wilson,megan.wilson@gmail.com,Austin,Budget Shopper
758,CUST_00758,Neil,Sutton,neil.sutton@yahoo.com,Dallas,Loyal Customer
759,CUST_00759,Tyler,Neal,tyler.neal@outlook.com,Phoenix,Churn Risk
760,CUST_00760,Jacqueline,Davis,jacqueline.davis@yahoo.com,San Francisco,Loyal Customer
761,CUST_00761,Lisa,Miller,lisa.miller@gmail.com,Albuquerque,Loyal Customer
762,CUST_00762,Ronald,Schwartz,ronald.schwartz@yahoo.com,Baltimore,Occasional Shopper
763,CUST_00763,April,King,april.king@gmail.com,Jacksonville,Deal Seeker
764,CUST_00764,Oscar,Smith,oscar.smith@outlook.com,Arlington,In-Store Regular
765,CUST_00765,Suzanne,Huynh,suzanne.huynh@gmail.com,New Orleans,Churn Risk
766,CUST_00766,Brian,Wilson,brian.wilson@yahoo.com,New York,Occasional Shopper
767,CUST_00767,Jacqueline,Jones,jacqueline.jones@outlook.com,Atlanta,First-time Buyer
768,CUST_00768,Ariana,Singh,ariana.singh@yahoo.com,Sacramento,Deal Seeker
769,CUST_00769,Donna,Powell,donna.powell@yahoo.com,Chicago,In-Store Regular
770,CUST_00770,Samantha,Mejia,samantha.mejia@outlook.com,Washington,Occasional Shopper
771,CUST_00771,Sara,Morales,sara.morales@outlook.com,New Orleans,Deal Seeker
772,CUST_00772,Jennifer,Miller,jennifer.miller@gmail.com,Washington,In-Store Regular
773,CUST_00773,William,Jackson,william.jackson@outlook.com,Houston,Churn Risk
774,CUST_00774,Catherine,Rowe,catherine.rowe@gmail.com,Seattle,Budget Shopper
775,CUST_00775,Keith,Jones,keith.jones@gmail.com,Philadelphia,First-time Buyer
776,CUST_00776,Thomas,Hart,thomas.hart@outlook.com,Boston,In-Store Regular
777,CUST_00777,Emily,Martin,emily.martin@gmail.com,Mesa,Deal Seeker
778,CUST_00778,Paul,Rodriguez,paul.rodriguez@yahoo.com,Memphis,In-Store Regular
779,CUST_00779,Kristen,Ramirez,kristen.ramirez@outlook.com,Arlington,Churn Risk
780,CUST_00780,Joseph,Powers,joseph.powers@outlook.com,Phoenix,First-time Buyer
781,CUST_00781,Kaitlyn,Thomas,kaitlyn.thomas@outlook.com,San Jose,Online Shopper
782,CUST_00782,Stacy,Garcia,stacy.garcia@yahoo.com,Omaha,Occasional Shopper
783,CUST_00783,Sarah,Roberts,sarah.roberts@yahoo.com,San Francisco,Online Shopper
784,CUST_00784,Courtney,Martinez,courtney.martinez@gmail.com,Nashville,Premium Shopper
785,CUST_00785,David,Moore,david.moore@yahoo.com,Oklahoma City,High Value
786,CUST_00786,Travis,Gonzalez,travis.gonzalez@gmail.com,Fresno,Churn Risk
787,CUST_00787,Wesley,Jackson,wesley.jackson@yahoo.com,Las Vegas,Budget Shopper
788,CUST_00788,Jacob,Webb,jacob.webb@gmail.com,Memphis,Deal Seeker
789,CUST_00789,Mark,Wells,mark.wells@outlook.com,Indianapolis,Churn Risk
790,CUST_00790,David,Villa,david.villa@gmail.com,Virginia Beach,First-time Buyer
791,CUST_00791,David,Hensley,david.hensley@gmail.com,Portland,Budget Shopper
792,CUST_00792,Bruce,Hawkins,bruce.hawkins@outlook.com,Baltimore,Budget Shopper
793,CUST_00793,Kara,Andrade,kara.andrade@yahoo.com,Austin,Churn Risk
794,CUST_00794,Cynthia,Reid,cynthia.reid@yahoo.com,Portland,High Value
795,CUST_00795,Brittany,Ellison,brittany.ellison@gmail.com,Albuquerque,Deal Seeker
796,CUST_00796,William,Anderson,william.anderson@yahoo.com,Colorado Springs,Budget Shopper
797,CUST_00797,Chad,Mcdonald,chad.mcdonald@yahoo.com,Milwaukee,First-time Buyer
798,CUST_00798,Melissa,Griffin,melissa.griffin@outlook.com,Portland,High Value
799,CUST_00799,Daniel,Brown,daniel.brown@outlook.com,Arlington,Premium Shopper
800,CUST_00800,Jennifer,Dunlap,jennifer.dunlap@gmail.com,Miami,In-Store Regular
801,CUST_00801,Craig,Cruz,craig.cruz@gmail.com,Portland,Budget Shopper
802,CUST_00802,Adrian,Fernandez,adrian.fernandez@gmail.com,Columbus,Occasional Shopper
803,CUST_00803,Luke,Knight,luke.knight@gmail.com,Portland,Deal Seeker
804,CUST_00804,William,Hall,william.hall@yahoo.com,Albuquerque,Occasional Shopper
805,CUST_00805,Mallory,Franco,mallory.franco@outlook.com,Austin,Deal Seeker
806,CUST_00806,Anita,Whitaker,anita.whitaker@yahoo.com,Mesa,First-time Buyer
807,CUST_00807,Heather,Hernandez,heather.hernandez@gmail.com,Memphis,Occasional Shopper
808,CUST_00808,Dylan,Smith,dylan.smith@yahoo.com,Tucson,In-Store Regular
809,CUST_00809,Melinda,Vargas,melinda.vargas@outlook.com,Atlanta,Churn Risk
810,CUST_00810,Angel,Peterson,angel.peterson@outlook.com,Long Beach,Online Shopper
811,CUST_00811,John,Salazar,john.salazar@outlook.com,Las Vegas,Deal Seeker
812,CUST_00812,Ricky,Warren,ricky.warren@outlook.com,Memphis,First-time Buyer
813,CUST_00813,Carly,Campos,carly.campos@outlook.com,Charlotte,Budget Shopper
814,CUST_00814,Katherine,Parrish,katherine.parrish@gmail.com,San Antonio,Premium Shopper
815,CUST_00815,Jessica,Norris,jessica.norris@gmail.com,Boston,Online Shopper
816,CUST_00816,Harold,Chan,harold.chan@gmail.com,Detroit,Deal Seeker
817,CUST_00817,Tiffany,Willis,tiffany.willis@gmail.com,San Antonio,Occasional Shopper
818,CUST_00818,Anthony,Henderson,anthony.henderson@outlook.com,San Jose,Loyal Customer
819,CUST_00819,Kenneth,Morse,kenneth.morse@gmail.com,Seattle,Budget Shopper
820,CUST_00820,Jill,Le,jill.le@yahoo.com,Milwaukee,High Value
821,CUST_00821,Brett,Marshall,brett.marshall@outlook.com,Philadelphia,Loyal Customer
822,CUST_00822,Martha,Farmer,martha.farmer@yahoo.com,Austin,Occasional Shopper
823,CUST_00823,Kelsey,Lara,kelsey.lara@outlook.com,Oklahoma City,Loyal Customer
824,CUST_00824,William,Farmer,william.farmer@outlook.com,Tulsa,First-time Buyer
825,CUST_00825,Tyrone,Thomas,tyrone.thomas@gmail.com,Columbus,Deal Seeker
826,CUST_00826,Garrett,Clark,garrett.clark@gmail.com,Detroit,High Value
827,CUST_00827,Mary,Phillips,mary.phillips@yahoo.com,San Antonio,Churn Risk
828,CUST_00828,Sarah,Snyder,sarah.snyder@yahoo.com,Seattle,Loyal Customer
829,CUST_00829,Thomas,Collins,thomas.collins@outlook.com,Tulsa,In-Store Regular
830,CUST_00830,Allison,Browning,allison.browning@gmail.com,Phoenix,Churn Risk
831,CUST_00831,Raymond,Wallace,raymond.wallace@gmail.com,Columbus,Deal Seeker
832,CUST_00832,Danielle,Bishop,danielle.bishop@gmail.com,Miami,Budget Shopper
833,CUST_00833,Sarah,Jackson,sarah.jackson@outlook.com,San Francisco,In-Store Regular
834,CUST_00834,Wendy,Page,wendy.page@yahoo.com,San Antonio,High Value
835,CUST_00835,Kristin,Branch,kristin.branch@gmail.com,Fort Worth,First-time Buyer
836,CUST_00836,Tony,Watkins,tony.watkins@gmail.com,Denver,Budget Shopper
837,CUST_00837,Megan,Cruz,megan.cruz@outlook.com,Minneapolis,Budget Shopper
838,CUST_00838,Eric,Brown,eric.brown@gmail.com,San Antonio,Loyal Customer
839,CUST_00839,Angela,Greene,angela.greene@gmail.com,Kansas City,Budget Shopper
840,CUST_00840,James,Rubio,james.rubio@outlook.com,Jacksonville,First-time Buyer
841,CUST_00841,Shannon,Gardner,shannon.gardner@outlook.com,Dallas,Budget Shopper
842,CUST_00842,Roger,Salinas,roger.salinas@outlook.com,Raleigh,Budget Shopper
843,CUST_00843,Marvin,Clark,marvin.clark@gmail.com,Las Vegas,Premium Shopper
844,CUST_00844,Roberto,Jones,roberto.jones@outlook.com,San Francisco,Loyal Customer
845,CUST_00845,Joseph,Garcia,joseph.garcia@gmail.com,Dallas,Loyal Customer
846,CUST_00846,Rebecca,Mccoy,rebecca.mccoy@outlook.com,Tucson,Premium Shopper
847,CUST_00847,Caitlin,Lewis,caitlin.lewis@outlook.com,Phoenix,Premium Shopper
848,CUST_00848,Amber,Malone,amber.malone@gmail.com,Louisville,Loyal Customer
849,CUST_00849,Christine,Lee,christine.lee@outlook.com,Charlotte,Loyal Customer
850,CUST_00850,Ashley,Mendez,ashley.mendez@outlook.com,Jacksonville,In-Store Regular
851,CUST_00851,Melissa,Davis,melissa.davis@gmail.com,Columbus,Occasional Shopper
852,CUST_00852,Elizabeth,Chase,elizabeth.chase@gmail.com,Detroit,Deal Seeker
853,CUST_00853,Mark,Wheeler,mark.wheeler@gmail.com,Fresno,Budget Shopper
854,CUST_00854,Nathaniel,Jackson,nathaniel.jackson@outlook.com,Fort Worth,High Value
855,CUST_00855,James,Smith,james.smith@gmail.com,Arlington,First-time Buyer
856,CUST_00856,Kendra,Morris,kendra.morris@yahoo.com,Detroit,High Value
857,CUST_00857,Joe,Morales,joe.morales@yahoo.com,Jacksonville,Premium Shopper
858,CUST_00858,Chelsea,Bowen,chelsea.bowen@yahoo.com,Raleigh,In-Store Regular
859,CUST_00859,Stephanie,Gay,stephanie.gay@outlook.com,Detroit,Premium Shopper
860,CUST_00860,John,Hodges,john.hodges@yahoo.com,Philadelphia,Deal Seeker
861,CUST_00861,Anthony,Bird,anthony.bird@gmail.com,Colorado Springs,Deal Seeker
862,CUST_00862,John,Yoder,john.yoder@yahoo.com,Los Angeles,Churn Risk
863,CUST_00863,Jeffrey,Chapman,jeffrey.chapman@outlook.com,Fresno,Premium Shopper
864,CUST_00864,Anthony,Smith,anthony.smith@yahoo.com,Columbus,Occasional Shopper
865,CUST_00865,Timothy,Vaughn,timothy.vaughn@outlook.com,Arlington,Premium Shopper
866,CUST_00866,Alex,Murray,alex.murray@outlook.com,Fort Worth,Premium Shopper
867,CUST_00867,Allison,Cervantes,allison.cervantes@outlook.com,Jacksonville,High Value
868,CUST_00868,Jennifer,Olson,jennifer.olson@gmail.com,Portland,Churn Risk
869,CUST_00869,Miranda,Johnson,miranda.johnson@yahoo.com,Portland,Loyal Customer
870,CUST_00870,Gary,Khan,gary.khan@gmail.com,Seattle,Online Shopper
871,CUST_00871,Daniel,Brown,daniel.brown@outlook.com,Oakland,In-Store Regular
872,CUST_00872,Melissa,Fitzgerald,melissa.fitzgerald@gmail.com,Milwaukee,First-time Buyer
873,CUST_00873,Michael,Ortiz,michael.ortiz@outlook.com,Raleigh,High Value
874,CUST_00874,Ralph,Hall,ralph.hall@outlook.com,Seattle,Budget Shopper
875,CUST_00875,Victoria,Baldwin,victoria.baldwin@yahoo.com,Tulsa,Deal Seeker
876,CUST_00876,Miranda,Dennis,miranda.dennis@outlook.com,Chicago,Budget Shopper
877,CUST_00877,Billy,Terrell,billy.terrell@gmail.com,San Francisco,Premium Shopper
878,CUST_00878,Donna,Mendez,donna.mendez@outlook.com,Seattle,Online Shopper
879,CUST_00879,Stacey,Harvey,stacey.harvey@yahoo.com,New Orleans,First-time Buyer
880,CUST_00880,Robert,Daniels,robert.daniels@gmail.com,Memphis,Premium Shopper
881,CUST_00881,Melissa,Bender,melissa.bender@gmail.com,Las Vegas,Loyal Customer
882,CUST_00882,Katie,Hoffman,katie.hoffman@gmail.com,Mesa,Premium Shopper
883,CUST_00883,Scott,Vaughn,scott.vaughn@yahoo.com,Memphis,Premium Shopper
884,CUST_00884,Jessica,Johnson,jessica.johnson@yahoo.com,Milwaukee,High Value
885,CUST_00885,Amanda,Brewer,amanda.brewer@outlook.com,Mesa,Budget Shopper
886,CUST_00886,Christian,Bowman,christian.bowman@gmail.com,Omaha,Premium Shopper
887,CUST_00887,Kenneth,Simmons,kenneth.simmons@yahoo.com,Portland,Loyal Customer
888,CUST_00888,Martin,Weaver,martin.weaver@gmail.com,Colorado Springs,Premium Shopper
889,CUST_00889,Tanya,Boone,tanya.boone@outlook.com,Boston,Deal Seeker
890,CUST_00890,Adam,Leon,adam.leon@yahoo.com,San Jose,Occasional Shopper
891,CUST_00891,Andrea,Smith,andrea.smith@outlook.com,Detroit,High Value
892,CUST_00892,Sara,Romero,sara.romero@outlook.com,Jacksonville,High Value
893,CUST_00893,Gregory,Martin,gregory.martin@outlook.com,Columbus,Loyal Customer
894,CUST_00894,Vanessa,Jackson,vanessa.jackson@yahoo.com,Chicago,In-Store Regular
895,CUST_00895,Manuel,Mcintosh,manuel.mcintosh@yahoo.com,Tulsa,Churn Risk
896,CUST_00896,Melanie,Robinson,melanie.robinson@yahoo.com,New Orleans,Deal Seeker
897,CUST_00897,Bob,Cline,bob.cline@outlook.com,Kansas City,Online Shopper
898,CUST_00898,Heidi,Barnes,heidi.barnes@yahoo.com,Chicago,Occasional Shopper
899,CUST_00899,Laura,Lopez,laura.lopez@gmail.com,Phoenix,In-Store Regular
900,CUST_00900,Marie,Hartman,marie.hartman@outlook.com,Seattle,Budget Shopper
901,CUST_00901,Jennifer,Glenn,jennifer.glenn@yahoo.com,Albuquerque,High Value
902,CUST_00902,Ashlee,Baker,ashlee.baker@gmail.com,Washington,Occasional Shopper
903,CUST_00903,Joshua,Hanson,joshua.hanson@gmail.com,Kansas City,In-Store Regular
904,CUST_00904,Natalie,Sloan,natalie.sloan@yahoo.com,Las Vegas,Deal Seeker
905,CUST_00905,Maxwell,Norris,maxwell.norris@gmail.com,Houston,Budget Shopper
906,CUST_00906,Valerie,Lucas,valerie.lucas@yahoo.com,Omaha,Premium Shopper
907,CUST_00907,Mallory,Johnson,mallory.johnson@outlook.com,Dallas,Churn Risk
908,CUST_00908,Betty,Lamb,betty.lamb@yahoo.com,Raleigh,Budget Shopper
909,CUST_00909,Alexandra,Hood,alexandra.hood@yahoo.com,San Francisco,In-Store Regular
910,CUST_00910,Benjamin,Hughes,benjamin.hughes@gmail.com,Colorado Springs,Online Shopper
911,CUST_00911,Jon,Hall,jon.hall@yahoo.com,Memphis,High Value
912,CUST_00912,Angela,Washington,angela.washington@gmail.com,Raleigh,Budget Shopper
913,CUST_00913,Kyle,Taylor,kyle.taylor@yahoo.com,Atlanta,First-time Buyer
914,CUST_00914,Jeffery,Rhodes,jeffery.rhodes@yahoo.com,Washington,Premium Shopper
915,CUST_00915,Sergio,Flores,sergio.flores@gmail.com,El Paso,Budget Shopper
916,CUST_00916,Tom,Logan,tom.logan@yahoo.com,Arlington,Budget Shopper
917,CUST_00917,Heather,Martinez,heather.martinez@outlook.com,Phoenix,Deal Seeker
918,CUST_00918,Cynthia,Singleton,cynthia.singleton@yahoo.com,Austin,High Value
919,CUST_00919,Tom,Espinoza,tom.espinoza@gmail.com,Fresno,Budget Shopper
920,CUST_00920,Darren,Wilkerson,darren.wilkerson@outlook.com,New Orleans,Premium Shopper
921,CUST_00921,Carlos,Hancock,carlos.hancock@yahoo.com,Tucson,First-time Buyer
922,CUST_00922,Tiffany,Stanley,tiffany.stanley@yahoo.com,Los Angeles,In-Store Regular
923,CUST_00923,Gregory,Porter,gregory.porter@outlook.com,Charlotte,High Value
924,CUST_00924,James,Cortez,james.cortez@gmail.com,Memphis,First-time Buyer
925,CUST_00925,Ricky,Johnson,ricky.johnson@yahoo.com,Kansas City,Churn Risk
926,CUST_00926,Roberto,Solis,roberto.solis@outlook.com,Oklahoma City,First-time Buyer
927,CUST_00927,Timothy,Jones,timothy.jones@gmail.com,Baltimore,Premium Shopper
928,CUST_00928,Jacob,Martinez,jacob.martinez@outlook.com,San Jose,Deal Seeker
929,CUST_00929,Alexis,Young,alexis.young@gmail.com,Arlington,Occasional Shopper
930,CUST_00930,Laura,Jones,laura.jones@outlook.com,Raleigh,Churn Risk
931,CUST_00931,Sharon,Morrison,sharon.morrison@outlook.com,Denver,First-time Buyer
932,CUST_00932,Mitchell,Lowe,mitchell.lowe@yahoo.com,Atlanta,Online Shopper
933,CUST_00933,Cory,Cox,cory.cox@outlook.com,Washington,Online Shopper
934,CUST_00934,Carlos,Roberts,carlos.roberts@outlook.com,Jacksonville,Budget Shopper
935,CUST_00935,William,Wise,william.wise@gmail.com,Philadelphia,In-Store Regular
936,CUST_00936,Kenneth,Brown,kenneth.brown@gmail.com,Kansas City,Deal Seeker
937,CUST_00937,Amanda,Williams,amanda.williams@outlook.com,Phoenix,Budget Shopper
938,CUST_00938,Jeffrey,Long,jeffrey.long@outlook.com,Memphis,First-time Buyer
939,CUST_00939,Samuel,Barnes,samuel.barnes@gmail.com,Louisville,Premium Shopper
940,CUST_00940,Connie,Solis,connie.solis@gmail.com,Indianapolis,Budget Shopper
941,CUST_00941,Jonathon,Rodriguez,jonathon.rodriguez@outlook.com,Philadelphia,High Value
942,CUST_00942,Amber,Harris,amber.harris@yahoo.com,Oakland,Online Shopper
943,CUST_00943,Ricky,Morrison,ricky.morrison@outlook.com,Louisville,High Value
944,CUST_00944,Theresa,Smith,theresa.smith@gmail.com,New York,Loyal Customer
945,CUST_00945,Tammy,Smith,tammy.smith@yahoo.com,Milwaukee,Churn Risk
946,CUST_00946,Wendy,Francis,wendy.francis@gmail.com,Indianapolis,Occasional Shopper
947,CUST_00947,Brent,Sharp,brent.sharp@outlook.com,Phoenix,Deal Seeker
948,CUST_00948,Jose,Kelly,jose.kelly@outlook.com,Denver,Deal Seeker
949,CUST_00949,Joseph,Berry,joseph.berry@outlook.com,Seattle,First-time Buyer
950,CUST_00950,Nathan,Miller,nathan.miller@gmail.com,Oakland,Occasional Shopper
951,CUST_00951,Anthony,Scott,anthony.scott@gmail.com,Detroit,Budget Shopper
952,CUST_00952,William,Rogers,william.rogers@outlook.com,Phoenix,First-time Buyer
953,CUST_00953,Travis,Robinson,travis.robinson@gmail.com,San Francisco,Deal Seeker
954,CUST_00954,Chloe,Sutton,chloe.sutton@outlook.com,Nashville,Deal Seeker
955,CUST_00955,Angela,Edwards,angela.edwards@yahoo.com,Tampa,Budget Shopper
956,CUST_00956,Todd,Reyes,todd.reyes@yahoo.com,Philadelphia,Deal Seeker
957,CUST_00957,Jasmine,Lee,jasmine.lee@outlook.com,Tucson,Deal Seeker
958,CUST_00958,Crystal,Mata,crystal.mata@outlook.com,New York,Deal Seeker
959,CUST_00959,Alyssa,Robbins,alyssa.robbins@outlook.com,Miami,Budget Shopper
960,CUST_00960,Michael,Phillips,michael.phillips@gmail.com,Louisville,High Value
961,CUST_00961,Jenna,Miller,jenna.miller@yahoo.com,Oklahoma City,Churn Risk
962,CUST_00962,Annette,Trevino,annette.trevino@gmail.com,Louisville,In-Store Regular
963,CUST_00963,Stacie,Martinez,stacie.martinez@yahoo.com,Philadelphia,Loyal Customer
964,CUST_00964,Christine,Thompson,christine.thompson@outlook.com,Colorado Springs,High Value
965,CUST_00965,Steven,Casey,steven.casey@yahoo.com,Washington,Occasional Shopper
966,CUST_00966,Alyssa,Young,alyssa.young@gmail.com,Jacksonville,Loyal Customer
967,CUST_00967,Sara,Haas,sara.haas@outlook.com,Omaha,Online Shopper
968,CUST_00968,Sarah,Casey,sarah.casey@yahoo.com,Fresno,High Value
969,CUST_00969,Steven,Rose,steven.rose@gmail.com,Albuquerque,Churn Risk
970,CUST_00970,Aaron,Spence,aaron.spence@outlook.com,Boston,Online Shopper
971,CUST_00971,Sally,Rodriguez,sally.rodriguez@yahoo.com,Virginia Beach,First-time Buyer
972,CUST_00972,William,Kelly,william.kelly@gmail.com,Milwaukee,Online Shopper
973,CUST_00973,Manuel,Vargas,manuel.vargas@outlook.com,Las Vegas,Premium Shopper
974,CUST_00974,James,Craig,james.craig@outlook.com,Las Vegas,High Value
975,CUST_00975,Randy,Casey,randy.casey@yahoo.com,Milwaukee,High Value
976,CUST_00976,Ian,Goodwin,ian.goodwin@gmail.com,Albuquerque,High Value
977,CUST_00977,Tamara,Snyder,tamara.snyder@yahoo.com,Houston,High Value
978,CUST_00978,Hannah,Gamble,hannah.gamble@yahoo.com,Denver,High Value
979,CUST_00979,John,Moore,john.moore@gmail.com,Oklahoma City,Premium Shopper
980,CUST_00980,Amber,Baxter,amber.baxter@gmail.com,Seattle,Budget Shopper
981,CUST_00981,Jonathan,Ritter,jonathan.ritter@outlook.com,Tucson,High Value
982,CUST_00982,Leslie,Garcia,leslie.garcia@yahoo.com,Washington,First-time Buyer
983,CUST_00983,David,Walter,david.walter@gmail.com,El Paso,Deal Seeker
984,CUST_00984,Whitney,Washington,whitney.washington@yahoo.com,Milwaukee,In-Store Regular
985,CUST_00985,Jeffrey,Kim,jeffrey.kim@gmail.com,Mesa,Premium Shopper
986,CUST_00986,Brian,Cox,brian.cox@yahoo.com,Kansas City,Deal Seeker
987,CUST_00987,Jesse,Chavez,jesse.chavez@gmail.com,Chicago,Premium Shopper
988,CUST_00988,Diana,Rogers,diana.rogers@outlook.com,Albuquerque,Deal Seeker
989,CUST_00989,Ryan,Adkins,ryan.adkins@gmail.com,Oakland,First-time Buyer
990,CUST_00990,Andrew,Reid,andrew.reid@gmail.com,Portland,Churn Risk
991,CUST_00991,Joshua,Owens,joshua.owens@gmail.com,Oakland,First-time Buyer
992,CUST_00992,Thomas,Murphy,thomas.murphy@outlook.com,Nashville,Online Shopper
993,CUST_00993,Carol,Hudson,carol.hudson@outlook.com,Fort Worth,First-time Buyer
994,CUST_00994,Faith,Wilson,faith.wilson@yahoo.com,Denver,First-time Buyer
995,CUST_00995,Sean,Wilcox,sean.wilcox@outlook.com,El Paso,First-time Buyer
996,CUST_00996,Ashley,Lowe,ashley.lowe@outlook.com,Baltimore,First-time Buyer
997,CUST_00997,Kevin,Montgomery,kevin.montgomery@outlook.com,Long Beach,Loyal Customer
998,CUST_00998,Kimberly,Garcia,kimberly.garcia@outlook.com,Nashville,Online Shopper
999,CUST_00999,Ashley,Martin,ashley.martin@outlook.com,Virginia Beach,Deal Seeker
1000,CUST_01000,Matthew,Ramos,matthew.ramos@gmail.com,Phoenix,Deal Seeker
1001,CUST_01001,Tammy,Montoya,tammy.montoya@yahoo.com,Louisville,First-time Buyer
1002,CUST_01002,Melissa,Miller,melissa.miller@gmail.com,Tucson,First-time Buyer
1003,CUST_01003,Kari,Hart,kari.hart@outlook.com,Charlotte,First-time Buyer
1004,CUST_01004,David,Lane,david.lane@outlook.com,Sacramento,Occasional Shopper
1005,CUST_01005,Megan,Dodson,megan.dodson@yahoo.com,Boston,Loyal Customer
1006,CUST_01006,Amanda,Foster,amanda.foster@outlook.com,Memphis,Premium Shopper
1007,CUST_01007,Laura,King,laura.king@outlook.com,Omaha,In-Store Regular
1008,CUST_01008,Joshua,Weaver,joshua.weaver@outlook.com,New Orleans,High Value
1009,CUST_01009,Courtney,Berry,courtney.berry@gmail.com,Austin,Online Shopper
1010,CUST_01010,Cathy,Martinez,cathy.martinez@outlook.com,Oakland,Online Shopper
1011,CUST_01011,Richard,Ewing,richard.ewing@yahoo.com,Indianapolis,Online Shopper
1012,CUST_01012,April,Harper,april.harper@yahoo.com,Louisville,Loyal Customer
1013,CUST_01013,Erin,Jackson,erin.jackson@outlook.com,Fort Worth,Online Shopper
1014,CUST_01014,Shaun,Carpenter,shaun.carpenter@gmail.com,Mesa,First-time Buyer
1015,CUST_01015,Shawn,Livingston,shawn.livingston@outlook.com,Oakland,Churn Risk
1016,CUST_01016,Amy,Davidson,amy.davidson@outlook.com,Colorado Springs,High Value
1017,CUST_01017,Brian,Young,brian.young@gmail.com,Fresno,Loyal Customer
1018,CUST_01018,Michael,Williams,michael.williams@outlook.com,Memphis,Budget Shopper
1019,CUST_01019,Brian,Davis,brian.davis@outlook.com,Oklahoma City,Deal Seeker
1020,CUST_01020,Patrick,Doyle,patrick.doyle@yahoo.com,Arlington,Churn Risk
1021,CUST_01021,Matthew,Ramos,matthew.ramos@gmail.com,Charlotte,Churn Risk
1022,CUST_01022,Caleb,Stewart,caleb.stewart@gmail.com,Miami,First-time Buyer
1023,CUST_01023,Carrie,Petersen,carrie.petersen@gmail.com,Phoenix,High Value
1024,CUST_01024,Melissa,Smith,melissa.smith@yahoo.com,Charlotte,Online Shopper
1025,CUST_01025,Benjamin,Carlson,benjamin.carlson@gmail.com,Chicago,Online Shopper
1026,CUST_01026,Tracy,Mckee,tracy.mckee@gmail.com,Fresno,Churn Risk
1027,CUST_01027,Stephanie,Pierce,stephanie.pierce@gmail.com,Fort Worth,Loyal Customer
1028,CUST_01028,Courtney,Gardner,courtney.gardner@gmail.com,Seattle,Loyal Customer
1029,CUST_01029,Jennifer,Clarke,jennifer.clarke@outlook.com,Detroit,Online Shopper
1030,CUST_01030,Yvonne,Boone,yvonne.boone@gmail.com,Sacramento,Occasional Shopper
1031,CUST_01031,Kayla,Gutierrez,kayla.gutierrez@outlook.com,Oklahoma City,Deal Seeker
1032,CUST_01032,Mark,Buchanan,mark.buchanan@gmail.com,Kansas City,Premium Shopper
1033,CUST_01033,Bryan,Dyer,bryan.dyer@outlook.com,Raleigh,In-Store Regular
1034,CUST_01034,Michael,Davis,michael.davis@gmail.com,Milwaukee,Premium Shopper
1035,CUST_01035,Troy,Thomas,troy.thomas@outlook.com,Fresno,High Value
1036,CUST_01036,Shaun,Carter,shaun.carter@yahoo.com,Washington,First-time Buyer
1037,CUST_01037,April,Shaw,april.shaw@gmail.com,Minneapolis,Loyal Customer
1038,CUST_01038,Shannon,Choi,shannon.choi@gmail.com,San Antonio,Churn Risk
1039,CUST_01039,Jake,Baxter,jake.baxter@yahoo.com,Houston,Occasional Shopper
1040,CUST_01040,Angela,Chavez,angela.chavez@yahoo.com,Milwaukee,Loyal Customer
1041,CUST_01041,Ricky,Jensen,ricky.jensen@yahoo.com,Denver,Premium Shopper
1042,CUST_01042,John,Patel,john.patel@gmail.com,Dallas,Budget Shopper
1043,CUST_01043,Amy,Reynolds,amy.reynolds@gmail.com,Philadelphia,High Value
1044,CUST_01044,Brenda,Lee,brenda.lee@yahoo.com,Denver,Budget Shopper
1045,CUST_01045,Heather,Davis,heather.davis@yahoo.com,Denver,Premium Shopper
1046,CUST_01046,David,Freeman,david.freeman@outlook.com,Milwaukee,Online Shopper
1047,CUST_01047,John,Holmes,john.holmes@yahoo.com,Chicago,Occasional Shopper
1048,CUST_01048,Alexandra,Carter,alexandra.carter@gmail.com,Arlington,In-Store Regular
1049,CUST_01049,Shawn,Rasmussen,shawn.rasmussen@yahoo.com,San Jose,Deal Seeker
1050,CUST_01050,Paula,Lee,paula.lee@gmail.com,Seattle,Churn Risk
1051,CUST_01051,Timothy,Washington,timothy.washington@yahoo.com,Charlotte,Occasional Shopper
1052,CUST_01052,David,Williamson,david.williamson@gmail.com,San Jose,High Value
1053,CUST_01053,Mark,Wright,mark.wright@yahoo.com,New York,Premium Shopper
1054,CUST_01054,Tiffany,Simmons,tiffany.simmons@gmail.com,Las Vegas,Deal Seeker
1055,CUST_01055,Mark,Dixon,mark.dixon@gmail.com,San Francisco,Occasional Shopper
1056,CUST_01056,George,Pruitt,george.pruitt@outlook.com,Jacksonville,Churn Risk
1057,CUST_01057,Misty,Young,misty.young@yahoo.com,Portland,Loyal Customer
1058,CUST_01058,Danielle,Jenkins,danielle.jenkins@outlook.com,Columbus,Premium Shopper
1059,CUST_01059,Corey,Thompson,corey.thompson@gmail.com,New York,Deal Seeker
1060,CUST_01060,Stacie,Smith,stacie.smith@yahoo.com,Nashville,Online Shopper
1061,CUST_01061,Joe,Strickland,joe.strickland@outlook.com,Louisville,In-Store Regular
1062,CUST_01062,Jamie,Kennedy,jamie.kennedy@yahoo.com,Jacksonville,First-time Buyer
1063,CUST_01063,Jason,Whitaker,jason.whitaker@outlook.com,New Orleans,Loyal Customer
1064,CUST_01064,Derek,Harris,derek.harris@yahoo.com,Houston,Budget Shopper
1065,CUST_01065,Paul,Fernandez,paul.fernandez@yahoo.com,Tulsa,Premium Shopper
1066,CUST_01066,Gabriel,Russell,gabriel.russell@yahoo.com,Atlanta,Premium Shopper
1067,CUST_01067,Howard,Gonzalez,howard.gonzalez@gmail.com,Memphis,Online Shopper
1068,CUST_01068,John,Hill,john.hill@outlook.com,Virginia Beach,First-time Buyer
1069,CUST_01069,Leah,Adams,leah.adams@outlook.com,Tulsa,In-Store Regular
1070,CUST_01070,David,Everett,david.everett@outlook.com,Boston,High Value
1071,CUST_01071,Teresa,Anderson,teresa.anderson@outlook.com,El Paso,High Value
1072,CUST_01072,Sandra,Chandler,sandra.chandler@gmail.com,Virginia Beach,First-time Buyer
1073,CUST_01073,Latoya,Garza,latoya.garza@outlook.com,Dallas,Budget Shopper
1074,CUST_01074,Bonnie,Mcpherson,bonnie.mcpherson@outlook.com,Sacramento,Churn Risk
1075,CUST_01075,Jerry,Randall,jerry.randall@outlook.com,Detroit,Occasional Shopper
1076,CUST_01076,Jade,Sullivan,jade.sullivan@yahoo.com,Tucson,Loyal Customer
1077,CUST_01077,Denise,Turner,denise.turner@outlook.com,Oakland,Premium Shopper
1078,CUST_01078,Ashley,Stevenson,ashley.stevenson@gmail.com,Long Beach,Budget Shopper
1079,CUST_01079,Shelly,Collins,shelly.collins@outlook.com,Minneapolis,Online Shopper
1080,CUST_01080,Jill,Stokes,jill.stokes@gmail.com,San Jose,Loyal Customer
1081,CUST_01081,Lisa,Collins,lisa.collins@outlook.com,Sacramento,Occasional Shopper
1082,CUST_01082,Christopher,Winters,christopher.winters@yahoo.com,San Diego,Churn Risk
1083,CUST_01083,Devin,Gordon,devin.gordon@yahoo.com,Los Angeles,Occasional Shopper
1084,CUST_01084,Jeremy,Hodge,jeremy.hodge@yahoo.com,Austin,Occasional Shopper
1085,CUST_01085,Katherine,Walker,katherine.walker@gmail.com,Detroit,In-Store Regular
1086,CUST_01086,Ryan,Jones,ryan.jones@outlook.com,Arlington,First-time Buyer
1087,CUST_01087,Jessica,Smith,jessica.smith@outlook.com,Los Angeles,Churn Risk
1088,CUST_01088,Robert,Miller,robert.miller@yahoo.com,El Paso,Loyal Customer
1089,CUST_01089,Tanya,Diaz,tanya.diaz@yahoo.com,Fresno,In-Store Regular
1090,CUST_01090,Casey,Hall,casey.hall@gmail.com,Jacksonville,Premium Shopper
1091,CUST_01091,Stephen,Garcia,stephen.garcia@outlook.com,Mesa,Occasional Shopper
1092,CUST_01092,Patricia,Duncan,patricia.duncan@yahoo.com,Tucson,Deal Seeker
1093,CUST_01093,Richard,Porter,richard.porter@outlook.com,Oklahoma City,Online Shopper
1094,CUST_01094,Andrew,Neal,andrew.neal@yahoo.com,Jacksonville,Online Shopper
1095,CUST_01095,Wesley,Maxwell,wesley.maxwell@outlook.com,Fresno,Deal Seeker
1096,CUST_01096,Megan,Gilmore,megan.gilmore@yahoo.com,Miami,High Value
1097,CUST_01097,Vanessa,Harris,vanessa.harris@outlook.com,Arlington,In-Store Regular
1098,CUST_01098,Jeremy,Lang,jeremy.lang@yahoo.com,San Jose,Churn Risk
1099,CUST_01099,James,Hansen,james.hansen@gmail.com,Charlotte,In-Store Regular
1100,CUST_01100,Donna,Moran,donna.moran@outlook.com,Columbus,First-time Buyer
1101,CUST_01101,David,Arellano,david.arellano@outlook.com,Sacramento,Loyal Customer
1102,CUST_01102,Danny,Henson,danny.henson@gmail.com,Long Beach,Occasional Shopper
1103,CUST_01103,Julia,Ward,julia.ward@gmail.com,Denver,Online Shopper
1104,CUST_01104,Sharon,Allen,sharon.allen@gmail.com,Memphis,High Value
1105,CUST_01105,Gilbert,Cruz,gilbert.cruz@gmail.com,Phoenix,Loyal Customer
1106,CUST_01106,Joseph,Fischer,joseph.fischer@gmail.com,Houston,First-time Buyer
1107,CUST_01107,Luis,Walsh,luis.walsh@outlook.com,Virginia Beach,Deal Seeker
1108,CUST_01108,Sara,Buchanan,sara.buchanan@gmail.com,Detroit,Loyal Customer
1109,CUST_01109,Dana,Vaughn,dana.vaughn@yahoo.com,San Jose,Occasional Shopper
1110,CUST_01110,Ruben,Adams,ruben.adams@gmail.com,Charlotte,Premium Shopper
1111,CUST_01111,Jodi,Thompson,jodi.thompson@yahoo.com,Las Vegas,Budget Shopper
1112,CUST_01112,Linda,Cunningham,linda.cunningham@yahoo.com,Memphis,In-Store Regular
1113,CUST_01113,Russell,Walker,russell.walker@gmail.com,Miami,Premium Shopper
1114,CUST_01114,Stacy,Olsen,stacy.olsen@yahoo.com,Las Vegas,Churn Risk
1115,CUST_01115,Daniel,Schroeder,daniel.schroeder@gmail.com,Omaha,Churn Risk
1116,CUST_01116,Charles,Long,charles.long@yahoo.com,San Jose,Churn Risk
1117,CUST_01117,Cynthia,Wright,cynthia.wright@gmail.com,Phoenix,Premium Shopper
1118,CUST_01118,Wesley,Thompson,wesley.thompson@outlook.com,Indianapolis,Online Shopper
1119,CUST_01119,Melissa,Wagner,melissa.wagner@gmail.com,Denver,Occasional Shopper
1120,CUST_01120,Matthew,Holmes,matthew.holmes@outlook.com,Kansas City,High Value
1121,CUST_01121,Patrick,Lawrence,patrick.lawrence@outlook.com,Fresno,Churn Risk
1122,CUST_01122,Vanessa,Fields,vanessa.fields@gmail.com,Phoenix,Churn Risk
1123,CUST_01123,Charles,Becker,charles.becker@yahoo.com,Albuquerque,Deal Seeker
1124,CUST_01124,Elizabeth,King,elizabeth.king@gmail.com,Minneapolis,Premium Shopper
1125,CUST_01125,Sean,Landry,sean.landry@outlook.com,Fort Worth,Occasional Shopper
1126,CUST_01126,Randy,George,randy.george@gmail.com,Columbus,Churn Risk
1127,CUST_01127,Kayla,Murphy,kayla.murphy@yahoo.com,Fresno,Occasional Shopper
1128,CUST_01128,Shannon,Grant,shannon.grant@yahoo.com,Mesa,Loyal Customer
1129,CUST_01129,Eric,Stanton,eric.stanton@outlook.com,Charlotte,First-time Buyer
1130,CUST_01130,Christy,Ward,christy.ward@yahoo.com,Raleigh,High Value
1131,CUST_01131,Christine,Daniel,christine.daniel@gmail.com,Baltimore,Budget Shopper
1132,CUST_01132,Wesley,Mccarty,wesley.mccarty@outlook.com,Long Beach,Deal Seeker
1133,CUST_01133,Karl,Berry,karl.berry@gmail.com,Long Beach,High Value
1134,CUST_01134,Travis,Brown,travis.brown@outlook.com,New York,Loyal Customer
1135,CUST_01135,Robert,Hays,robert.hays@gmail.com,Oklahoma City,Occasional Shopper
1136,CUST_01136,Jamie,Davis,jamie.davis@outlook.com,Omaha,Budget Shopper
1137,CUST_01137,Michael,Burke,michael.burke@outlook.com,Minneapolis,In-Store Regular
1138,CUST_01138,Shannon,Turner,shannon.turner@gmail.com,Mesa,First-time Buyer
1139,CUST_01139,Diane,Perry,diane.perry@outlook.com,Fresno,In-Store Regular
1140,CUST_01140,Jennifer,Moses,jennifer.moses@yahoo.com,Louisville,Budget Shopper
1141,CUST_01141,Patricia,Leon,patricia.leon@outlook.com,Detroit,Loyal Customer
1142,CUST_01142,Laura,Singh,laura.singh@gmail.com,Colorado Springs,Occasional Shopper
1143,CUST_01143,Stacey,James,stacey.james@yahoo.com,Portland,Loyal Customer
1144,CUST_01144,Cassandra,Washington,cassandra.washington@outlook.com,San Francisco,Occasional Shopper
1145,CUST_01145,Mary,Cobb,mary.cobb@outlook.com,Baltimore,Online Shopper
1146,CUST_01146,Julia,Newman,julia.newman@gmail.com,Virginia Beach,Premium Shopper
1147,CUST_01147,David,Jimenez,david.jimenez@gmail.com,Tampa,Churn Risk
1148,CUST_01148,Richard,Roach,richard.roach@gmail.com,Fresno,In-Store Regular
1149,CUST_01149,Kim,Chen,kim.chen@yahoo.com,Baltimore,Occasional Shopper
1150,CUST_01150,Chad,Mcgee,chad.mcgee@yahoo.com,Long Beach,Premium Shopper
1151,CUST_01151,Jessica,Clark,jessica.clark@yahoo.com,Albuquerque,Deal Seeker
1152,CUST_01152,Mikayla,Rivera,mikayla.rivera@gmail.com,San Jose,Online Shopper
1153,CUST_01153,Danielle,Singh,danielle.singh@yahoo.com,Indianapolis,High Value
1154,CUST_01154,Taylor,Finley,taylor.finley@outlook.com,Miami,First-time Buyer
1155,CUST_01155,Richard,Martin,richard.martin@yahoo.com,Philadelphia,High Value
1156,CUST_01156,Cheryl,Davis,cheryl.davis@gmail.com,Kansas City,First-time Buyer
1157,CUST_01157,Heidi,Smith,heidi.smith@outlook.com,Tulsa,Deal Seeker
1158,CUST_01158,Bonnie,Carney,bonnie.carney@yahoo.com,Philadelphia,Deal Seeker
1159,CUST_01159,Dennis,Lowery,dennis.lowery@yahoo.com,Charlotte,Deal Seeker
1160,CUST_01160,Janice,Perkins,janice.perkins@yahoo.com,El Paso,Churn Risk
1161,CUST_01161,Michelle,Bishop,michelle.bishop@gmail.com,Denver,First-time Buyer
1162,CUST_01162,David,Branch,david.branch@gmail.com,Baltimore,Occasional Shopper
1163,CUST_01163,Charles,Le,charles.le@yahoo.com,San Antonio,Churn Risk
1164,CUST_01164,Jorge,Gould,jorge.gould@outlook.com,Oakland,High Value
1165,CUST_01165,David,Mitchell,david.mitchell@yahoo.com,Kansas City,Loyal Customer
1166,CUST_01166,Mark,Edwards,mark.edwards@gmail.com,Houston,Premium Shopper
1167,CUST_01167,Lisa,Gomez,lisa.gomez@outlook.com,Tulsa,Occasional Shopper
1168,CUST_01168,Lisa,Stephens,lisa.stephens@gmail.com,San Jose,First-time Buyer
1169,CUST_01169,Cody,Boyd,cody.boyd@outlook.com,Tampa,First-time Buyer
1170,CUST_01170,David,Sanders,david.sanders@gmail.com,Los Angeles,Budget Shopper
1171,CUST_01171,Emily,Rowland,emily.rowland@outlook.com,San Jose,High Value
1172,CUST_01172,Amy,Harris,amy.harris@outlook.com,Mesa,First-time Buyer
1173,CUST_01173,Michelle,Baker,michelle.baker@outlook.com,Fresno,Premium Shopper
1174,CUST_01174,Kristina,Butler,kristina.butler@gmail.com,Baltimore,Deal Seeker
1175,CUST_01175,Michael,Butler,michael.butler@gmail.com,Baltimore,Budget Shopper
1176,CUST_01176,Austin,Fuller,austin.fuller@gmail.com,San Antonio,First-time Buyer
1177,CUST_01177,Nathan,Wilson,nathan.wilson@yahoo.com,Jacksonville,Premium Shopper
1178,CUST_01178,Danielle,Wilson,danielle.wilson@outlook.com,Boston,Online Shopper
1179,CUST_01179,Caitlyn,Miller,caitlyn.miller@outlook.com,Jacksonville,First-time Buyer
1180,CUST_01180,Jasmin,Gentry,jasmin.gentry@yahoo.com,San Diego,Occasional Shopper
1181,CUST_01181,Michael,Vasquez,michael.vasquez@outlook.com,Minneapolis,In-Store Regular
1182,CUST_01182,Laura,Cummings,laura.cummings@outlook.com,Portland,Deal Seeker
1183,CUST_01183,Diana,Castillo,diana.castillo@gmail.com,Raleigh,Loyal Customer
1184,CUST_01184,Christopher,Reyes,christopher.reyes@yahoo.com,Nashville,Loyal Customer
1185,CUST_01185,Natalie,Carter,natalie.carter@yahoo.com,Sacramento,Churn Risk
1186,CUST_01186,Lindsay,Wheeler,lindsay.wheeler@gmail.com,Washington,First-time Buyer
1187,CUST_01187,Emily,Mcintosh,emily.mcintosh@yahoo.com,Omaha,Deal Seeker
1188,CUST_01188,Cheyenne,Barnes,cheyenne.barnes@yahoo.com,New York,Occasional Shopper
1189,CUST_01189,James,Vaughn,james.vaughn@outlook.com,Tulsa,High Value
1190,CUST_01190,Jerry,Gross,jerry.gross@outlook.com,Washington,Budget Shopper
1191,CUST_01191,Chad,Smith,chad.smith@yahoo.com,Portland,Churn Risk
1192,CUST_01192,Johnny,Reyes,johnny.reyes@gmail.com,Indianapolis,Online Shopper
1193,CUST_01193,Cheryl,Bailey,cheryl.bailey@yahoo.com,Houston,High Value
1194,CUST_01194,Christina,Ward,christina.ward@gmail.com,El Paso,High Value
1195,CUST_01195,Timothy,Wright,timothy.wright@outlook.com,Los Angeles,Loyal Customer
1196,CUST_01196,Steven,Summers,steven.summers@gmail.com,Colorado Springs,High Value
1197,CUST_01197,Amy,Wang,amy.wang@outlook.com,Phoenix,Churn Risk
1198,CUST_01198,Claire,Dominguez,claire.dominguez@gmail.com,San Antonio,Online Shopper
1199,CUST_01199,Dawn,Adams,dawn.adams@yahoo.com,San Diego,Online Shopper
1200,CUST_01200,Deborah,Ball,deborah.ball@yahoo.com,Baltimore,Occasional Shopper
1201,CUST_01201,Charles,Black,charles.black@outlook.com,Kansas City,Occasional Shopper
1202,CUST_01202,Hector,Montgomery,hector.montgomery@outlook.com,Omaha,Budget Shopper
1203,CUST_01203,James,Berger,james.berger@yahoo.com,Indianapolis,High Value
1204,CUST_01204,James,Davis,james.davis@gmail.com,Phoenix,Online Shopper
1205,CUST_01205,Drew,Fernandez,drew.fernandez@outlook.com,Mesa,Loyal Customer
1206,CUST_01206,Christopher,Farley,christopher.farley@gmail.com,Milwaukee,Deal Seeker
1207,CUST_01207,Anna,Shepherd,anna.shepherd@outlook.com,Omaha,First-time Buyer
1208,CUST_01208,Darren,Mathis,darren.mathis@outlook.com,San Francisco,Premium Shopper
1209,CUST_01209,Nathan,Clayton,nathan.clayton@outlook.com,Long Beach,Churn Risk
1210,CUST_01210,Katrina,Lopez,katrina.lopez@gmail.com,Albuquerque,Online Shopper
1211,CUST_01211,Allison,Pratt,allison.pratt@yahoo.com,Fresno,First-time Buyer
1212,CUST_01212,Billy,Bowman,billy.bowman@yahoo.com,Louisville,Premium Shopper
1213,CUST_01213,Latoya,Williams,latoya.williams@gmail.com,Atlanta,High Value
1214,CUST_01214,Anna,Webster,anna.webster@outlook.com,Arlington,Online Shopper
1215,CUST_01215,Teresa,Diaz,teresa.diaz@yahoo.com,San Diego,Churn Risk
1216,CUST_01216,Rachel,Perez,rachel.perez@outlook.com,Detroit,Online Shopper
1217,CUST_01217,Benjamin,Mueller,benjamin.mueller@outlook.com,San Diego,Premium Shopper
1218,CUST_01218,Maureen,Weaver,maureen.weaver@gmail.com,Sacramento,First-time Buyer
1219,CUST_01219,William,Gordon,william.gordon@gmail.com,Portland,Premium Shopper
1220,CUST_01220,Brandi,Curtis,brandi.curtis@yahoo.com,New York,Deal Seeker
1221,CUST_01221,Jessica,Lutz,jessica.lutz@outlook.com,Charlotte,In-Store Regular
1222,CUST_01222,Rodney,Goodman,rodney.goodman@yahoo.com,El Paso,Churn Risk
1223,CUST_01223,Felicia,Allen,felicia.allen@yahoo.com,Columbus,First-time Buyer
1224,CUST_01224,Lisa,Williams,lisa.williams@gmail.com,Washington,Budget Shopper
1225,CUST_01225,Jordan,Lee,jordan.lee@outlook.com,Fresno,Churn Risk
1226,CUST_01226,James,Flores,james.flores@gmail.com,Austin,Loyal Customer
1227,CUST_01227,Amanda,Shah,amanda.shah@yahoo.com,Fort Worth,Premium Shopper
1228,CUST_01228,Eric,Duncan,eric.duncan@gmail.com,Memphis,Occasional Shopper
1229,CUST_01229,Rachael,Mckay,rachael.mckay@yahoo.com,Kansas City,Deal Seeker
1230,CUST_01230,Maria,Paul,maria.paul@outlook.com,Raleigh,Loyal Customer
1231,CUST_01231,Angela,Romero,angela.romero@gmail.com,Boston,Loyal Customer
1232,CUST_01232,Tiffany,Cain,tiffany.cain@outlook.com,Fresno,Budget Shopper
1233,CUST_01233,April,Park,april.park@outlook.com,Houston,In-Store Regular
1234,CUST_01234,Tiffany,Briggs,tiffany.briggs@gmail.com,Houston,Budget Shopper
1235,CUST_01235,Jason,Allen,jason.allen@outlook.com,Tampa,Deal Seeker
1236,CUST_01236,Julie,Mcdonald,julie.mcdonald@yahoo.com,Arlington,Loyal Customer
1237,CUST_01237,Brian,Williams,brian.williams@gmail.com,Austin,Occasional Shopper
1238,CUST_01238,Marisa,Robertson,marisa.robertson@outlook.com,Tulsa,In-Store Regular
1239,CUST_01239,John,Frey,john.frey@yahoo.com,Atlanta,Churn Risk
1240,CUST_01240,Jessica,Dyer,jessica.dyer@outlook.com,Baltimore,Online Shopper
1241,CUST_01241,Martha,Miranda,martha.miranda@yahoo.com,Albuquerque,In-Store Regular
1242,CUST_01242,Christopher,Hall,christopher.hall@yahoo.com,Portland,Premium Shopper
1243,CUST_01243,Sandra,Warren,sandra.warren@outlook.com,San Jose,Occasional Shopper
1244,CUST_01244,Stephanie,Freeman,stephanie.freeman@yahoo.com,Boston,Premium Shopper
1245,CUST_01245,Kevin,Harris,kevin.harris@outlook.com,Virginia Beach,In-Store Regular
1246,CUST_01246,Kristin,Gould,kristin.gould@gmail.com,Kansas City,In-Store Regular
1247,CUST_01247,Crystal,Dawson,crystal.dawson@yahoo.com,New Orleans,Loyal Customer
1248,CUST_01248,Mary,Contreras,mary.contreras@yahoo.com,Tucson,Online Shopper
1249,CUST_01249,Diana,Miller,diana.miller@gmail.com,Phoenix,Premium Shopper
1250,CUST_01250,Candace,Pollard,candace.pollard@gmail.com,San Antonio,Churn Risk
1251,CUST_01251,Jeremy,Rodriguez,jeremy.rodriguez@yahoo.com,Milwaukee,Churn Risk
1252,CUST_01252,Angel,Robertson,angel.robertson@outlook.com,Colorado Springs,Online Shopper
1253,CUST_01253,Alexa,Christian,alexa.christian@outlook.com,New York,Premium Shopper
1254,CUST_01254,Kimberly,Kent,kimberly.kent@outlook.com,Boston,Budget Shopper
1255,CUST_01255,Michael,Rocha,michael.rocha@outlook.com,Mesa,Premium Shopper
1256,CUST_01256,Craig,Robertson,craig.robertson@yahoo.com,Austin,Budget Shopper
1257,CUST_01257,Shaun,Perry,shaun.perry@gmail.com,Long Beach,In-Store Regular
1258,CUST_01258,Benjamin,Williams,benjamin.williams@gmail.com,Tucson,First-time Buyer
1259,CUST_01259,Jesse,Abbott,jesse.abbott@yahoo.com,Jacksonville,In-Store Regular
1260,CUST_01260,Kevin,Lara,kevin.lara@yahoo.com,Mesa,Deal Seeker
1261,CUST_01261,Christian,Wyatt,christian.wyatt@outlook.com,Atlanta,High Value
1262,CUST_01262,Mary,Davis,mary.davis@gmail.com,San Diego,Budget Shopper
1263,CUST_01263,Linda,Wolf,linda.wolf@outlook.com,Tulsa,Occasional Shopper
1264,CUST_01264,Dana,Singh,dana.singh@outlook.com,Los Angeles,Premium Shopper
1265,CUST_01265,Donald,Graham,donald.graham@outlook.com,Los Angeles,Churn Risk
1266,CUST_01266,Ryan,Reyes,ryan.reyes@outlook.com,Miami,High Value
1267,CUST_01267,Michael,Griffin,michael.griffin@gmail.com,Fort Worth,Churn Risk
1268,CUST_01268,Nicole,Huber,nicole.huber@outlook.com,Los Angeles,Budget Shopper
1269,CUST_01269,Jasmine,Griffin,jasmine.griffin@gmail.com,Long Beach,High Value
1270,CUST_01270,Paul,Velazquez,paul.velazquez@outlook.com,Columbus,First-time Buyer
1271,CUST_01271,Shannon,Smith,shannon.smith@yahoo.com,Las Vegas,In-Store Regular
1272,CUST_01272,Brent,Gray,brent.gray@yahoo.com,Oakland,Deal Seeker
1273,CUST_01273,John,Taylor,john.taylor@yahoo.com,El Paso,First-time Buyer
1274,CUST_01274,Lisa,Pacheco,lisa.pacheco@yahoo.com,Nashville,Budget Shopper
1275,CUST_01275,Brenda,Valentine,brenda.valentine@gmail.com,Columbus,Premium Shopper
1276,CUST_01276,William,Hopkins,william.hopkins@outlook.com,Las Vegas,Occasional Shopper
1277,CUST_01277,Sara,Stewart,sara.stewart@gmail.com,Fresno,Budget Shopper
1278,CUST_01278,Tim,Vaughn,tim.vaughn@outlook.com,Oakland,Loyal Customer
1279,CUST_01279,Brenda,Harmon,brenda.harmon@yahoo.com,Mesa,High Value
1280,CUST_01280,Erica,Crosby,erica.crosby@gmail.com,Memphis,In-Store Regular
1281,CUST_01281,Melissa,Torres,melissa.torres@outlook.com,Indianapolis,Loyal Customer
1282,CUST_01282,Edward,Torres,edward.torres@outlook.com,Virginia Beach,Deal Seeker
1283,CUST_01283,Eric,Reyes,eric.reyes@gmail.com,San Diego,Online Shopper
1284,CUST_01284,Matthew,Fischer,matthew.fischer@yahoo.com,Mesa,Budget Shopper
1285,CUST_01285,Tiffany,Allen,tiffany.allen@yahoo.com,Phoenix,High Value
1286,CUST_01286,James,Brady,james.brady@yahoo.com,Nashville,Premium Shopper
1287,CUST_01287,Robert,Stewart,robert.stewart@outlook.com,Mesa,First-time Buyer
1288,CUST_01288,Steven,Summers,steven.summers@outlook.com,Phoenix,In-Store Regular
1289,CUST_01289,Christopher,Patel,christopher.patel@yahoo.com,San Diego,Online Shopper
1290,CUST_01290,Gregory,Reyes,gregory.reyes@gmail.com,Tulsa,Budget Shopper
1291,CUST_01291,Katrina,Lopez,katrina.lopez@outlook.com,San Antonio,Online Shopper
1292,CUST_01292,Marcus,Mckinney,marcus.mckinney@yahoo.com,Atlanta,High Value
1293,CUST_01293,Andrea,Cole,andrea.cole@gmail.com,San Antonio,Deal Seeker
1294,CUST_01294,Dennis,Nelson,dennis.nelson@outlook.com,Denver,Occasional Shopper
1295,CUST_01295,Matthew,Long,matthew.long@outlook.com,Seattle,Premium Shopper
1296,CUST_01296,Michael,Hurley,michael.hurley@outlook.com,Memphis,Deal Seeker
1297,CUST_01297,Thomas,Grant,thomas.grant@yahoo.com,Long Beach,Deal Seeker
1298,CUST_01298,Linda,Booker,linda.booker@yahoo.com,Omaha,High Value
1299,CUST_01299,Cody,Avery,cody.avery@yahoo.com,Boston,Online Shopper
1300,CUST_01300,Scott,Villa,scott.villa@gmail.com,Chicago,Deal Seeker
1301,CUST_01301,Melissa,Russo,melissa.russo@yahoo.com,Indianapolis,First-time Buyer
1302,CUST_01302,Lance,Russell,lance.russell@yahoo.com,Chicago,Occasional Shopper
1303,CUST_01303,Laurie,Smith,laurie.smith@outlook.com,Dallas,Occasional Shopper
1304,CUST_01304,Anthony,Espinoza,anthony.espinoza@outlook.com,Tampa,First-time Buyer
1305,CUST_01305,Matthew,Cooke,matthew.cooke@yahoo.com,Detroit,High Value
1306,CUST_01306,Robert,Lopez,robert.lopez@gmail.com,Denver,First-time Buyer
1307,CUST_01307,Lisa,Williams,lisa.williams@yahoo.com,Nashville,High Value
1308,CUST_01308,Kimberly,Smith,kimberly.smith@gmail.com,Chicago,Online Shopper
1309,CUST_01309,Alexandra,Scott,alexandra.scott@gmail.com,Fort Worth,Budget Shopper
1310,CUST_01310,Jay,Valentine,jay.valentine@gmail.com,Sacramento,Occasional Shopper
1311,CUST_01311,Jason,Pittman,jason.pittman@gmail.com,Tulsa,Online Shopper
1312,CUST_01312,Paul,Castillo,paul.castillo@gmail.com,Tucson,Occasional Shopper
1313,CUST_01313,Regina,Richard,regina.richard@gmail.com,Memphis,Churn Risk
1314,CUST_01314,Margaret,Mclaughlin,margaret.mclaughlin@outlook.com,Phoenix,In-Store Regular
1315,CUST_01315,Richard,Thompson,richard.thompson@yahoo.com,Detroit,In-Store Regular
1316,CUST_01316,Ryan,Johnson,ryan.johnson@yahoo.com,Kansas City,In-Store Regular
1317,CUST_01317,Laura,Delgado,laura.delgado@outlook.com,Minneapolis,Premium Shopper
1318,CUST_01318,Charlotte,Rodriguez,charlotte.rodriguez@outlook.com,Atlanta,Churn Risk
1319,CUST_01319,Steven,Bailey,steven.bailey@yahoo.com,Milwaukee,Loyal Customer
1320,CUST_01320,Sabrina,Graham,sabrina.graham@yahoo.com,Chicago,Churn Risk
1321,CUST_01321,Christopher,Sims,christopher.sims@yahoo.com,Milwaukee,Occasional Shopper
1322,CUST_01322,David,Thompson,david.thompson@yahoo.com,San Diego,Occasional Shopper
1323,CUST_01323,Jamie,Davis,jamie.davis@gmail.com,Tulsa,Online Shopper
1324,CUST_01324,David,Melton,david.melton@yahoo.com,Long Beach,In-Store Regular
1325,CUST_01325,Diane,Bell,diane.bell@outlook.com,Louisville,First-time Buyer
1326,CUST_01326,Jamie,Simon,jamie.simon@outlook.com,Los Angeles,Occasional Shopper
1327,CUST_01327,Ricardo,Adams,ricardo.adams@yahoo.com,Atlanta,Premium Shopper
1328,CUST_01328,Daniel,Torres,daniel.torres@outlook.com,New York,Loyal Customer
1329,CUST_01329,Bryan,Warren,bryan.warren@yahoo.com,Fort Worth,First-time Buyer
1330,CUST_01330,Walter,Gonzalez,walter.gonzalez@gmail.com,Oklahoma City,In-Store Regular
1331,CUST_01331,Scott,Chen,scott.chen@gmail.com,Oakland,In-Store Regular
1332,CUST_01332,Linda,Floyd,linda.floyd@yahoo.com,Nashville,Budget Shopper
1333,CUST_01333,Rebecca,Alvarado,rebecca.alvarado@outlook.com,Louisville,In-Store Regular
1334,CUST_01334,Dylan,Schneider,dylan.schneider@yahoo.com,Oklahoma City,Premium Shopper
1335,CUST_01335,Richard,Haley,richard.haley@yahoo.com,Baltimore,Occasional Shopper
1336,CUST_01336,Donna,Jennings,donna.jennings@outlook.com,Columbus,Occasional Shopper
1337,CUST_01337,Donald,Edwards,donald.edwards@gmail.com,Milwaukee,Loyal Customer
1338,CUST_01338,Harold,Morris,harold.morris@gmail.com,Arlington,Churn Risk
1339,CUST_01339,Adrian,Holt,adrian.holt@yahoo.com,San Jose,Occasional Shopper
1340,CUST_01340,Andrew,Atkinson,andrew.atkinson@gmail.com,New York,Deal Seeker
1341,CUST_01341,Joyce,Williams,joyce.williams@gmail.com,New York,In-Store Regular
1342,CUST_01342,Matthew,Coleman,matthew.coleman@gmail.com,Phoenix,Premium Shopper
1343,CUST_01343,Nicholas,Atkins,nicholas.atkins@yahoo.com,Virginia Beach,Deal Seeker
1344,CUST_01344,Leah,Jensen,leah.jensen@outlook.com,Baltimore,High Value
1345,CUST_01345,Ashley,Smith,ashley.smith@yahoo.com,Minneapolis,High Value
1346,CUST_01346,James,Wyatt,james.wyatt@gmail.com,Tampa,High Value
1347,CUST_01347,Debbie,Davis,debbie.davis@outlook.com,Austin,Budget Shopper
1348,CUST_01348,Justin,Martin,justin.martin@gmail.com,Virginia Beach,Loyal Customer
1349,CUST_01349,Sandra,Arnold,sandra.arnold@outlook.com,San Diego,Budget Shopper
1350,CUST_01350,Mark,White,mark.white@outlook.com,Albuquerque,Deal Seeker
1351,CUST_01351,Emily,Craig,emily.craig@outlook.com,Tampa,Premium Shopper
1352,CUST_01352,William,Haley,william.haley@yahoo.com,Los Angeles,Budget Shopper
1353,CUST_01353,Jennifer,Bolton,jennifer.bolton@yahoo.com,Miami,Premium Shopper
1354,CUST_01354,Erin,Smith,erin.smith@gmail.com,Nashville,First-time Buyer
1355,CUST_01355,Jennifer,Ross,jennifer.ross@gmail.com,Sacramento,Occasional Shopper
1356,CUST_01356,Dorothy,Brady,dorothy.brady@yahoo.com,Milwaukee,Churn Risk
1357,CUST_01357,Mark,Thompson,mark.thompson@outlook.com,Omaha,In-Store Regular
1358,CUST_01358,Nicole,Payne,nicole.payne@outlook.com,Portland,Occasional Shopper
1359,CUST_01359,Emily,Gonzalez,emily.gonzalez@gmail.com,San Diego,Occasional Shopper
1360,CUST_01360,Howard,Wright,howard.wright@gmail.com,El Paso,Loyal Customer
1361,CUST_01361,Mitchell,Jacobs,mitchell.jacobs@yahoo.com,Milwaukee,Online Shopper
1362,CUST_01362,Daniel,Dougherty,daniel.dougherty@yahoo.com,Denver,Budget Shopper
1363,CUST_01363,Jessica,Moran,jessica.moran@yahoo.com,El Paso,High Value
1364,CUST_01364,Cassandra,Cross,cassandra.cross@gmail.com,Washington,First-time Buyer
1365,CUST_01365,Cathy,Thompson,cathy.thompson@yahoo.com,Dallas,Deal Seeker
1366,CUST_01366,Daniel,Garcia,daniel.garcia@yahoo.com,New York,Online Shopper
1367,CUST_01367,Aaron,Walker,aaron.walker@gmail.com,Omaha,Online Shopper
1368,CUST_01368,George,Carrillo,george.carrillo@outlook.com,Tulsa,Premium Shopper
1369,CUST_01369,Alexandra,Cohen,alexandra.cohen@outlook.com,Denver,Occasional Shopper
1370,CUST_01370,Chelsea,Copeland,chelsea.copeland@outlook.com,Nashville,High Value
1371,CUST_01371,Shelly,Graham,shelly.graham@gmail.com,Albuquerque,Online Shopper
1372,CUST_01372,Michele,Schmitt,michele.schmitt@gmail.com,Kansas City,Premium Shopper
1373,CUST_01373,James,Hill,james.hill@gmail.com,Tampa,Churn Risk
1374,CUST_01374,Timothy,Jones,timothy.jones@yahoo.com,Atlanta,Budget Shopper
1375,CUST_01375,Patricia,Osborne,patricia.osborne@gmail.com,New York,Churn Risk
1376,CUST_01376,Tammy,Acosta,tammy.acosta@outlook.com,Austin,First-time Buyer
1377,CUST_01377,Shane,Carter,shane.carter@gmail.com,Tulsa,Online Shopper
1378,CUST_01378,Adrienne,Nichols,adrienne.nichols@outlook.com,Virginia Beach,Premium Shopper
1379,CUST_01379,Amy,Thompson,amy.thompson@outlook.com,Las Vegas,Loyal Customer
1380,CUST_01380,Ruben,Aguilar,ruben.aguilar@gmail.com,Tampa,Churn Risk
1381,CUST_01381,Matthew,Wright,matthew.wright@gmail.com,Mesa,High Value
1382,CUST_01382,Robert,Gibson,robert.gibson@yahoo.com,Tucson,Deal Seeker
1383,CUST_01383,Jonathan,Johnson,jonathan.johnson@yahoo.com,Tucson,Loyal Customer
1384,CUST_01384,Tristan,Randall,tristan.randall@gmail.com,Arlington,Churn Risk
1385,CUST_01385,Yvonne,Hendricks,yvonne.hendricks@gmail.com,Denver,Online Shopper
1386,CUST_01386,Chelsea,Lopez,chelsea.lopez@yahoo.com,San Jose,Occasional Shopper
1387,CUST_01387,Ashley,Conrad,ashley.conrad@yahoo.com,Austin,Online Shopper
1388,CUST_01388,Melanie,Sutton,melanie.sutton@yahoo.com,Tampa,Loyal Customer
1389,CUST_01389,Raymond,Stewart,raymond.stewart@gmail.com,San Antonio,Churn Risk
1390,CUST_01390,James,Smith,james.smith@yahoo.com,Dallas,Churn Risk
1391,CUST_01391,Misty,Anderson,misty.anderson@outlook.com,Mesa,High Value
1392,CUST_01392,David,Sherman,david.sherman@outlook.com,El Paso,Churn Risk
1393,CUST_01393,Noah,Skinner,noah.skinner@gmail.com,Washington,High Value
1394,CUST_01394,Wendy,Smith,wendy.smith@gmail.com,New York,First-time Buyer
1395,CUST_01395,Michelle,Young,michelle.young@gmail.com,San Diego,Premium Shopper
1396,CUST_01396,Robert,Briggs,robert.briggs@gmail.com,Houston,Budget Shopper
1397,CUST_01397,Nicole,Horton,nicole.horton@outlook.com,New York,Budget Shopper
1398,CUST_01398,Cathy,Adams,cathy.adams@outlook.com,Fort Worth,Budget Shopper
1399,CUST_01399,Patrick,Randall,patrick.randall@gmail.com,Milwaukee,Churn Risk
1400,CUST_01400,Thomas,Medina,thomas.medina@gmail.com,San Diego,Online Shopper
1401,CUST_01401,Nicole,Duran,nicole.duran@gmail.com,Columbus,Premium Shopper
1402,CUST_01402,Chris,Petersen,chris.petersen@outlook.com,Tulsa,Budget Shopper
1403,CUST_01403,Nicholas,White,nicholas.white@outlook.com,San Jose,Deal Seeker
1404,CUST_01404,Mikayla,Jackson,mikayla.jackson@yahoo.com,Minneapolis,Churn Risk
1405,CUST_01405,Lindsay,Cooper,lindsay.cooper@gmail.com,Phoenix,Occasional Shopper
1406,CUST_01406,Kayla,King,kayla.king@yahoo.com,Milwaukee,Churn Risk
1407,CUST_01407,Marc,Hogan,marc.hogan@yahoo.com,Portland,Occasional Shopper
1408,CUST_01408,Ethan,Camacho,ethan.camacho@outlook.com,San Diego,High Value
1409,CUST_01409,Timothy,Fowler,timothy.fowler@gmail.com,New Orleans,Deal Seeker
1410,CUST_01410,Sarah,King,sarah.king@outlook.com,El Paso,Online Shopper
1411,CUST_01411,Alyssa,Freeman,alyssa.freeman@outlook.com,Oklahoma City,Premium Shopper
1412,CUST_01412,Tina,Davis,tina.davis@gmail.com,Tulsa,First-time Buyer
1413,CUST_01413,Breanna,Cox,breanna.cox@yahoo.com,Nashville,Online Shopper
1414,CUST_01414,Garrett,Obrien,garrett.obrien@gmail.com,Tampa,Occasional Shopper
1415,CUST_01415,Melissa,Bauer,melissa.bauer@gmail.com,Tampa,Churn Risk
1416,CUST_01416,Kevin,Smith,kevin.smith@outlook.com,Philadelphia,In-Store Regular
1417,CUST_01417,Tiffany,Harmon,tiffany.harmon@gmail.com,Dallas,Occasional Shopper
1418,CUST_01418,Nathan,Walker,nathan.walker@gmail.com,Houston,Deal Seeker
1419,CUST_01419,Anthony,Kim,anthony.kim@yahoo.com,Washington,First-time Buyer
1420,CUST_01420,David,Jones,david.jones@gmail.com,San Francisco,Loyal Customer
1421,CUST_01421,Christine,Mitchell,christine.mitchell@gmail.com,Sacramento,Budget Shopper
1422,CUST_01422,Paula,Mayo,paula.mayo@gmail.com,New York,Online Shopper
1423,CUST_01423,Sara,Rodriguez,sara.rodriguez@yahoo.com,Miami,Occasional Shopper
1424,CUST_01424,Michael,Holmes,michael.holmes@yahoo.com,Omaha,Budget Shopper
1425,CUST_01425,Michael,Coleman,michael.coleman@gmail.com,Houston,Loyal Customer
1426,CUST_01426,Stephen,Jackson,stephen.jackson@outlook.com,Mesa,In-Store Regular
1427,CUST_01427,Penny,Leonard,penny.leonard@outlook.com,Arlington,High Value
1428,CUST_01428,Michelle,Hopkins,michelle.hopkins@outlook.com,Albuquerque,Online Shopper
1429,CUST_01429,David,Spears,david.spears@gmail.com,Las Vegas,Online Shopper
1430,CUST_01430,Hector,Spears,hector.spears@yahoo.com,Tampa,High Value
1431,CUST_01431,Margaret,Blankenship,margaret.blankenship@gmail.com,Los Angeles,High Value
1432,CUST_01432,Rachel,Herrera,rachel.herrera@gmail.com,Houston,First-time Buyer
1433,CUST_01433,Daniel,Elliott,daniel.elliott@gmail.com,Tulsa,Deal Seeker
1434,CUST_01434,Dennis,Sanders,dennis.sanders@gmail.com,Washington,Premium Shopper
1435,CUST_01435,Jerry,Hill,jerry.hill@outlook.com,Mesa,Churn Risk
1436,CUST_01436,Carolyn,Higgins,carolyn.higgins@outlook.com,Columbus,Churn Risk
1437,CUST_01437,Christopher,Richardson,christopher.richardson@gmail.com,Indianapolis,Online Shopper
1438,CUST_01438,Jennifer,Williams,jennifer.williams@yahoo.com,El Paso,Churn Risk
1439,CUST_01439,Robert,Forbes,robert.forbes@yahoo.com,Phoenix,Budget Shopper
1440,CUST_01440,Lisa,Chapman,lisa.chapman@gmail.com,Fort Worth,Premium Shopper
1441,CUST_01441,Justin,Ortiz,justin.ortiz@yahoo.com,Colorado Springs,Premium Shopper
1442,CUST_01442,Guy,Reese,guy.reese@gmail.com,Raleigh,Premium Shopper
1443,CUST_01443,Marcus,Young,marcus.young@yahoo.com,Tucson,Churn Risk
1444,CUST_01444,Janice,Murphy,janice.murphy@gmail.com,Austin,Premium Shopper
1445,CUST_01445,Jamie,Mcguire,jamie.mcguire@yahoo.com,Colorado Springs,In-Store Regular
1446,CUST_01446,Lisa,Case,lisa.case@gmail.com,Washington,Occasional Shopper
1447,CUST_01447,Darren,Clark,darren.clark@yahoo.com,Fresno,Premium Shopper
1448,CUST_01448,Samantha,Torres,samantha.torres@outlook.com,Philadelphia,In-Store Regular
1449,CUST_01449,Michael,Flores,michael.flores@outlook.com,San Antonio,High Value
1450,CUST_01450,Stacey,Fowler,stacey.fowler@outlook.com,New Orleans,Churn Risk
1451,CUST_01451,Katherine,Stewart,katherine.stewart@outlook.com,Denver,Premium Shopper
1452,CUST_01452,Bobby,Rodriguez,bobby.rodriguez@gmail.com,Oklahoma City,Deal Seeker
1453,CUST_01453,Sherry,Contreras,sherry.contreras@outlook.com,Las Vegas,High Value
1454,CUST_01454,Samantha,Pineda,samantha.pineda@yahoo.com,Las Vegas,Churn Risk
1455,CUST_01455,Jessica,Morgan,jessica.morgan@outlook.com,Portland,Occasional Shopper
1456,CUST_01456,Warren,Stevens,warren.stevens@yahoo.com,Milwaukee,Online Shopper
1457,CUST_01457,Denise,Hess,denise.hess@gmail.com,Albuquerque,Budget Shopper
1458,CUST_01458,Sarah,Vazquez,sarah.vazquez@gmail.com,Tucson,First-time Buyer
1459,CUST_01459,Maria,Williams,maria.williams@gmail.com,Boston,In-Store Regular
1460,CUST_01460,Jennifer,Alvarez,jennifer.alvarez@gmail.com,Fort Worth,Premium Shopper
1461,CUST_01461,Charles,Tucker,charles.tucker@yahoo.com,New Orleans,In-Store Regular
1462,CUST_01462,Lauren,Flynn,lauren.flynn@gmail.com,New York,Churn Risk
1463,CUST_01463,Jennifer,Hall,jennifer.hall@gmail.com,New Orleans,Online Shopper
1464,CUST_01464,Jonathan,Davis,jonathan.davis@gmail.com,Boston,Occasional Shopper
1465,CUST_01465,Elizabeth,Phelps,elizabeth.phelps@yahoo.com,Virginia Beach,Premium Shopper
1466,CUST_01466,Monique,Kelley,monique.kelley@yahoo.com,Baltimore,In-Store Regular
1467,CUST_01467,Riley,Gutierrez,riley.gutierrez@yahoo.com,Mesa,Occasional Shopper
1468,CUST_01468,Gloria,Farrell,gloria.farrell@gmail.com,Denver,Loyal Customer
1469,CUST_01469,Cassandra,Griffin,cassandra.griffin@gmail.com,Albuquerque,Loyal Customer
1470,CUST_01470,Megan,Hicks,megan.hicks@yahoo.com,El Paso,First-time Buyer
1471,CUST_01471,Joseph,Mcdaniel,joseph.mcdaniel@outlook.com,Boston,First-time Buyer
1472,CUST_01472,Tiffany,Evans,tiffany.evans@gmail.com,Oakland,Occasional Shopper
1473,CUST_01473,Sarah,Wheeler,sarah.wheeler@gmail.com,Washington,Churn Risk
1474,CUST_01474,Elizabeth,Williamson,elizabeth.williamson@gmail.com,Miami,Churn Risk
1475,CUST_01475,Kimberly,Hernandez,kimberly.hernandez@yahoo.com,Chicago,In-Store Regular
1476,CUST_01476,Wanda,Davis,wanda.davis@gmail.com,Louisville,Deal Seeker
1477,CUST_01477,Maria,Taylor,maria.taylor@outlook.com,Columbus,In-Store Regular
1478,CUST_01478,Thomas,Vega,thomas.vega@outlook.com,Fort Worth,High Value
1479,CUST_01479,Jorge,Miller,jorge.miller@yahoo.com,Tucson,Loyal Customer
1480,CUST_01480,Kevin,Gonzalez,kevin.gonzalez@outlook.com,Raleigh,Budget Shopper
1481,CUST_01481,Melissa,Taylor,melissa.taylor@outlook.com,Mesa,First-time Buyer
1482,CUST_01482,Timothy,Fletcher,timothy.fletcher@yahoo.com,Tulsa,Premium Shopper
1483,CUST_01483,Jamie,Henderson,jamie.henderson@gmail.com,Philadelphia,Occasional Shopper
1484,CUST_01484,Tim,Daugherty,tim.daugherty@yahoo.com,Boston,Budget Shopper
1485,CUST_01485,Kevin,Evans,kevin.evans@yahoo.com,Virginia Beach,Deal Seeker
1486,CUST_01486,Brandon,Lee,brandon.lee@outlook.com,Louisville,High Value
1487,CUST_01487,Taylor,Ho,taylor.ho@gmail.com,Oakland,Deal Seeker
1488,CUST_01488,Denise,Hunt,denise.hunt@yahoo.com,Indianapolis,In-Store Regular
1489,CUST_01489,Bridget,Lambert,bridget.lambert@outlook.com,Miami,Churn Risk
1490,CUST_01490,Daniel,Wolf,daniel.wolf@yahoo.com,Fort Worth,Deal Seeker
1491,CUST_01491,John,Hickman,john.hickman@gmail.com,Albuquerque,First-time Buyer
1492,CUST_01492,Nicholas,Powell,nicholas.powell@yahoo.com,Boston,Occasional Shopper
1493,CUST_01493,Donna,Snow,donna.snow@gmail.com,Dallas,In-Store Regular
1494,CUST_01494,Amanda,Jones,amanda.jones@yahoo.com,Tucson,Premium Shopper
1495,CUST_01495,Frederick,Hill,frederick.hill@yahoo.com,Phoenix,Deal Seeker
1496,CUST_01496,William,Lee,william.lee@gmail.com,San Diego,Online Shopper
1497,CUST_01497,Matthew,Ramos,matthew.ramos@yahoo.com,El Paso,Loyal Customer
1498,CUST_01498,Cody,Thompson,cody.thompson@yahoo.com,Austin,Occasional Shopper
1499,CUST_01499,Benjamin,Craig,benjamin.craig@outlook.com,San Diego,Online Shopper
1500,CUST_01500,Christopher,Smith,christopher.smith@yahoo.com,Charlotte,In-Store Regular
1501,CUST_01501,Amy,Gardner,amy.gardner@gmail.com,Los Angeles,Online Shopper
1502,CUST_01502,Eric,Johnson,eric.johnson@outlook.com,Minneapolis,First-time Buyer
1503,CUST_01503,Dawn,Kennedy,dawn.kennedy@outlook.com,Milwaukee,Premium Shopper
1504,CUST_01504,Martin,Banks,martin.banks@gmail.com,Las Vegas,Online Shopper
1505,CUST_01505,Aaron,Smith,aaron.smith@outlook.com,Seattle,Budget Shopper
1506,CUST_01506,Melissa,Conner,melissa.conner@gmail.com,Albuquerque,Budget Shopper
1507,CUST_01507,Paul,Hunter,paul.hunter@yahoo.com,Minneapolis,Budget Shopper
1508,CUST_01508,Samantha,Klein,samantha.klein@outlook.com,Atlanta,High Value
1509,CUST_01509,Derrick,Wilson,derrick.wilson@gmail.com,Baltimore,High Value
1510,CUST_01510,James,Evans,james.evans@outlook.com,Austin,First-time Buyer
1511,CUST_01511,Matthew,Hanna,matthew.hanna@yahoo.com,Atlanta,In-Store Regular
1512,CUST_01512,Mary,Austin,mary.austin@outlook.com,Raleigh,Online Shopper
1513,CUST_01513,Daniel,Blackwell,daniel.blackwell@gmail.com,Miami,Deal Seeker
1514,CUST_01514,Leslie,Fernandez,leslie.fernandez@outlook.com,San Antonio,High Value
1515,CUST_01515,Angel,Norris,angel.norris@gmail.com,Mesa,Deal Seeker
1516,CUST_01516,Sheila,Evans,sheila.evans@gmail.com,Dallas,Loyal Customer
1517,CUST_01517,Kevin,Medina,kevin.medina@outlook.com,Nashville,First-time Buyer
1518,CUST_01518,Michelle,Scott,michelle.scott@outlook.com,Sacramento,First-time Buyer
1519,CUST_01519,Gloria,Smith,gloria.smith@yahoo.com,Atlanta,Occasional Shopper
1520,CUST_01520,Melinda,James,melinda.james@yahoo.com,Tampa,Loyal Customer
1521,CUST_01521,Jeremy,Barrett,jeremy.barrett@yahoo.com,Minneapolis,First-time Buyer
1522,CUST_01522,Megan,Crawford,megan.crawford@yahoo.com,Nashville,Occasional Shopper
1523,CUST_01523,Connie,King,connie.king@gmail.com,Long Beach,In-Store Regular
1524,CUST_01524,Joseph,Bennett,joseph.bennett@gmail.com,Baltimore,In-Store Regular
1525,CUST_01525,Jeffrey,Kennedy,jeffrey.kennedy@outlook.com,Miami,Premium Shopper
1526,CUST_01526,Tonya,Kidd,tonya.kidd@gmail.com,Oakland,Premium Shopper
1527,CUST_01527,Brian,Lewis,brian.lewis@gmail.com,Omaha,In-Store Regular
1528,CUST_01528,Shelby,Kidd,shelby.kidd@yahoo.com,Nashville,Deal Seeker
1529,CUST_01529,Madison,Fox,madison.fox@yahoo.com,Arlington,First-time Buyer
1530,CUST_01530,Louis,Cook,louis.cook@yahoo.com,Nashville,Premium Shopper
1531,CUST_01531,Valerie,Keller,valerie.keller@gmail.com,Minneapolis,Online Shopper
1532,CUST_01532,Ann,Cox,ann.cox@yahoo.com,Minneapolis,In-Store Regular
1533,CUST_01533,David,Middleton,david.middleton@gmail.com,Baltimore,Premium Shopper
1534,CUST_01534,Rachel,Stafford,rachel.stafford@outlook.com,Seattle,In-Store Regular
1535,CUST_01535,Robert,Martinez,robert.martinez@yahoo.com,Houston,In-Store Regular
1536,CUST_01536,Nicole,Reid,nicole.reid@outlook.com,San Diego,First-time Buyer
1537,CUST_01537,Brendan,Matthews,brendan.matthews@yahoo.com,Virginia Beach,In-Store Regular
1538,CUST_01538,Nicholas,Hutchinson,nicholas.hutchinson@outlook.com,Houston,High Value
1539,CUST_01539,Daniel,Williams,daniel.williams@outlook.com,Philadelphia,In-Store Regular
1540,CUST_01540,Alexander,Johnson,alexander.johnson@yahoo.com,San Francisco,Occasional Shopper
1541,CUST_01541,Jason,Knight,jason.knight@yahoo.com,Colorado Springs,Occasional Shopper
1542,CUST_01542,Michael,Powell,michael.powell@gmail.com,Milwaukee,Online Shopper
1543,CUST_01543,Bryan,Holloway,bryan.holloway@yahoo.com,Albuquerque,Premium Shopper
1544,CUST_01544,Timothy,Jones,timothy.jones@yahoo.com,Arlington,In-Store Regular
1545,CUST_01545,Ian,Parks,ian.parks@outlook.com,Louisville,Deal Seeker
1546,CUST_01546,Barry,King,barry.king@outlook.com,Virginia Beach,Loyal Customer
1547,CUST_01547,Noah,Anderson,noah.anderson@outlook.com,Jacksonville,Deal Seeker
1548,CUST_01548,Linda,Hamilton,linda.hamilton@yahoo.com,Sacramento,Deal Seeker
1549,CUST_01549,John,Howell,john.howell@gmail.com,Fresno,Deal Seeker
1550,CUST_01550,Steven,Hill,steven.hill@yahoo.com,Albuquerque,Premium Shopper
1551,CUST_01551,Amanda,Nolan,amanda.nolan@yahoo.com,San Diego,Loyal Customer
1552,CUST_01552,Steven,Robinson,steven.robinson@outlook.com,Indianapolis,Occasional Shopper
1553,CUST_01553,Roger,Nguyen,roger.nguyen@outlook.com,Kansas City,Online Shopper
1554,CUST_01554,Caleb,Wallace,caleb.wallace@gmail.com,Oklahoma City,Churn Risk
1555,CUST_01555,Amy,Odonnell,amy.odonnell@outlook.com,Columbus,Premium Shopper
1556,CUST_01556,Brandon,Ellis,brandon.ellis@yahoo.com,San Francisco,First-time Buyer
1557,CUST_01557,Laura,Graves,laura.graves@outlook.com,Miami,In-Store Regular
1558,CUST_01558,Shawn,Miller,shawn.miller@gmail.com,New York,Loyal Customer
1559,CUST_01559,Glenn,Morse,glenn.morse@outlook.com,Omaha,Online Shopper
1560,CUST_01560,Ronald,Howard,ronald.howard@outlook.com,Las Vegas,Deal Seeker
1561,CUST_01561,Jill,Brown,jill.brown@gmail.com,Virginia Beach,In-Store Regular
1562,CUST_01562,James,Espinoza,james.espinoza@gmail.com,Sacramento,Loyal Customer
1563,CUST_01563,Jill,Harris,jill.harris@yahoo.com,Tucson,In-Store Regular
1564,CUST_01564,Cassandra,Peck,cassandra.peck@yahoo.com,Philadelphia,Deal Seeker
1565,CUST_01565,Robert,Barber,robert.barber@yahoo.com,Detroit,High Value
1566,CUST_01566,Tamara,Marshall,tamara.marshall@yahoo.com,Jacksonville,First-time Buyer
1567,CUST_01567,Jaclyn,Rodgers,jaclyn.rodgers@yahoo.com,Kansas City,Budget Shopper
1568,CUST_01568,Catherine,Campbell,catherine.campbell@yahoo.com,Sacramento,Budget Shopper
1569,CUST_01569,Mark,Cervantes,mark.cervantes@gmail.com,Houston,Deal Seeker
1570,CUST_01570,Lydia,Miller,lydia.miller@yahoo.com,Milwaukee,Occasional Shopper
1571,CUST_01571,Andrea,Cooper,andrea.cooper@outlook.com,New Orleans,Budget Shopper
1572,CUST_01572,Adam,Whitaker,adam.whitaker@outlook.com,Jacksonville,First-time Buyer
1573,CUST_01573,Ashley,Lozano,ashley.lozano@gmail.com,Atlanta,Budget Shopper
1574,CUST_01574,Franklin,Reed,franklin.reed@outlook.com,Kansas City,Loyal Customer
1575,CUST_01575,Tara,Tanner,tara.tanner@outlook.com,Tulsa,In-Store Regular
1576,CUST_01576,Troy,Perkins,troy.perkins@outlook.com,Phoenix,High Value
1577,CUST_01577,Amy,Little,amy.little@outlook.com,Indianapolis,High Value
1578,CUST_01578,Kimberly,Nelson,kimberly.nelson@gmail.com,Boston,In-Store Regular
1579,CUST_01579,Marc,Allen,marc.allen@yahoo.com,El Paso,Loyal Customer
1580,CUST_01580,Anthony,Patterson,anthony.patterson@outlook.com,Fort Worth,Deal Seeker
1581,CUST_01581,Aaron,Hart,aaron.hart@gmail.com,San Jose,Churn Risk
1582,CUST_01582,Shawn,Schmidt,shawn.schmidt@outlook.com,Detroit,Online Shopper
1583,CUST_01583,Daniel,Jackson,daniel.jackson@yahoo.com,Colorado Springs,Online Shopper
1584,CUST_01584,Kristina,Smith,kristina.smith@gmail.com,San Antonio,Budget Shopper
1585,CUST_01585,Gregory,Wilson,gregory.wilson@gmail.com,Baltimore,Premium Shopper
1586,CUST_01586,Jennifer,Smith,jennifer.smith@gmail.com,Columbus,Online Shopper
1587,CUST_01587,John,Jensen,john.jensen@outlook.com,Indianapolis,Online Shopper
1588,CUST_01588,James,Stewart,james.stewart@gmail.com,Las Vegas,Budget Shopper
1589,CUST_01589,Sharon,Miller,sharon.miller@gmail.com,Indianapolis,Occasional Shopper
1590,CUST_01590,Michael,Smith,michael.smith@gmail.com,Miami,Occasional Shopper
1591,CUST_01591,Aaron,Hall,aaron.hall@outlook.com,Colorado Springs,Churn Risk
1592,CUST_01592,Patrick,Robinson,patrick.robinson@yahoo.com,Chicago,Churn Risk
1593,CUST_01593,Brian,Warren,brian.warren@yahoo.com,Sacramento,Online Shopper
1594,CUST_01594,John,Carroll,john.carroll@outlook.com,Indianapolis,Loyal Customer
1595,CUST_01595,Edward,Dillon,edward.dillon@yahoo.com,Louisville,Premium Shopper
1596,CUST_01596,Tanya,Goodwin,tanya.goodwin@yahoo.com,Tucson,Occasional Shopper
1597,CUST_01597,Matthew,Wilson,matthew.wilson@gmail.com,Raleigh,High Value
1598,CUST_01598,David,Murray,david.murray@gmail.com,New York,In-Store Regular
1599,CUST_01599,Laura,Johnson,laura.johnson@yahoo.com,San Francisco,High Value
1600,CUST_01600,Michael,Rivera,michael.rivera@yahoo.com,Indianapolis,Premium Shopper
1601,CUST_01601,Hannah,Brock,hannah.brock@outlook.com,Memphis,Budget Shopper
1602,CUST_01602,James,Evans,james.evans@yahoo.com,Phoenix,Deal Seeker
1603,CUST_01603,Joshua,Barnett,joshua.barnett@outlook.com,Atlanta,First-time Buyer
1604,CUST_01604,Maria,Campbell,maria.campbell@yahoo.com,Raleigh,Online Shopper
1605,CUST_01605,Douglas,Murray,douglas.murray@yahoo.com,Sacramento,Churn Risk
1606,CUST_01606,Christopher,Shaw,christopher.shaw@outlook.com,San Francisco,Budget Shopper
1607,CUST_01607,Kyle,Gibson,kyle.gibson@outlook.com,Seattle,High Value
1608,CUST_01608,Jonathan,Douglas,jonathan.douglas@yahoo.com,Louisville,High Value
1609,CUST_01609,Richard,Kelly,richard.kelly@outlook.com,Houston,First-time Buyer
1610,CUST_01610,Justin,Lewis,justin.lewis@outlook.com,Fresno,In-Store Regular
1611,CUST_01611,Leah,Bauer,leah.bauer@gmail.com,Arlington,Churn Risk
1612,CUST_01612,William,Williams,william.williams@yahoo.com,Omaha,First-time Buyer
1613,CUST_01613,Charles,Thompson,charles.thompson@yahoo.com,Los Angeles,In-Store Regular
1614,CUST_01614,Lisa,Hill,lisa.hill@yahoo.com,San Diego,Premium Shopper
1615,CUST_01615,Loretta,Richards,loretta.richards@yahoo.com,Charlotte,Budget Shopper
1616,CUST_01616,Tamara,Morales,tamara.morales@yahoo.com,San Francisco,Churn Risk
1617,CUST_01617,Andrew,Good,andrew.good@outlook.com,Baltimore,In-Store Regular
1618,CUST_01618,Erin,Rosales,erin.rosales@outlook.com,San Antonio,Online Shopper
1619,CUST_01619,Matthew,Yoder,matthew.yoder@yahoo.com,Indianapolis,Loyal Customer
1620,CUST_01620,Carl,Ferrell,carl.ferrell@gmail.com,Houston,First-time Buyer
1621,CUST_01621,Kristy,Jones,kristy.jones@outlook.com,Seattle,Budget Shopper
1622,CUST_01622,Nicole,Anderson,nicole.anderson@outlook.com,Dallas,Occasional Shopper
1623,CUST_01623,Amber,Rivera,amber.rivera@gmail.com,Portland,In-Store Regular
1624,CUST_01624,Brandon,Jones,brandon.jones@yahoo.com,Phoenix,Loyal Customer
1625,CUST_01625,Karla,Alvarado,karla.alvarado@gmail.com,Seattle,In-Store Regular
1626,CUST_01626,Michael,Rose,michael.rose@gmail.com,New Orleans,In-Store Regular
1627,CUST_01627,Robin,Brown,robin.brown@gmail.com,Tulsa,Online Shopper
1628,CUST_01628,Ellen,Page,ellen.page@gmail.com,Albuquerque,High Value
1629,CUST_01629,David,Tucker,david.tucker@gmail.com,Austin,Loyal Customer
1630,CUST_01630,Sheila,Martinez,sheila.martinez@outlook.com,Phoenix,Online Shopper
1631,CUST_01631,Michelle,Taylor,michelle.taylor@gmail.com,Oklahoma City,In-Store Regular
1632,CUST_01632,Mark,King,mark.king@gmail.com,San Francisco,Premium Shopper
1633,CUST_01633,Jason,Fowler,jason.fowler@yahoo.com,Phoenix,Premium Shopper
1634,CUST_01634,Joshua,Hernandez,joshua.hernandez@outlook.com,Washington,Occasional Shopper
1635,CUST_01635,Christopher,Mills,christopher.mills@outlook.com,Tampa,Budget Shopper
1636,CUST_01636,Jennifer,Perez,jennifer.perez@outlook.com,Charlotte,In-Store Regular
1637,CUST_01637,Gloria,Love,gloria.love@outlook.com,Arlington,In-Store Regular
1638,CUST_01638,William,Watson,william.watson@outlook.com,Austin,Deal Seeker
1639,CUST_01639,Rhonda,Wood,rhonda.wood@yahoo.com,Indianapolis,Occasional Shopper
1640,CUST_01640,Mark,Willis,mark.willis@gmail.com,Mesa,Loyal Customer
1641,CUST_01641,Brett,Harris,brett.harris@outlook.com,San Jose,Premium Shopper
1642,CUST_01642,Erica,Smith,erica.smith@gmail.com,Memphis,Churn Risk
1643,CUST_01643,Stacy,Meyer,stacy.meyer@yahoo.com,Baltimore,High Value
1644,CUST_01644,James,Weaver,james.weaver@yahoo.com,Atlanta,Occasional Shopper
1645,CUST_01645,Carrie,Henry,carrie.henry@outlook.com,Columbus,Premium Shopper
1646,CUST_01646,Alexandria,Frederick,alexandria.frederick@outlook.com,Phoenix,Premium Shopper
1647,CUST_01647,Kenneth,Goodman,kenneth.goodman@gmail.com,Dallas,Loyal Customer
1648,CUST_01648,Anne,Frazier,anne.frazier@outlook.com,Arlington,Churn Risk
1649,CUST_01649,Stacey,Ortiz,stacey.ortiz@gmail.com,Virginia Beach,Online Shopper
1650,CUST_01650,Sarah,Nelson,sarah.nelson@yahoo.com,Dallas,First-time Buyer
1651,CUST_01651,Jonathan,Harris,jonathan.harris@gmail.com,Milwaukee,Occasional Shopper
1652,CUST_01652,Claudia,Dunn,claudia.dunn@yahoo.com,Indianapolis,Churn Risk
1653,CUST_01653,Darren,Duffy,darren.duffy@gmail.com,Las Vegas,Premium Shopper
1654,CUST_01654,Scott,Shepard,scott.shepard@outlook.com,Denver,First-time Buyer
1655,CUST_01655,Maurice,Brown,maurice.brown@yahoo.com,Tucson,High Value
1656,CUST_01656,Diane,Chandler,diane.chandler@gmail.com,Phoenix,First-time Buyer
1657,CUST_01657,Martin,Kelly,martin.kelly@outlook.com,Mesa,Deal Seeker
1658,CUST_01658,Julie,Smith,julie.smith@outlook.com,Omaha,Deal Seeker
1659,CUST_01659,Shannon,Pugh,shannon.pugh@yahoo.com,Portland,In-Store Regular
1660,CUST_01660,John,Rush,john.rush@gmail.com,San Jose,First-time Buyer
1661,CUST_01661,Brandon,Gould,brandon.gould@yahoo.com,Dallas,Online Shopper
1662,CUST_01662,Jasmine,Dawson,jasmine.dawson@gmail.com,Louisville,First-time Buyer
1663,CUST_01663,Diane,Montoya,diane.montoya@yahoo.com,Jacksonville,Deal Seeker
1664,CUST_01664,Deborah,Clayton,deborah.clayton@outlook.com,Boston,In-Store Regular
1665,CUST_01665,Ruth,Lutz,ruth.lutz@gmail.com,Mesa,In-Store Regular
1666,CUST_01666,Grace,Reyes,grace.reyes@outlook.com,Dallas,Churn Risk
1667,CUST_01667,Sarah,Willis,sarah.willis@gmail.com,Miami,Premium Shopper
1668,CUST_01668,Renee,Young,renee.young@gmail.com,New Orleans,Occasional Shopper
1669,CUST_01669,Tiffany,Olson,tiffany.olson@outlook.com,Indianapolis,In-Store Regular
1670,CUST_01670,Alexandra,Johnson,alexandra.johnson@yahoo.com,Los Angeles,Churn Risk
1671,CUST_01671,Robert,Bailey,robert.bailey@yahoo.com,Phoenix,Loyal Customer
1672,CUST_01672,Alexandra,Larson,alexandra.larson@outlook.com,Dallas,Online Shopper
1673,CUST_01673,Christina,Grant,christina.grant@gmail.com,Tulsa,High Value
1674,CUST_01674,Dana,Pope,dana.pope@yahoo.com,Detroit,Online Shopper
1675,CUST_01675,Victoria,Ortiz,victoria.ortiz@yahoo.com,Fort Worth,High Value
1676,CUST_01676,Robert,Harris,robert.harris@gmail.com,Austin,Occasional Shopper
1677,CUST_01677,Nathan,Roberts,nathan.roberts@outlook.com,Austin,Occasional Shopper
1678,CUST_01678,David,Petersen,david.petersen@gmail.com,Chicago,Deal Seeker
1679,CUST_01679,Robert,Garrett,robert.garrett@gmail.com,Seattle,Deal Seeker
1680,CUST_01680,Kenneth,Cherry,kenneth.cherry@gmail.com,Las Vegas,Budget Shopper
1681,CUST_01681,Charles,Robinson,charles.robinson@outlook.com,Sacramento,First-time Buyer
1682,CUST_01682,Jocelyn,Wallace,jocelyn.wallace@outlook.com,Arlington,Deal Seeker
1683,CUST_01683,Steven,Wise,steven.wise@gmail.com,Phoenix,Premium Shopper
1684,CUST_01684,Ariana,Johnson,ariana.johnson@gmail.com,Memphis,First-time Buyer
1685,CUST_01685,Terry,Hernandez,terry.hernandez@gmail.com,Tucson,Occasional Shopper
1686,CUST_01686,Lori,Luna,lori.luna@yahoo.com,Long Beach,Occasional Shopper
1687,CUST_01687,Brandy,Shepherd,brandy.shepherd@gmail.com,Atlanta,Online Shopper
1688,CUST_01688,Christina,Hansen,christina.hansen@outlook.com,Detroit,Budget Shopper
1689,CUST_01689,John,Curtis,john.curtis@yahoo.com,San Antonio,Occasional Shopper
1690,CUST_01690,Michael,Hunter,michael.hunter@yahoo.com,Boston,Deal Seeker
1691,CUST_01691,Greg,Hernandez,greg.hernandez@yahoo.com,Mesa,Occasional Shopper
1692,CUST_01692,Michael,Rowland,michael.rowland@gmail.com,New York,High Value
1693,CUST_01693,Jennifer,Briggs,jennifer.briggs@outlook.com,Tucson,Premium Shopper
1694,CUST_01694,Kenneth,Santiago,kenneth.santiago@gmail.com,Louisville,Online Shopper
1695,CUST_01695,Mason,Orozco,mason.orozco@outlook.com,Indianapolis,Loyal Customer
1696,CUST_01696,Eric,Gill,eric.gill@yahoo.com,Louisville,Occasional Shopper
1697,CUST_01697,Tara,Luna,tara.luna@yahoo.com,Memphis,Online Shopper
1698,CUST_01698,Kathleen,Johnson,kathleen.johnson@yahoo.com,Louisville,High Value
1699,CUST_01699,Christopher,Martin,christopher.martin@outlook.com,Oklahoma City,In-Store Regular
1700,CUST_01700,Adam,Baker,adam.baker@gmail.com,Detroit,High Value
1701,CUST_01701,Michelle,Hawkins,michelle.hawkins@gmail.com,New Orleans,Loyal Customer
1702,CUST_01702,Emma,Curtis,emma.curtis@yahoo.com,Fresno,Online Shopper
1703,CUST_01703,Tyler,Powell,tyler.powell@yahoo.com,Columbus,Premium Shopper
1704,CUST_01704,Michelle,Davis,michelle.davis@gmail.com,Seattle,High Value
1705,CUST_01705,Matthew,Lang,matthew.lang@gmail.com,Tucson,In-Store Regular
1706,CUST_01706,Tyler,Olsen,tyler.olsen@outlook.com,Austin,Loyal Customer
1707,CUST_01707,Ralph,Kelly,ralph.kelly@outlook.com,Indianapolis,Budget Shopper
1708,CUST_01708,Angela,Maddox,angela.maddox@outlook.com,Las Vegas,Deal Seeker
1709,CUST_01709,Kelly,Montoya,kelly.montoya@yahoo.com,Detroit,Occasional Shopper
1710,CUST_01710,Crystal,Cobb,crystal.cobb@yahoo.com,Los Angeles,Premium Shopper
1711,CUST_01711,Jeffery,Thomas,jeffery.thomas@outlook.com,Virginia Beach,Premium Shopper
1712,CUST_01712,Ronald,Wallace,ronald.wallace@outlook.com,Virginia Beach,Occasional Shopper
1713,CUST_01713,Candice,Gonzalez,candice.gonzalez@gmail.com,Kansas City,Deal Seeker
1714,CUST_01714,Danielle,King,danielle.king@outlook.com,Baltimore,Churn Risk
1715,CUST_01715,Derrick,Flowers,derrick.flowers@gmail.com,Sacramento,Deal Seeker
1716,CUST_01716,Debra,Zimmerman,debra.zimmerman@yahoo.com,Memphis,High Value
1717,CUST_01717,Corey,Martinez,corey.martinez@gmail.com,Jacksonville,Churn Risk
1718,CUST_01718,Shawn,Lee,shawn.lee@outlook.com,Fort Worth,First-time Buyer
1719,CUST_01719,Kristina,Lewis,kristina.lewis@gmail.com,San Antonio,Online Shopper
1720,CUST_01720,Kristen,Hill,kristen.hill@yahoo.com,Chicago,In-Store Regular
1721,CUST_01721,Jennifer,Morse,jennifer.morse@yahoo.com,Philadelphia,First-time Buyer
1722,CUST_01722,Walter,Cook,walter.cook@yahoo.com,Omaha,Budget Shopper
1723,CUST_01723,Sarah,Baker,sarah.baker@outlook.com,Minneapolis,Churn Risk
1724,CUST_01724,Jamie,Clark,jamie.clark@gmail.com,San Jose,High Value
1725,CUST_01725,Ryan,Oneal,ryan.oneal@outlook.com,Fresno,Premium Shopper
1726,CUST_01726,James,Brown,james.brown@outlook.com,Mesa,Churn Risk
1727,CUST_01727,Erica,Turner,erica.turner@gmail.com,Louisville,Premium Shopper
1728,CUST_01728,Bruce,Adams,bruce.adams@outlook.com,Atlanta,In-Store Regular
1729,CUST_01729,David,Good,david.good@yahoo.com,Mesa,Occasional Shopper
1730,CUST_01730,Lacey,Norton,lacey.norton@yahoo.com,Virginia Beach,Premium Shopper
1731,CUST_01731,William,Brown,william.brown@gmail.com,Sacramento,Loyal Customer
1732,CUST_01732,Jessica,Thomas,jessica.thomas@gmail.com,Chicago,Premium Shopper
1733,CUST_01733,Jesus,Williams,jesus.williams@yahoo.com,Philadelphia,Premium Shopper
1734,CUST_01734,Nicole,Blair,nicole.blair@yahoo.com,San Antonio,First-time Buyer
1735,CUST_01735,Madison,Pierce,madison.pierce@gmail.com,El Paso,Loyal Customer
1736,CUST_01736,Daniel,Spence,daniel.spence@yahoo.com,El Paso,High Value
1737,CUST_01737,Michael,Schneider,michael.schneider@gmail.com,Austin,Deal Seeker
1738,CUST_01738,Allison,Smith,allison.smith@gmail.com,Raleigh,In-Store Regular
1739,CUST_01739,Ronnie,Robinson,ronnie.robinson@yahoo.com,Colorado Springs,In-Store Regular
1740,CUST_01740,Jacob,Johnson,jacob.johnson@gmail.com,Raleigh,In-Store Regular
1741,CUST_01741,Robert,King,robert.king@outlook.com,Detroit,Loyal Customer
1742,CUST_01742,Joshua,Burnett,joshua.burnett@yahoo.com,Jacksonville,In-Store Regular
1743,CUST_01743,Kelly,Schneider,kelly.schneider@yahoo.com,Fort Worth,Loyal Customer
1744,CUST_01744,Mary,Torres,mary.torres@gmail.com,Los Angeles,Premium Shopper
1745,CUST_01745,Gary,Ball,gary.ball@outlook.com,Albuquerque,High Value
1746,CUST_01746,Erika,Beck,erika.beck@outlook.com,Omaha,Premium Shopper
1747,CUST_01747,Cameron,Hansen,cameron.hansen@outlook.com,Nashville,Budget Shopper
1748,CUST_01748,Aaron,Duran,aaron.duran@outlook.com,San Francisco,High Value
1749,CUST_01749,Katherine,Mcneil,katherine.mcneil@yahoo.com,Denver,Budget Shopper
1750,CUST_01750,Courtney,Berry,courtney.berry@outlook.com,Memphis,Online Shopper
1751,CUST_01751,Jordan,Leonard,jordan.leonard@outlook.com,Philadelphia,Online Shopper
1752,CUST_01752,Whitney,Simmons,whitney.simmons@gmail.com,San Jose,Deal Seeker
1753,CUST_01753,Mark,Nichols,mark.nichols@outlook.com,Miami,Loyal Customer
1754,CUST_01754,Matthew,Williams,matthew.williams@yahoo.com,Charlotte,Premium Shopper
1755,CUST_01755,Daniel,Joyce,daniel.joyce@gmail.com,Washington,High Value
1756,CUST_01756,Jasmine,Smith,jasmine.smith@yahoo.com,Washington,Online Shopper
1757,CUST_01757,Kimberly,Phillips,kimberly.phillips@outlook.com,Detroit,Occasional Shopper
1758,CUST_01758,Cynthia,Williams,cynthia.williams@gmail.com,Tucson,In-Store Regular
1759,CUST_01759,Michele,Moore,michele.moore@outlook.com,Colorado Springs,Occasional Shopper
1760,CUST_01760,Dalton,Reed,dalton.reed@yahoo.com,Boston,In-Store Regular
1761,CUST_01761,Julia,Patterson,julia.patterson@outlook.com,Washington,In-Store Regular
1762,CUST_01762,Alexander,Benson,alexander.benson@gmail.com,New York,Loyal Customer
1763,CUST_01763,Jesse,Glover,jesse.glover@outlook.com,Minneapolis,First-time Buyer
1764,CUST_01764,Paige,Ross,paige.ross@outlook.com,Los Angeles,In-Store Regular
1765,CUST_01765,Juan,Hernandez,juan.hernandez@gmail.com,Tucson,In-Store Regular
1766,CUST_01766,Nichole,Moore,nichole.moore@yahoo.com,Fort Worth,Budget Shopper
1767,CUST_01767,Andrew,Campos,andrew.campos@yahoo.com,Oklahoma City,Online Shopper
1768,CUST_01768,James,Ponce,james.ponce@yahoo.com,Houston,High Value
1769,CUST_01769,Willie,Heath,willie.heath@yahoo.com,Jacksonville,In-Store Regular
1770,CUST_01770,Gregory,Gray,gregory.gray@gmail.com,Columbus,Budget Shopper
1771,CUST_01771,Ashley,Hall,ashley.hall@yahoo.com,Washington,Occasional Shopper
1772,CUST_01772,Chloe,Ruiz,chloe.ruiz@yahoo.com,Fort Worth,Deal Seeker
1773,CUST_01773,Kelly,Brown,kelly.brown@gmail.com,New Orleans,In-Store Regular
1774,CUST_01774,Robin,Young,robin.young@yahoo.com,Arlington,Premium Shopper
1775,CUST_01775,Joanna,Smith,joanna.smith@gmail.com,Oklahoma City,Churn Risk
1776,CUST_01776,Nicholas,Thompson,nicholas.thompson@yahoo.com,San Francisco,Online Shopper
1777,CUST_01777,Heidi,Gray,heidi.gray@yahoo.com,Philadelphia,First-time Buyer
1778,CUST_01778,Abigail,Taylor,abigail.taylor@gmail.com,Las Vegas,Budget Shopper
1779,CUST_01779,Thomas,Mccarthy,thomas.mccarthy@outlook.com,Los Angeles,Occasional Shopper
1780,CUST_01780,Michael,Meyer,michael.meyer@gmail.com,Nashville,In-Store Regular
1781,CUST_01781,Max,Flores,max.flores@outlook.com,Sacramento,High Value
1782,CUST_01782,Hannah,Aguilar,hannah.aguilar@gmail.com,Milwaukee,High Value
1783,CUST_01783,Amy,Wright,amy.wright@outlook.com,Seattle,In-Store Regular
1784,CUST_01784,Patricia,Davidson,patricia.davidson@gmail.com,Indianapolis,Budget Shopper
1785,CUST_01785,Thomas,Bautista,thomas.bautista@yahoo.com,Fort Worth,Occasional Shopper
1786,CUST_01786,Deborah,Peters,deborah.peters@outlook.com,Arlington,Loyal Customer
1787,CUST_01787,Randy,Sutton,randy.sutton@gmail.com,San Jose,First-time Buyer
1788,CUST_01788,Thomas,Jenkins,thomas.jenkins@gmail.com,Omaha,Premium Shopper
1789,CUST_01789,Colleen,Jordan,colleen.jordan@gmail.com,Phoenix,Premium Shopper
1790,CUST_01790,Barbara,Rodriguez,barbara.rodriguez@outlook.com,Houston,High Value
1791,CUST_01791,Theresa,Gonzales,theresa.gonzales@yahoo.com,Oakland,Online Shopper
1792,CUST_01792,John,Conner,john.conner@outlook.com,Indianapolis,In-Store Regular
1793,CUST_01793,Robert,Duncan,robert.duncan@outlook.com,Raleigh,In-Store Regular
1794,CUST_01794,Makayla,Preston,makayla.preston@yahoo.com,Jacksonville,Deal Seeker
1795,CUST_01795,Diana,Ballard,diana.ballard@outlook.com,New York,Deal Seeker
1796,CUST_01796,Robert,Wilson,robert.wilson@yahoo.com,Virginia Beach,Deal Seeker
1797,CUST_01797,Cynthia,Phillips,cynthia.phillips@outlook.com,Arlington,Budget Shopper
1798,CUST_01798,Mary,Luna,mary.luna@yahoo.com,Austin,Deal Seeker
1799,CUST_01799,Todd,Robles,todd.robles@outlook.com,New York,High Value
1800,CUST_01800,Anthony,Sawyer,anthony.sawyer@gmail.com,Los Angeles,Deal Seeker
1801,CUST_01801,Tiffany,Burnett,tiffany.burnett@outlook.com,Fresno,Occasional Shopper
1802,CUST_01802,David,Russell,david.russell@outlook.com,New York,Budget Shopper
1803,CUST_01803,Daniel,Savage,daniel.savage@yahoo.com,Long Beach,Churn Risk
1804,CUST_01804,Daniel,Steele,daniel.steele@gmail.com,Philadelphia,Budget Shopper
1805,CUST_01805,Denise,Macias,denise.macias@gmail.com,Detroit,Premium Shopper
1806,CUST_01806,Miguel,Davis,miguel.davis@yahoo.com,Virginia Beach,First-time Buyer
1807,CUST_01807,Eric,Jackson,eric.jackson@gmail.com,Sacramento,Occasional Shopper
1808,CUST_01808,Tyler,Mcmahon,tyler.mcmahon@outlook.com,Minneapolis,Budget Shopper
1809,CUST_01809,Christopher,Hernandez,christopher.hernandez@gmail.com,Portland,In-Store Regular
1810,CUST_01810,Nicole,Hill,nicole.hill@yahoo.com,Milwaukee,High Value
1811,CUST_01811,Rita,Davidson,rita.davidson@outlook.com,Dallas,High Value
1812,CUST_01812,Joshua,Olson,joshua.olson@gmail.com,Seattle,High Value
1813,CUST_01813,Christian,Cooper,christian.cooper@yahoo.com,Memphis,Budget Shopper
1814,CUST_01814,Becky,Herrera,becky.herrera@gmail.com,Jacksonville,Loyal Customer
1815,CUST_01815,Amy,Ingram,amy.ingram@yahoo.com,Indianapolis,High Value
1816,CUST_01816,Raymond,Calhoun,raymond.calhoun@yahoo.com,Raleigh,Online Shopper
1817,CUST_01817,Mario,Soto,mario.soto@gmail.com,Philadelphia,Budget Shopper
1818,CUST_01818,Kimberly,Snow,kimberly.snow@gmail.com,Austin,First-time Buyer
1819,CUST_01819,Sarah,Diaz,sarah.diaz@outlook.com,Nashville,Budget Shopper
1820,CUST_01820,Madison,Baxter,madison.baxter@gmail.com,Kansas City,Online Shopper
1821,CUST_01821,Pamela,Daniels,pamela.daniels@yahoo.com,Austin,Deal Seeker
1822,CUST_01822,Jeffery,Hernandez,jeffery.hernandez@yahoo.com,Sacramento,Premium Shopper
1823,CUST_01823,Lucas,Murillo,lucas.murillo@outlook.com,Houston,Occasional Shopper
1824,CUST_01824,Jacob,Browning,jacob.browning@yahoo.com,Louisville,In-Store Regular
1825,CUST_01825,Joseph,Perry,joseph.perry@gmail.com,Sacramento,Deal Seeker
1826,CUST_01826,Angela,Short,angela.short@yahoo.com,Milwaukee,Churn Risk
1827,CUST_01827,Cheryl,Ward,cheryl.ward@outlook.com,Las Vegas,High Value
1828,CUST_01828,Andrea,Summers,andrea.summers@yahoo.com,Long Beach,Loyal Customer
1829,CUST_01829,Tracey,Young,tracey.young@gmail.com,New Orleans,Deal Seeker
1830,CUST_01830,Gabriel,Mckinney,gabriel.mckinney@outlook.com,Dallas,Occasional Shopper
1831,CUST_01831,Daniel,Francis,daniel.francis@gmail.com,Las Vegas,In-Store Regular
1832,CUST_01832,Elizabeth,Taylor,elizabeth.taylor@outlook.com,Austin,Churn Risk
1833,CUST_01833,Benjamin,Curtis,benjamin.curtis@yahoo.com,New Orleans,Churn Risk
1834,CUST_01834,Brandi,Jackson,brandi.jackson@yahoo.com,Detroit,First-time Buyer
1835,CUST_01835,Ashley,Rojas,ashley.rojas@outlook.com,Austin,Deal Seeker
1836,CUST_01836,Tony,Brown,tony.brown@gmail.com,Seattle,High Value
1837,CUST_01837,Madison,Bryan,madison.bryan@yahoo.com,San Diego,Online Shopper
1838,CUST_01838,Mary,Moon,mary.moon@outlook.com,Chicago,Budget Shopper
1839,CUST_01839,Richard,Foster,richard.foster@gmail.com,San Francisco,First-time Buyer
1840,CUST_01840,Scott,Woods,scott.woods@outlook.com,Arlington,Online Shopper
1841,CUST_01841,Andre,Rowland,andre.rowland@gmail.com,Tulsa,Online Shopper
1842,CUST_01842,George,Reese,george.reese@gmail.com,Long Beach,First-time Buyer
1843,CUST_01843,Angela,Jones,angela.jones@gmail.com,Chicago,Deal Seeker
1844,CUST_01844,Pamela,Bishop,pamela.bishop@yahoo.com,Atlanta,Budget Shopper
1845,CUST_01845,Jonathan,Turner,jonathan.turner@yahoo.com,Oakland,High Value
1846,CUST_01846,Stephanie,Strickland,stephanie.strickland@outlook.com,Dallas,Online Shopper
1847,CUST_01847,Diana,Schneider,diana.schneider@outlook.com,New Orleans,Premium Shopper
1848,CUST_01848,Timothy,Armstrong,timothy.armstrong@yahoo.com,New York,First-time Buyer
1849,CUST_01849,Christopher,Collins,christopher.collins@gmail.com,Atlanta,Churn Risk
1850,CUST_01850,Terri,Edwards,terri.edwards@yahoo.com,Seattle,First-time Buyer
1851,CUST_01851,Alison,Giles,alison.giles@gmail.com,Milwaukee,Occasional Shopper
1852,CUST_01852,Bryan,Williams,bryan.williams@yahoo.com,Chicago,In-Store Regular
1853,CUST_01853,Stacy,Greer,stacy.greer@yahoo.com,Detroit,Deal Seeker
1854,CUST_01854,Jeffrey,Davis,jeffrey.davis@outlook.com,Minneapolis,Deal Seeker
1855,CUST_01855,David,Humphrey,david.humphrey@yahoo.com,Austin,First-time Buyer
1856,CUST_01856,Alison,Jackson,alison.jackson@outlook.com,Oakland,Budget Shopper
1857,CUST_01857,Matthew,Pratt,matthew.pratt@outlook.com,Nashville,Premium Shopper
1858,CUST_01858,Troy,Atkinson,troy.atkinson@gmail.com,Los Angeles,Occasional Shopper
1859,CUST_01859,Kathleen,Smith,kathleen.smith@yahoo.com,Seattle,High Value
1860,CUST_01860,Derek,Ritter,derek.ritter@gmail.com,Sacramento,High Value
1861,CUST_01861,Daniel,Davis,daniel.davis@yahoo.com,Jacksonville,Deal Seeker
1862,CUST_01862,Douglas,Robinson,douglas.robinson@outlook.com,San Francisco,Premium Shopper
1863,CUST_01863,Amber,Alexander,amber.alexander@gmail.com,Tucson,Deal Seeker
1864,CUST_01864,Rodney,White,rodney.white@outlook.com,Albuquerque,Online Shopper
1865,CUST_01865,Brian,Welch,brian.welch@gmail.com,Kansas City,Premium Shopper
1866,CUST_01866,Jessica,Williams,jessica.williams@yahoo.com,Los Angeles,Churn Risk
1867,CUST_01867,Roy,French,roy.french@outlook.com,Denver,Occasional Shopper
1868,CUST_01868,Roger,Khan,roger.khan@yahoo.com,Memphis,Premium Shopper
1869,CUST_01869,Ronald,Russell,ronald.russell@gmail.com,Omaha,Loyal Customer
1870,CUST_01870,Lisa,Riley,lisa.riley@gmail.com,Fort Worth,Premium Shopper
1871,CUST_01871,Daniel,Tran,daniel.tran@yahoo.com,Portland,Loyal Customer
1872,CUST_01872,Kathryn,Mayo,kathryn.mayo@gmail.com,Portland,Deal Seeker
1873,CUST_01873,Emily,Newman,emily.newman@gmail.com,Portland,High Value
1874,CUST_01874,Ryan,Richards,ryan.richards@yahoo.com,Oklahoma City,Premium Shopper
1875,CUST_01875,Cindy,Keller,cindy.keller@yahoo.com,Boston,In-Store Regular
1876,CUST_01876,Jessica,Harper,jessica.harper@yahoo.com,Oklahoma City,Premium Shopper
1877,CUST_01877,Lisa,Durham,lisa.durham@yahoo.com,Tucson,Deal Seeker
1878,CUST_01878,Craig,Cohen,craig.cohen@outlook.com,Detroit,Budget Shopper
1879,CUST_01879,Ashley,Rodriguez,ashley.rodriguez@gmail.com,Indianapolis,Loyal Customer
1880,CUST_01880,Daniel,Ewing,daniel.ewing@yahoo.com,Omaha,Premium Shopper
1881,CUST_01881,Jerry,Owens,jerry.owens@outlook.com,Tucson,Occasional Shopper
1882,CUST_01882,Jose,Perkins,jose.perkins@outlook.com,Los Angeles,Deal Seeker
1883,CUST_01883,Dennis,Oneill,dennis.oneill@yahoo.com,Sacramento,Churn Risk
1884,CUST_01884,Drew,Mayer,drew.mayer@yahoo.com,Chicago,Loyal Customer
1885,CUST_01885,Stephen,Flores,stephen.flores@yahoo.com,San Diego,Online Shopper
1886,CUST_01886,Kimberly,Brown,kimberly.brown@outlook.com,San Diego,First-time Buyer
1887,CUST_01887,William,Adkins,william.adkins@yahoo.com,Jacksonville,Occasional Shopper
1888,CUST_01888,Michelle,Fields,michelle.fields@gmail.com,Arlington,Loyal Customer
1889,CUST_01889,Amy,Hall,amy.hall@gmail.com,Kansas City,In-Store Regular
1890,CUST_01890,Brian,Cunningham,brian.cunningham@gmail.com,Seattle,Occasional Shopper
1891,CUST_01891,Madison,Malone,madison.malone@outlook.com,Tampa,High Value
1892,CUST_01892,Alejandra,Jones,alejandra.jones@gmail.com,Las Vegas,Online Shopper
1893,CUST_01893,Eric,Mitchell,eric.mitchell@yahoo.com,Oklahoma City,Occasional Shopper
1894,CUST_01894,Brian,Lyons,brian.lyons@outlook.com,San Francisco,Churn Risk
1895,CUST_01895,Wendy,Love,wendy.love@outlook.com,Denver,Loyal Customer
1896,CUST_01896,Yolanda,Vaughan,yolanda.vaughan@yahoo.com,Nashville,Premium Shopper
1897,CUST_01897,Mary,Smith,mary.smith@gmail.com,Sacramento,Online Shopper
1898,CUST_01898,Beth,Patrick,beth.patrick@outlook.com,Seattle,Occasional Shopper
1899,CUST_01899,Tamara,Edwards,tamara.edwards@gmail.com,Detroit,Occasional Shopper
1900,CUST_01900,Shannon,Smith,shannon.smith@gmail.com,Philadelphia,Deal Seeker
1901,CUST_01901,Marissa,Martin,marissa.martin@gmail.com,San Diego,First-time Buyer
1902,CUST_01902,Marcus,Rodgers,marcus.rodgers@outlook.com,Nashville,Budget Shopper
1903,CUST_01903,Donald,Cochran,donald.cochran@outlook.com,Dallas,Loyal Customer
1904,CUST_01904,Rachel,Horn,rachel.horn@yahoo.com,San Diego,High Value
1905,CUST_01905,George,Gibson,george.gibson@gmail.com,New York,Deal Seeker
1906,CUST_01906,Angela,Rogers,angela.rogers@gmail.com,Mesa,Churn Risk
1907,CUST_01907,Jill,Davis,jill.davis@yahoo.com,San Diego,Deal Seeker
1908,CUST_01908,Jennifer,Cole,jennifer.cole@gmail.com,Miami,Budget Shopper
1909,CUST_01909,Heather,King,heather.king@gmail.com,Louisville,High Value
1910,CUST_01910,Deanna,Spencer,deanna.spencer@yahoo.com,Kansas City,Occasional Shopper
1911,CUST_01911,Allison,Wright,allison.wright@outlook.com,Louisville,Loyal Customer
1912,CUST_01912,Benjamin,Jones,benjamin.jones@outlook.com,Fresno,High Value
1913,CUST_01913,Christopher,Carter,christopher.carter@yahoo.com,San Francisco,Occasional Shopper
1914,CUST_01914,Felicia,Mckinney,felicia.mckinney@yahoo.com,Fresno,Occasional Shopper
1915,CUST_01915,Tracy,Joseph,tracy.joseph@yahoo.com,San Jose,Premium Shopper
1916,CUST_01916,Jenna,Edwards,jenna.edwards@outlook.com,Detroit,Budget Shopper
1917,CUST_01917,Margaret,Garza,margaret.garza@outlook.com,San Diego,Occasional Shopper
1918,CUST_01918,Richard,Rivera,richard.rivera@outlook.com,Boston,High Value
1919,CUST_01919,Aaron,Murphy,aaron.murphy@outlook.com,Atlanta,Online Shopper
1920,CUST_01920,Michelle,Mathis,michelle.mathis@yahoo.com,New Orleans,Churn Risk
1921,CUST_01921,Kendra,Bird,kendra.bird@yahoo.com,Minneapolis,In-Store Regular
1922,CUST_01922,Nicole,Bennett,nicole.bennett@gmail.com,Portland,High Value
1923,CUST_01923,Scott,Branch,scott.branch@yahoo.com,Kansas City,First-time Buyer
1924,CUST_01924,Randy,Thomas,randy.thomas@gmail.com,Portland,First-time Buyer
1925,CUST_01925,Jessica,Hendricks,jessica.hendricks@yahoo.com,Colorado Springs,Loyal Customer
1926,CUST_01926,Sergio,Gonzalez,sergio.gonzalez@gmail.com,San Jose,First-time Buyer
1927,CUST_01927,Bobby,Case,bobby.case@yahoo.com,Fresno,In-Store Regular
1928,CUST_01928,Jason,Kelly,jason.kelly@outlook.com,Mesa,First-time Buyer
1929,CUST_01929,Monica,Gilbert,monica.gilbert@outlook.com,Los Angeles,First-time Buyer
1930,CUST_01930,Keith,Arnold,keith.arnold@gmail.com,Chicago,Budget Shopper
1931,CUST_01931,Kevin,Ramirez,kevin.ramirez@outlook.com,Memphis,First-time Buyer
1932,CUST_01932,Joshua,Burns,joshua.burns@outlook.com,Charlotte,First-time Buyer
1933,CUST_01933,Joseph,Bird,joseph.bird@gmail.com,Long Beach,First-time Buyer
1934,CUST_01934,Christopher,Martin,christopher.martin@outlook.com,New York,Loyal Customer
1935,CUST_01935,Rebecca,Horne,rebecca.horne@yahoo.com,Tucson,Online Shopper
1936,CUST_01936,James,Palmer,james.palmer@gmail.com,New Orleans,Occasional Shopper
1937,CUST_01937,Danny,Morris,danny.morris@gmail.com,Nashville,First-time Buyer
1938,CUST_01938,Jacqueline,Wright,jacqueline.wright@yahoo.com,Sacramento,In-Store Regular
1939,CUST_01939,Timothy,Wall,timothy.wall@gmail.com,Detroit,Deal Seeker
1940,CUST_01940,Brian,Tran,brian.tran@yahoo.com,Boston,Premium Shopper
1941,CUST_01941,Andrew,Smith,andrew.smith@gmail.com,Dallas,High Value
1942,CUST_01942,Robert,Lee,robert.lee@outlook.com,Los Angeles,Budget Shopper
1943,CUST_01943,Cindy,Estes,cindy.estes@gmail.com,Oakland,First-time Buyer
1944,CUST_01944,Ashley,Randall,ashley.randall@gmail.com,Sacramento,Loyal Customer
1945,CUST_01945,Melanie,Watkins,melanie.watkins@gmail.com,San Jose,High Value
1946,CUST_01946,Brandon,Knight,brandon.knight@gmail.com,Louisville,First-time Buyer
1947,CUST_01947,Monica,White,monica.white@gmail.com,Atlanta,High Value
1948,CUST_01948,Steve,Johnson,steve.johnson@yahoo.com,San Francisco,Online Shopper
1949,CUST_01949,Juan,Russell,juan.russell@yahoo.com,Detroit,Online Shopper
1950,CUST_01950,Robert,Morgan,robert.morgan@gmail.com,Oakland,Online Shopper
1951,CUST_01951,Joshua,Carney,joshua.carney@outlook.com,Miami,Occasional Shopper
1952,CUST_01952,Teresa,Johnson,teresa.johnson@gmail.com,San Diego,In-Store Regular
1953,CUST_01953,Cynthia,Stevens,cynthia.stevens@gmail.com,Oakland,High Value
1954,CUST_01954,Michael,Wright,michael.wright@yahoo.com,San Francisco,In-Store Regular
1955,CUST_01955,Carlos,Ford,carlos.ford@gmail.com,San Francisco,Churn Risk
1956,CUST_01956,Daniel,Wall,daniel.wall@yahoo.com,Austin,Loyal Customer
1957,CUST_01957,Michael,Evans,michael.evans@gmail.com,Colorado Springs,In-Store Regular
1958,CUST_01958,Robert,Holmes,robert.holmes@outlook.com,Oakland,Budget Shopper
1959,CUST_01959,Luke,Holt,luke.holt@yahoo.com,Seattle,Premium Shopper
1960,CUST_01960,Cody,Hess,cody.hess@yahoo.com,Seattle,Deal Seeker
1961,CUST_01961,Brenda,Morales,brenda.morales@yahoo.com,Jacksonville,Premium Shopper
1962,CUST_01962,Katherine,Hall,katherine.hall@yahoo.com,Oakland,Online Shopper
1963,CUST_01963,John,Phillips,john.phillips@gmail.com,Fort Worth,High Value
1964,CUST_01964,James,Guzman,james.guzman@outlook.com,Memphis,Occasional Shopper
1965,CUST_01965,Lisa,Porter,lisa.porter@gmail.com,Austin,Online Shopper
1966,CUST_01966,Linda,Fry,linda.fry@outlook.com,Oakland,Deal Seeker
1967,CUST_01967,Aaron,Curry,aaron.curry@yahoo.com,Portland,High Value
1968,CUST_01968,Matthew,Small,matthew.small@outlook.com,Indianapolis,Premium Shopper
1969,CUST_01969,William,Peters,william.peters@yahoo.com,Kansas City,Occasional Shopper
1970,CUST_01970,Sarah,Newton,sarah.newton@outlook.com,Philadelphia,Budget Shopper
1971,CUST_01971,Taylor,Kemp,taylor.kemp@gmail.com,Sacramento,High Value
1972,CUST_01972,Sean,Craig,sean.craig@outlook.com,Dallas,Loyal Customer
1973,CUST_01973,Kimberly,Parsons,kimberly.parsons@yahoo.com,Phoenix,Budget Shopper
1974,CUST_01974,Francisco,Callahan,francisco.callahan@yahoo.com,Arlington,Online Shopper
1975,CUST_01975,Morgan,Brown,morgan.brown@gmail.com,Long Beach,Occasional Shopper
1976,CUST_01976,Richard,Cantrell,richard.cantrell@gmail.com,Long Beach,In-Store Regular
1977,CUST_01977,Nancy,Scott,nancy.scott@outlook.com,Dallas,Online Shopper
1978,CUST_01978,Thomas,Spencer,thomas.spencer@gmail.com,Minneapolis,Deal Seeker
1979,CUST_01979,Susan,Thomas,susan.thomas@yahoo.com,Oakland,High Value
1980,CUST_01980,Amy,Ellis,amy.ellis@outlook.com,Mesa,Loyal Customer
1981,CUST_01981,Anthony,Olson,anthony.olson@yahoo.com,Detroit,Loyal Customer
1982,CUST_01982,Melissa,Smith,melissa.smith@outlook.com,Arlington,Premium Shopper
1983,CUST_01983,Beverly,Bowen,beverly.bowen@gmail.com,El Paso,Budget Shopper
1984,CUST_01984,Daniel,Bauer,daniel.bauer@yahoo.com,Los Angeles,Premium Shopper
1985,CUST_01985,Melissa,Peterson,melissa.peterson@outlook.com,San Antonio,Online Shopper
1986,CUST_01986,Rachel,Kaiser,rachel.kaiser@gmail.com,Oklahoma City,First-time Buyer
1987,CUST_01987,Kathy,Curry,kathy.curry@gmail.com,Philadelphia,Occasional Shopper
1988,CUST_01988,Dana,Bautista,dana.bautista@outlook.com,Austin,Online Shopper
1989,CUST_01989,Justin,Rogers,justin.rogers@gmail.com,Jacksonville,Online Shopper
1990,CUST_01990,Kristi,Lewis,kristi.lewis@gmail.com,New Orleans,Occasional Shopper
1991,CUST_01991,Luke,Mcmillan,luke.mcmillan@gmail.com,Los Angeles,High Value
1992,CUST_01992,Juan,Cline,juan.cline@yahoo.com,San Jose,Occasional Shopper
1993,CUST_01993,Steven,Harris,steven.harris@gmail.com,Raleigh,Churn Risk
1994,CUST_01994,Beth,Luna,beth.luna@outlook.com,Columbus,High Value
1995,CUST_01995,Patricia,Berry,patricia.berry@yahoo.com,Tucson,High Value
1996,CUST_01996,William,Meyers,william.meyers@gmail.com,Indianapolis,High Value
1997,CUST_01997,Jeffrey,Flynn,jeffrey.flynn@yahoo.com,Tulsa,Premium Shopper
1998,CUST_01998,James,Howard,james.howard@outlook.com,New York,High Value
1999,CUST_01999,James,Smith,james.smith@gmail.com,Denver,Budget Shopper
2000,CUST_02000,Yolanda,Scott,yolanda.scott@gmail.com,San Diego,First-time Buyer
2001,CUST_02001,Rachel,Mathis,rachel.mathis@gmail.com,Virginia Beach,Occasional Shopper
2002,CUST_02002,Nicholas,Ramirez,nicholas.ramirez@yahoo.com,Los Angeles,Occasional Shopper
2003,CUST_02003,David,Santana,david.santana@gmail.com,Tucson,Premium Shopper
2004,CUST_02004,Allen,Foster,allen.foster@gmail.com,Miami,Loyal Customer
2005,CUST_02005,April,Waller,april.waller@outlook.com,San Diego,High Value
2006,CUST_02006,Kaitlyn,Savage,kaitlyn.savage@gmail.com,Omaha,Budget Shopper
2007,CUST_02007,Stephen,Gordon,stephen.gordon@gmail.com,Baltimore,In-Store Regular
2008,CUST_02008,Dana,Burke,dana.burke@outlook.com,Oklahoma City,Online Shopper
2009,CUST_02009,Jason,Cunningham,jason.cunningham@gmail.com,Denver,Deal Seeker
2010,CUST_02010,Lance,Moore,lance.moore@outlook.com,Portland,Churn Risk
2011,CUST_02011,Raymond,Monroe,raymond.monroe@yahoo.com,Denver,In-Store Regular
2012,CUST_02012,Anthony,Jones,anthony.jones@yahoo.com,Jacksonville,Loyal Customer
2013,CUST_02013,Christopher,Cox,christopher.cox@yahoo.com,Portland,Occasional Shopper
2014,CUST_02014,Diana,Daniels,diana.daniels@gmail.com,Dallas,In-Store Regular
2015,CUST_02015,Jasmine,Mathis,jasmine.mathis@yahoo.com,Oakland,Budget Shopper
2016,CUST_02016,Amy,Ruiz,amy.ruiz@yahoo.com,Indianapolis,Budget Shopper
2017,CUST_02017,Emily,Davis,emily.davis@outlook.com,Houston,In-Store Regular
2018,CUST_02018,Maria,Moreno,maria.moreno@gmail.com,Omaha,Occasional Shopper
2019,CUST_02019,Doris,Villa,doris.villa@yahoo.com,Indianapolis,In-Store Regular
2020,CUST_02020,Desiree,Steele,desiree.steele@gmail.com,New Orleans,Premium Shopper
2021,CUST_02021,Michele,Green,michele.green@outlook.com,San Diego,Churn Risk
2022,CUST_02022,Katherine,Hall,katherine.hall@yahoo.com,Virginia Beach,Churn Risk
2023,CUST_02023,Brandon,King,brandon.king@yahoo.com,Virginia Beach,Premium Shopper
2024,CUST_02024,Hunter,Thompson,hunter.thompson@gmail.com,Mesa,Deal Seeker
2025,CUST_02025,Heather,Richards,heather.richards@yahoo.com,Oklahoma City,Premium Shopper
2026,CUST_02026,Cheryl,Davis,cheryl.davis@yahoo.com,Memphis,Budget Shopper
2027,CUST_02027,Katherine,Smith,katherine.smith@outlook.com,Albuquerque,Loyal Customer
2028,CUST_02028,Erin,Mcconnell,erin.mcconnell@gmail.com,Nashville,In-Store Regular
2029,CUST_02029,John,Tucker,john.tucker@gmail.com,Houston,Churn Risk
2030,CUST_02030,Melissa,Brooks,melissa.brooks@yahoo.com,Philadelphia,Premium Shopper
2031,CUST_02031,Megan,Perry,megan.perry@yahoo.com,Houston,In-Store Regular
2032,CUST_02032,Amy,Poole,amy.poole@yahoo.com,Oakland,High Value
2033,CUST_02033,Jack,Jones,jack.jones@outlook.com,Albuquerque,First-time Buyer
2034,CUST_02034,Jason,Bell,jason.bell@gmail.com,Chicago,In-Store Regular
2035,CUST_02035,Rachel,Hunt,rachel.hunt@yahoo.com,Washington,Deal Seeker
2036,CUST_02036,Ashley,White,ashley.white@yahoo.com,El Paso,Churn Risk
2037,CUST_02037,Jamie,Jones,jamie.jones@gmail.com,Memphis,First-time Buyer
2038,CUST_02038,Jorge,Kaufman,jorge.kaufman@outlook.com,New Orleans,Occasional Shopper
2039,CUST_02039,Lauren,Lambert,lauren.lambert@yahoo.com,Jacksonville,First-time Buyer
2040,CUST_02040,Matthew,Herrera,matthew.herrera@outlook.com,Seattle,Churn Risk
2041,CUST_02041,Latoya,Charles,latoya.charles@outlook.com,Sacramento,Budget Shopper
2042,CUST_02042,Kevin,Garcia,kevin.garcia@gmail.com,Long Beach,Occasional Shopper
2043,CUST_02043,Thomas,Huff,thomas.huff@gmail.com,Mesa,Loyal Customer
2044,CUST_02044,Ryan,Smith,ryan.smith@yahoo.com,Oakland,In-Store Regular
2045,CUST_02045,Michael,Kelly,michael.kelly@gmail.com,Long Beach,High Value
2046,CUST_02046,Joseph,Clark,joseph.clark@outlook.com,Jacksonville,Churn Risk
2047,CUST_02047,Cindy,Avery,cindy.avery@outlook.com,Memphis,Premium Shopper
2048,CUST_02048,Marcus,Lewis,marcus.lewis@outlook.com,Portland,First-time Buyer
2049,CUST_02049,Michael,Faulkner,michael.faulkner@yahoo.com,San Diego,Churn Risk
2050,CUST_02050,Joyce,Williams,joyce.williams@outlook.com,Louisville,First-time Buyer
2051,CUST_02051,Charles,Torres,charles.torres@gmail.com,San Francisco,First-time Buyer
2052,CUST_02052,Emily,Thompson,emily.thompson@gmail.com,Atlanta,First-time Buyer
2053,CUST_02053,Lisa,Gibbs,lisa.gibbs@gmail.com,Raleigh,Online Shopper
2054,CUST_02054,Omar,Grant,omar.grant@outlook.com,Long Beach,Budget Shopper
2055,CUST_02055,Kathryn,Gonzales,kathryn.gonzales@gmail.com,Oakland,Premium Shopper
2056,CUST_02056,Jason,Erickson,jason.erickson@outlook.com,El Paso,Churn Risk
2057,CUST_02057,Stephanie,Harrington,stephanie.harrington@outlook.com,Washington,Budget Shopper
2058,CUST_02058,Robin,Evans,robin.evans@gmail.com,Jacksonville,Budget Shopper
2059,CUST_02059,Michael,Mccormick,michael.mccormick@yahoo.com,Tucson,First-time Buyer
2060,CUST_02060,David,Jackson,david.jackson@outlook.com,Long Beach,Occasional Shopper
2061,CUST_02061,Jeffery,Lewis,jeffery.lewis@yahoo.com,Oklahoma City,Budget Shopper
2062,CUST_02062,Travis,Patel,travis.patel@outlook.com,Austin,First-time Buyer
2063,CUST_02063,Debbie,Reynolds,debbie.reynolds@yahoo.com,Arlington,First-time Buyer
2064,CUST_02064,Elizabeth,Smith,elizabeth.smith@outlook.com,Chicago,Churn Risk
2065,CUST_02065,Kathleen,Phillips,kathleen.phillips@yahoo.com,Sacramento,In-Store Regular
2066,CUST_02066,Arthur,Lara,arthur.lara@yahoo.com,Long Beach,Premium Shopper
2067,CUST_02067,Christopher,Irwin,christopher.irwin@yahoo.com,Omaha,Premium Shopper
2068,CUST_02068,Tracy,Porter,tracy.porter@outlook.com,Portland,Premium Shopper
2069,CUST_02069,Rachel,Baker,rachel.baker@outlook.com,Boston,Loyal Customer
2070,CUST_02070,Amber,Curtis,amber.curtis@yahoo.com,Virginia Beach,Occasional Shopper
2071,CUST_02071,Thomas,Richards,thomas.richards@outlook.com,San Francisco,First-time Buyer
2072,CUST_02072,James,Velazquez,james.velazquez@outlook.com,Kansas City,Budget Shopper
2073,CUST_02073,Jacqueline,Bush,jacqueline.bush@gmail.com,Minneapolis,Premium Shopper
2074,CUST_02074,Amanda,Jones,amanda.jones@outlook.com,Seattle,Occasional Shopper
2075,CUST_02075,Melanie,Johnson,melanie.johnson@outlook.com,San Francisco,Online Shopper
2076,CUST_02076,Debbie,Long,debbie.long@yahoo.com,Chicago,Occasional Shopper
2077,CUST_02077,Douglas,Henderson,douglas.henderson@outlook.com,Houston,Loyal Customer
2078,CUST_02078,Julia,Fletcher,julia.fletcher@gmail.com,Colorado Springs,First-time Buyer
2079,CUST_02079,Mario,Hull,mario.hull@gmail.com,Oklahoma City,Churn Risk
2080,CUST_02080,Nicholas,Hughes,nicholas.hughes@outlook.com,San Diego,Loyal Customer
2081,CUST_02081,Karen,Jones,karen.jones@gmail.com,Dallas,Budget Shopper
2082,CUST_02082,Summer,Davenport,summer.davenport@yahoo.com,Mesa,In-Store Regular
2083,CUST_02083,Jose,Smith,jose.smith@outlook.com,New Orleans,High Value
2084,CUST_02084,Jamie,Butler,jamie.butler@outlook.com,Louisville,Deal Seeker
2085,CUST_02085,Jordan,Schmidt,jordan.schmidt@gmail.com,Miami,High Value
2086,CUST_02086,Diane,Sanchez,diane.sanchez@outlook.com,Jacksonville,Occasional Shopper
2087,CUST_02087,Nicholas,Jones,nicholas.jones@yahoo.com,Minneapolis,Online Shopper
2088,CUST_02088,Ashlee,Clayton,ashlee.clayton@gmail.com,Tulsa,Premium Shopper
2089,CUST_02089,Jordan,Morris,jordan.morris@yahoo.com,San Francisco,Deal Seeker
2090,CUST_02090,Alejandro,Delgado,alejandro.delgado@gmail.com,Louisville,Budget Shopper
2091,CUST_02091,James,Moore,james.moore@yahoo.com,Minneapolis,Online Shopper
2092,CUST_02092,Angela,Espinoza,angela.espinoza@yahoo.com,Sacramento,Loyal Customer
2093,CUST_02093,Christopher,Jones,christopher.jones@yahoo.com,Nashville,Occasional Shopper
2094,CUST_02094,Virginia,Green,virginia.green@outlook.com,Fort Worth,Deal Seeker
2095,CUST_02095,Scott,Johnson,scott.johnson@gmail.com,Louisville,Churn Risk
2096,CUST_02096,David,Williams,david.williams@outlook.com,Denver,High Value
2097,CUST_02097,Madeline,Nguyen,madeline.nguyen@yahoo.com,Denver,High Value
2098,CUST_02098,Natalie,Murray,natalie.murray@yahoo.com,Philadelphia,Loyal Customer
2099,CUST_02099,Rachel,Johnson,rachel.johnson@gmail.com,Atlanta,First-time Buyer
2100,CUST_02100,Peter,Kennedy,peter.kennedy@yahoo.com,Tulsa,Churn Risk
2101,CUST_02101,Cynthia,Snyder,cynthia.snyder@outlook.com,Las Vegas,Budget Shopper
2102,CUST_02102,Dennis,Harvey,dennis.harvey@outlook.com,Philadelphia,Deal Seeker
2103,CUST_02103,Jesse,Jordan,jesse.jordan@gmail.com,San Francisco,Deal Seeker
2104,CUST_02104,Diane,Smith,diane.smith@gmail.com,Washington,Budget Shopper
2105,CUST_02105,Julie,Long,julie.long@gmail.com,Milwaukee,Online Shopper
2106,CUST_02106,Joshua,Williams,joshua.williams@outlook.com,Phoenix,Budget Shopper
2107,CUST_02107,Jerry,Walters,jerry.walters@outlook.com,Memphis,Occasional Shopper
2108,CUST_02108,Alicia,Rivera,alicia.rivera@gmail.com,Detroit,Churn Risk
2109,CUST_02109,Susan,Rodriguez,susan.rodriguez@gmail.com,San Antonio,Premium Shopper
2110,CUST_02110,Michael,Malone,michael.malone@yahoo.com,Boston,High Value
2111,CUST_02111,Ryan,Price,ryan.price@outlook.com,Dallas,Loyal Customer
2112,CUST_02112,Candice,Schmidt,candice.schmidt@yahoo.com,Seattle,Churn Risk
2113,CUST_02113,Tanya,Fisher,tanya.fisher@yahoo.com,Kansas City,Budget Shopper
2114,CUST_02114,Tammie,Cox,tammie.cox@yahoo.com,Austin,In-Store Regular
2115,CUST_02115,Mia,Mann,mia.mann@outlook.com,San Antonio,In-Store Regular
2116,CUST_02116,Kristen,Wilson,kristen.wilson@yahoo.com,Chicago,Deal Seeker
2117,CUST_02117,Jesse,Stevens,jesse.stevens@gmail.com,Columbus,First-time Buyer
2118,CUST_02118,Robert,Moore,robert.moore@outlook.com,Miami,Loyal Customer
2119,CUST_02119,Emma,Hale,emma.hale@yahoo.com,Mesa,First-time Buyer
2120,CUST_02120,Christine,Cannon,christine.cannon@gmail.com,Kansas City,Loyal Customer
2121,CUST_02121,Shelly,Acosta,shelly.acosta@yahoo.com,Fresno,Loyal Customer
2122,CUST_02122,Andrea,Moyer,andrea.moyer@gmail.com,Long Beach,Online Shopper
2123,CUST_02123,Ryan,Evans,ryan.evans@yahoo.com,San Diego,Occasional Shopper
2124,CUST_02124,Frank,Hester,frank.hester@yahoo.com,Miami,Occasional Shopper
2125,CUST_02125,Jesse,Bradford,jesse.bradford@outlook.com,Chicago,High Value
2126,CUST_02126,Sharon,Alexander,sharon.alexander@gmail.com,Washington,Budget Shopper
2127,CUST_02127,Michael,Richard,michael.richard@yahoo.com,Columbus,In-Store Regular
2128,CUST_02128,Tim,Williams,tim.williams@outlook.com,Houston,Premium Shopper
2129,CUST_02129,Gary,Brown,gary.brown@outlook.com,Virginia Beach,Budget Shopper
2130,CUST_02130,Deborah,Cole,deborah.cole@outlook.com,Louisville,Occasional Shopper
2131,CUST_02131,Ronald,Cochran,ronald.cochran@gmail.com,New Orleans,Deal Seeker
2132,CUST_02132,Timothy,Brown,timothy.brown@outlook.com,New Orleans,First-time Buyer
2133,CUST_02133,Emily,Davis,emily.davis@yahoo.com,Tampa,Churn Risk
2134,CUST_02134,Adam,Sanders,adam.sanders@gmail.com,San Jose,Deal Seeker
2135,CUST_02135,Chelsea,Schmidt,chelsea.schmidt@gmail.com,Tucson,Occasional Shopper
2136,CUST_02136,Steve,Guzman,steve.guzman@outlook.com,Fort Worth,Loyal Customer
2137,CUST_02137,Robert,Johnson,robert.johnson@yahoo.com,Houston,Budget Shopper
2138,CUST_02138,Jasmine,Gonzalez,jasmine.gonzalez@gmail.com,El Paso,Deal Seeker
2139,CUST_02139,Barbara,Taylor,barbara.taylor@gmail.com,New York,Loyal Customer
2140,CUST_02140,Misty,Pierce,misty.pierce@yahoo.com,Sacramento,Deal Seeker
2141,CUST_02141,Thomas,Hernandez,thomas.hernandez@gmail.com,Sacramento,Occasional Shopper
2142,CUST_02142,Jeffrey,Hooper,jeffrey.hooper@outlook.com,Jacksonville,Budget Shopper
2143,CUST_02143,Benjamin,Rhodes,benjamin.rhodes@gmail.com,Louisville,Deal Seeker
2144,CUST_02144,Tammy,Clark,tammy.clark@outlook.com,Miami,Loyal Customer
2145,CUST_02145,Edwin,Miller,edwin.miller@outlook.com,Chicago,Loyal Customer
2146,CUST_02146,Jeanette,Smith,jeanette.smith@gmail.com,Houston,In-Store Regular
2147,CUST_02147,Carolyn,King,carolyn.king@outlook.com,Oklahoma City,In-Store Regular
2148,CUST_02148,Kyle,Kim,kyle.kim@outlook.com,Dallas,High Value
2149,CUST_02149,Brandon,Pham,brandon.pham@gmail.com,Baltimore,Churn Risk
2150,CUST_02150,Grant,Burke,grant.burke@gmail.com,Las Vegas,In-Store Regular
2151,CUST_02151,Kristin,Ferguson,kristin.ferguson@yahoo.com,Raleigh,Premium Shopper
2152,CUST_02152,Erika,Martinez,erika.martinez@gmail.com,Detroit,In-Store Regular
2153,CUST_02153,Sean,Bennett,sean.bennett@gmail.com,New Orleans,High Value
2154,CUST_02154,Charles,Carpenter,charles.carpenter@yahoo.com,Seattle,Budget Shopper
2155,CUST_02155,Katherine,Buckley,katherine.buckley@gmail.com,Los Angeles,Online Shopper
2156,CUST_02156,Janet,Gray,janet.gray@yahoo.com,Las Vegas,Occasional Shopper
2157,CUST_02157,Brian,Moore,brian.moore@outlook.com,Seattle,First-time Buyer
2158,CUST_02158,Adam,Morris,adam.morris@gmail.com,Louisville,First-time Buyer
2159,CUST_02159,Katherine,Underwood,katherine.underwood@outlook.com,Oklahoma City,Loyal Customer
2160,CUST_02160,Ashley,Jackson,ashley.jackson@outlook.com,Albuquerque,Deal Seeker
2161,CUST_02161,Theodore,Elliott,theodore.elliott@gmail.com,Oklahoma City,High Value
2162,CUST_02162,Matthew,Collier,matthew.collier@yahoo.com,Atlanta,Deal Seeker
2163,CUST_02163,Michael,Jones,michael.jones@yahoo.com,Austin,First-time Buyer
2164,CUST_02164,Valerie,Murray,valerie.murray@yahoo.com,Mesa,Online Shopper
2165,CUST_02165,Patrick,Henry,patrick.henry@yahoo.com,Dallas,Churn Risk
2166,CUST_02166,Willie,Harrington,willie.harrington@gmail.com,Miami,Occasional Shopper
2167,CUST_02167,Ashley,Anderson,ashley.anderson@gmail.com,Detroit,In-Store Regular
2168,CUST_02168,Michael,Stark,michael.stark@gmail.com,Mesa,Churn Risk
2169,CUST_02169,Julie,Jones,julie.jones@outlook.com,Houston,First-time Buyer
2170,CUST_02170,Timothy,Dean,timothy.dean@yahoo.com,Charlotte,High Value
2171,CUST_02171,Julie,Alexander,julie.alexander@yahoo.com,Arlington,Occasional Shopper
2172,CUST_02172,Marilyn,Smith,marilyn.smith@yahoo.com,Albuquerque,In-Store Regular
2173,CUST_02173,Nathan,Garcia,nathan.garcia@outlook.com,Baltimore,In-Store Regular
2174,CUST_02174,Nicholas,Henry,nicholas.henry@gmail.com,Arlington,First-time Buyer
2175,CUST_02175,Eric,Perez,eric.perez@gmail.com,San Antonio,Online Shopper
2176,CUST_02176,Jennifer,Mccoy,jennifer.mccoy@gmail.com,Columbus,In-Store Regular
2177,CUST_02177,Rebecca,Waller,rebecca.waller@gmail.com,Minneapolis,Churn Risk
2178,CUST_02178,Christopher,Acosta,christopher.acosta@yahoo.com,Tampa,In-Store Regular
2179,CUST_02179,Anna,Collins,anna.collins@gmail.com,Virginia Beach,First-time Buyer
2180,CUST_02180,Derek,Caldwell,derek.caldwell@yahoo.com,Dallas,Budget Shopper
2181,CUST_02181,Jody,Rivera,jody.rivera@gmail.com,Las Vegas,In-Store Regular
2182,CUST_02182,Michele,Myers,michele.myers@yahoo.com,Denver,High Value
2183,CUST_02183,Patricia,Vaughn,patricia.vaughn@outlook.com,San Diego,Loyal Customer
2184,CUST_02184,Brent,Garcia,brent.garcia@yahoo.com,Indianapolis,Budget Shopper
2185,CUST_02185,William,Hobbs,william.hobbs@gmail.com,Houston,In-Store Regular
2186,CUST_02186,Joseph,Thomas,joseph.thomas@outlook.com,Charlotte,First-time Buyer
2187,CUST_02187,Jennifer,Smith,jennifer.smith@gmail.com,Charlotte,Churn Risk
2188,CUST_02188,Cassandra,King,cassandra.king@outlook.com,Philadelphia,Occasional Shopper
2189,CUST_02189,Brooke,Harris,brooke.harris@yahoo.com,Charlotte,Online Shopper
2190,CUST_02190,Amy,Moore,amy.moore@gmail.com,Phoenix,High Value
2191,CUST_02191,Elizabeth,Barnes,elizabeth.barnes@outlook.com,Omaha,Churn Risk
2192,CUST_02192,Cory,Simmons,cory.simmons@outlook.com,Omaha,In-Store Regular
2193,CUST_02193,Mark,Anderson,mark.anderson@outlook.com,Dallas,Churn Risk
2194,CUST_02194,Rick,Thompson,rick.thompson@gmail.com,San Antonio,Premium Shopper
2195,CUST_02195,Daniel,Ruiz,daniel.ruiz@outlook.com,New Orleans,Occasional Shopper
2196,CUST_02196,Hector,Schmidt,hector.schmidt@yahoo.com,Louisville,Occasional Shopper
2197,CUST_02197,Brandi,Williamson,brandi.williamson@yahoo.com,Oakland,Budget Shopper
2198,CUST_02198,Whitney,Green,whitney.green@outlook.com,Denver,First-time Buyer
2199,CUST_02199,Donald,Payne,donald.payne@gmail.com,Indianapolis,In-Store Regular
2200,CUST_02200,Lacey,Myers,lacey.myers@yahoo.com,Charlotte,Churn Risk
2201,CUST_02201,Jason,Carter,jason.carter@gmail.com,Tampa,First-time Buyer
2202,CUST_02202,Cody,Bishop,cody.bishop@outlook.com,Arlington,First-time Buyer
2203,CUST_02203,Sierra,Mercado,sierra.mercado@gmail.com,Dallas,Online Shopper
2204,CUST_02204,Justin,Peters,justin.peters@outlook.com,Washington,Deal Seeker
2205,CUST_02205,Rebecca,Scott,rebecca.scott@gmail.com,Kansas City,Premium Shopper
2206,CUST_02206,Nichole,Mendoza,nichole.mendoza@gmail.com,Raleigh,Online Shopper
2207,CUST_02207,Alisha,Freeman,alisha.freeman@outlook.com,Charlotte,Online Shopper
2208,CUST_02208,Rebecca,Hart,rebecca.hart@outlook.com,Las Vegas,High Value
2209,CUST_02209,Eduardo,Dyer,eduardo.dyer@gmail.com,Portland,Budget Shopper
2210,CUST_02210,Nicole,Martinez,nicole.martinez@yahoo.com,Fort Worth,First-time Buyer
2211,CUST_02211,Philip,Haley,philip.haley@outlook.com,Los Angeles,Budget Shopper
2212,CUST_02212,Brendan,Thomas,brendan.thomas@yahoo.com,Colorado Springs,Churn Risk
2213,CUST_02213,Michelle,Maldonado,michelle.maldonado@yahoo.com,Columbus,Budget Shopper
2214,CUST_02214,Lisa,Alvarado,lisa.alvarado@gmail.com,Arlington,First-time Buyer
2215,CUST_02215,Peter,Wells,peter.wells@outlook.com,Austin,First-time Buyer
2216,CUST_02216,Kathryn,Foster,kathryn.foster@outlook.com,Jacksonville,Deal Seeker
2217,CUST_02217,Rebecca,Miller,rebecca.miller@outlook.com,Fresno,Online Shopper
2218,CUST_02218,Amber,Marshall,amber.marshall@yahoo.com,San Francisco,High Value
2219,CUST_02219,Jason,Singleton,jason.singleton@gmail.com,Indianapolis,Deal Seeker
2220,CUST_02220,Chelsea,Gibson,chelsea.gibson@outlook.com,Omaha,Loyal Customer
2221,CUST_02221,Kara,Parker,kara.parker@outlook.com,Sacramento,High Value
2222,CUST_02222,Thomas,Washington,thomas.washington@outlook.com,Boston,Churn Risk
2223,CUST_02223,Luis,Berry,luis.berry@yahoo.com,Arlington,Premium Shopper
2224,CUST_02224,Juan,Ford,juan.ford@outlook.com,Memphis,First-time Buyer
2225,CUST_02225,Kenneth,Cummings,kenneth.cummings@gmail.com,Fort Worth,First-time Buyer
2226,CUST_02226,Adam,Williamson,adam.williamson@yahoo.com,Baltimore,Occasional Shopper
2227,CUST_02227,Sarah,Newman,sarah.newman@yahoo.com,Boston,Churn Risk
2228,CUST_02228,Drew,Pierce,drew.pierce@gmail.com,Tucson,In-Store Regular
2229,CUST_02229,Susan,Bell,susan.bell@gmail.com,Portland,First-time Buyer
2230,CUST_02230,Tony,Whitehead,tony.whitehead@gmail.com,Sacramento,First-time Buyer
2231,CUST_02231,Barbara,Lamb,barbara.lamb@outlook.com,Phoenix,Online Shopper
2232,CUST_02232,Allen,Parker,allen.parker@outlook.com,Houston,Budget Shopper
2233,CUST_02233,Peter,Hamilton,peter.hamilton@gmail.com,Dallas,Loyal Customer
2234,CUST_02234,Charles,James,charles.james@outlook.com,El Paso,Budget Shopper
2235,CUST_02235,Ryan,Montoya,ryan.montoya@gmail.com,Chicago,High Value
2236,CUST_02236,Michael,Campbell,michael.campbell@outlook.com,Columbus,Online Shopper
2237,CUST_02237,Carol,Weaver,carol.weaver@gmail.com,Long Beach,Premium Shopper
2238,CUST_02238,Robert,Jordan,robert.jordan@yahoo.com,Louisville,Budget Shopper
2239,CUST_02239,Wesley,Rogers,wesley.rogers@yahoo.com,Dallas,Loyal Customer
2240,CUST_02240,Lindsey,Jones,lindsey.jones@outlook.com,San Francisco,Occasional Shopper
2241,CUST_02241,Stephanie,Smith,stephanie.smith@gmail.com,Fort Worth,Loyal Customer
2242,CUST_02242,Molly,Duran,molly.duran@gmail.com,Tampa,Budget Shopper
2243,CUST_02243,April,Murphy,april.murphy@outlook.com,Colorado Springs,Deal Seeker
2244,CUST_02244,Jennifer,Lloyd,jennifer.lloyd@outlook.com,Albuquerque,Premium Shopper
2245,CUST_02245,Rhonda,Boyer,rhonda.boyer@gmail.com,Minneapolis,Churn Risk
2246,CUST_02246,James,Stein,james.stein@gmail.com,Mesa,Occasional Shopper
2247,CUST_02247,Bianca,Savage,bianca.savage@outlook.com,Nashville,First-time Buyer
2248,CUST_02248,Faith,Stone,faith.stone@gmail.com,Raleigh,Online Shopper
2249,CUST_02249,Jessica,Combs,jessica.combs@yahoo.com,Atlanta,High Value
2250,CUST_02250,Crystal,Gonzalez,crystal.gonzalez@gmail.com,Houston,Deal Seeker
2251,CUST_02251,Jeffrey,Gonzalez,jeffrey.gonzalez@yahoo.com,Atlanta,Deal Seeker
2252,CUST_02252,Vanessa,Zuniga,vanessa.zuniga@gmail.com,Mesa,Occasional Shopper
2253,CUST_02253,Christopher,Hernandez,christopher.hernandez@outlook.com,Tucson,Online Shopper
2254,CUST_02254,Gary,Lucas,gary.lucas@gmail.com,Oklahoma City,Churn Risk
2255,CUST_02255,Virginia,Mcgee,virginia.mcgee@gmail.com,Washington,Loyal Customer
2256,CUST_02256,Shawn,Wallace,shawn.wallace@gmail.com,New Orleans,In-Store Regular
2257,CUST_02257,David,Beasley,david.beasley@yahoo.com,El Paso,High Value
2258,CUST_02258,Dustin,Larsen,dustin.larsen@outlook.com,Tampa,Churn Risk
2259,CUST_02259,John,Pierce,john.pierce@outlook.com,Columbus,First-time Buyer
2260,CUST_02260,William,Williams,william.williams@yahoo.com,Kansas City,Deal Seeker
2261,CUST_02261,Robert,Levine,robert.levine@yahoo.com,Oklahoma City,Churn Risk
2262,CUST_02262,Robert,James,robert.james@outlook.com,Mesa,Churn Risk
2263,CUST_02263,Mary,Jackson,mary.jackson@outlook.com,Indianapolis,Premium Shopper
2264,CUST_02264,Carolyn,Vasquez,carolyn.vasquez@gmail.com,Minneapolis,High Value
2265,CUST_02265,Marissa,Soto,marissa.soto@gmail.com,Oakland,High Value
2266,CUST_02266,Denise,Carter,denise.carter@yahoo.com,Albuquerque,First-time Buyer
2267,CUST_02267,Thomas,Lopez,thomas.lopez@outlook.com,Nashville,Online Shopper
2268,CUST_02268,Kristina,Bond,kristina.bond@yahoo.com,New York,In-Store Regular
2269,CUST_02269,Brandon,Byrd,brandon.byrd@gmail.com,Mesa,Premium Shopper
2270,CUST_02270,Elizabeth,Estrada,elizabeth.estrada@yahoo.com,Dallas,In-Store Regular
2271,CUST_02271,Brian,Hill,brian.hill@gmail.com,San Jose,Premium Shopper
2272,CUST_02272,Theresa,Harris,theresa.harris@gmail.com,Arlington,Occasional Shopper
2273,CUST_02273,Dana,Mack,dana.mack@outlook.com,Omaha,Churn Risk
2274,CUST_02274,Pamela,Gregory,pamela.gregory@yahoo.com,Sacramento,Budget Shopper
2275,CUST_02275,Matthew,Banks,matthew.banks@gmail.com,Oakland,Churn Risk
2276,CUST_02276,Kevin,Davila,kevin.davila@yahoo.com,New Orleans,Loyal Customer
2277,CUST_02277,Rachael,Franklin,rachael.franklin@yahoo.com,San Francisco,High Value
2278,CUST_02278,Julie,Jenkins,julie.jenkins@outlook.com,Chicago,Budget Shopper
2279,CUST_02279,Vincent,Leblanc,vincent.leblanc@gmail.com,Baltimore,Deal Seeker
2280,CUST_02280,Nicholas,Tran,nicholas.tran@outlook.com,Raleigh,In-Store Regular
2281,CUST_02281,Joseph,Jacobs,joseph.jacobs@gmail.com,Miami,First-time Buyer
2282,CUST_02282,Stephanie,Rodriguez,stephanie.rodriguez@outlook.com,Minneapolis,Loyal Customer
2283,CUST_02283,Lisa,Hanna,lisa.hanna@outlook.com,Las Vegas,Churn Risk
2284,CUST_02284,Chelsea,Moore,chelsea.moore@outlook.com,San Antonio,In-Store Regular
2285,CUST_02285,Heather,Ferguson,heather.ferguson@yahoo.com,Denver,High Value
2286,CUST_02286,Maria,Manning,maria.manning@outlook.com,Tulsa,Budget Shopper
2287,CUST_02287,Anthony,Garcia,anthony.garcia@yahoo.com,Boston,Loyal Customer
2288,CUST_02288,Kristine,Davis,kristine.davis@yahoo.com,Indianapolis,Online Shopper
2289,CUST_02289,Erica,Thomas,erica.thomas@yahoo.com,San Antonio,First-time Buyer
2290,CUST_02290,Tyler,Dalton,tyler.dalton@outlook.com,Raleigh,Occasional Shopper
2291,CUST_02291,Adam,Strickland,adam.strickland@yahoo.com,Sacramento,Online Shopper
2292,CUST_02292,Darren,Wilson,darren.wilson@outlook.com,San Francisco,In-Store Regular
2293,CUST_02293,John,Wood,john.wood@outlook.com,Virginia Beach,Churn Risk
2294,CUST_02294,Amy,Barrett,amy.barrett@gmail.com,Minneapolis,Online Shopper
2295,CUST_02295,Jennifer,Hood,jennifer.hood@gmail.com,Portland,Occasional Shopper
2296,CUST_02296,Corey,Smith,corey.smith@yahoo.com,Virginia Beach,Churn Risk
2297,CUST_02297,Katrina,Murray,katrina.murray@yahoo.com,Miami,In-Store Regular
2298,CUST_02298,Catherine,Ball,catherine.ball@yahoo.com,Denver,Occasional Shopper
2299,CUST_02299,Larry,Munoz,larry.munoz@gmail.com,Denver,Loyal Customer
2300,CUST_02300,Stephanie,Ingram,stephanie.ingram@outlook.com,Austin,Loyal Customer
2301,CUST_02301,Richard,Navarro,richard.navarro@yahoo.com,Milwaukee,Online Shopper
2302,CUST_02302,Nathan,Davies,nathan.davies@outlook.com,Memphis,First-time Buyer
2303,CUST_02303,Kayla,Davis,kayla.davis@gmail.com,San Diego,First-time Buyer
2304,CUST_02304,Jerry,Stewart,jerry.stewart@outlook.com,Mesa,Loyal Customer
2305,CUST_02305,Jamie,Patrick,jamie.patrick@yahoo.com,Columbus,Premium Shopper
2306,CUST_02306,Brian,Schroeder,brian.schroeder@outlook.com,Detroit,Loyal Customer
2307,CUST_02307,Thomas,Burns,thomas.burns@yahoo.com,Miami,Loyal Customer
2308,CUST_02308,Mike,Anderson,mike.anderson@outlook.com,San Diego,Occasional Shopper
2309,CUST_02309,Dale,Adams,dale.adams@yahoo.com,San Francisco,Deal Seeker
2310,CUST_02310,Rebecca,Hendricks,rebecca.hendricks@yahoo.com,Fort Worth,Online Shopper
2311,CUST_02311,Mary,Hernandez,mary.hernandez@yahoo.com,Chicago,Premium Shopper
2312,CUST_02312,Timothy,Thompson,timothy.thompson@outlook.com,Los Angeles,Budget Shopper
2313,CUST_02313,Lauren,Roberts,lauren.roberts@outlook.com,Washington,In-Store Regular
2314,CUST_02314,Jennifer,Leon,jennifer.leon@gmail.com,Milwaukee,High Value
2315,CUST_02315,Sarah,Gates,sarah.gates@outlook.com,Fresno,Occasional Shopper
2316,CUST_02316,Matthew,Foster,matthew.foster@yahoo.com,Colorado Springs,Churn Risk
2317,CUST_02317,Dustin,Arias,dustin.arias@gmail.com,San Diego,First-time Buyer
2318,CUST_02318,Zachary,Williams,zachary.williams@outlook.com,Jacksonville,Budget Shopper
2319,CUST_02319,Jacob,Hernandez,jacob.hernandez@outlook.com,San Jose,Occasional Shopper
2320,CUST_02320,Christopher,Aguirre,christopher.aguirre@gmail.com,Miami,High Value
2321,CUST_02321,Linda,Hawkins,linda.hawkins@outlook.com,Houston,Loyal Customer
2322,CUST_02322,Brenda,Anderson,brenda.anderson@yahoo.com,Seattle,First-time Buyer
2323,CUST_02323,Amanda,Taylor,amanda.taylor@yahoo.com,Portland,Churn Risk
2324,CUST_02324,Katherine,Torres,katherine.torres@outlook.com,New York,Churn Risk
2325,CUST_02325,Dominic,Branch,dominic.branch@yahoo.com,Las Vegas,High Value
2326,CUST_02326,Eric,Davis,eric.davis@gmail.com,Tucson,Premium Shopper
2327,CUST_02327,Jared,Baker,jared.baker@yahoo.com,Colorado Springs,Loyal Customer
2328,CUST_02328,Elizabeth,Miles,elizabeth.miles@gmail.com,Seattle,Online Shopper
2329,CUST_02329,Heidi,Simon,heidi.simon@yahoo.com,Long Beach,Budget Shopper
2330,CUST_02330,Savannah,Marsh,savannah.marsh@outlook.com,Colorado Springs,Online Shopper
2331,CUST_02331,Angel,Jones,angel.jones@gmail.com,Charlotte,Churn Risk
2332,CUST_02332,Hannah,Decker,hannah.decker@outlook.com,Indianapolis,Churn Risk
2333,CUST_02333,William,Finley,william.finley@outlook.com,Denver,Loyal Customer
2334,CUST_02334,Jennifer,Murphy,jennifer.murphy@gmail.com,Omaha,Premium Shopper
2335,CUST_02335,Tara,Palmer,tara.palmer@yahoo.com,Dallas,Deal Seeker
2336,CUST_02336,Brandon,Moran,brandon.moran@yahoo.com,Sacramento,Premium Shopper
2337,CUST_02337,Katie,Manning,katie.manning@outlook.com,Miami,Churn Risk
2338,CUST_02338,Jenna,Nguyen,jenna.nguyen@outlook.com,Boston,Deal Seeker
2339,CUST_02339,Victor,Brown,victor.brown@gmail.com,Chicago,Deal Seeker
2340,CUST_02340,Shelly,Davis,shelly.davis@yahoo.com,Memphis,Deal Seeker
2341,CUST_02341,Laura,Torres,laura.torres@yahoo.com,San Diego,First-time Buyer
2342,CUST_02342,David,Wallace,david.wallace@outlook.com,New Orleans,Churn Risk
2343,CUST_02343,John,Hoover,john.hoover@gmail.com,Atlanta,Churn Risk
2344,CUST_02344,Ricardo,Patel,ricardo.patel@outlook.com,Tampa,First-time Buyer
2345,CUST_02345,Patrick,Jones,patrick.jones@outlook.com,Washington,First-time Buyer
2346,CUST_02346,Crystal,Archer,crystal.archer@outlook.com,Jacksonville,In-Store Regular
2347,CUST_02347,William,Simmons,william.simmons@yahoo.com,Portland,Premium Shopper
2348,CUST_02348,Lauren,Ford,lauren.ford@gmail.com,Houston,In-Store Regular
2349,CUST_02349,Rebecca,Burns,rebecca.burns@outlook.com,Milwaukee,Online Shopper
2350,CUST_02350,Robert,Young,robert.young@gmail.com,Atlanta,Deal Seeker
2351,CUST_02351,Caleb,Olsen,caleb.olsen@yahoo.com,Miami,Deal Seeker
2352,CUST_02352,Julia,Patton,julia.patton@gmail.com,San Antonio,Loyal Customer
2353,CUST_02353,Jeffrey,Taylor,jeffrey.taylor@yahoo.com,Fresno,High Value
2354,CUST_02354,Allison,May,allison.may@outlook.com,Las Vegas,Loyal Customer
2355,CUST_02355,Andrew,Vargas,andrew.vargas@gmail.com,Milwaukee,Online Shopper
2356,CUST_02356,John,Chavez,john.chavez@outlook.com,Kansas City,High Value
2357,CUST_02357,Patricia,Davis,patricia.davis@yahoo.com,Arlington,Online Shopper
2358,CUST_02358,Mary,Acevedo,mary.acevedo@outlook.com,Oakland,First-time Buyer
2359,CUST_02359,Rachel,Bell,rachel.bell@yahoo.com,Detroit,Loyal Customer
2360,CUST_02360,Louis,Elliott,louis.elliott@outlook.com,Albuquerque,Budget Shopper
2361,CUST_02361,Sean,Cole,sean.cole@yahoo.com,Nashville,Loyal Customer
2362,CUST_02362,Theresa,Malone,theresa.malone@outlook.com,Tampa,Deal Seeker
2363,CUST_02363,Monica,Wood,monica.wood@yahoo.com,Milwaukee,Loyal Customer
2364,CUST_02364,Jason,Juarez,jason.juarez@yahoo.com,Tulsa,High Value
2365,CUST_02365,Charlotte,Wood,charlotte.wood@outlook.com,Las Vegas,First-time Buyer
2366,CUST_02366,David,Smith,david.smith@outlook.com,Omaha,Online Shopper
2367,CUST_02367,Jody,Kennedy,jody.kennedy@gmail.com,Mesa,Budget Shopper
2368,CUST_02368,Bryan,Flores,bryan.flores@yahoo.com,Charlotte,Occasional Shopper
2369,CUST_02369,Alexis,Miller,alexis.miller@outlook.com,Sacramento,Online Shopper
2370,CUST_02370,Laura,Navarro,laura.navarro@outlook.com,Raleigh,First-time Buyer
2371,CUST_02371,Eileen,Vang,eileen.vang@yahoo.com,Denver,Budget Shopper
2372,CUST_02372,Michael,Aguirre,michael.aguirre@outlook.com,San Antonio,Occasional Shopper
2373,CUST_02373,Cindy,Waller,cindy.waller@yahoo.com,Denver,Churn Risk
2374,CUST_02374,Joseph,Gardner,joseph.gardner@outlook.com,Miami,Churn Risk
2375,CUST_02375,Craig,Kelly,craig.kelly@yahoo.com,Chicago,Budget Shopper
2376,CUST_02376,Ricardo,Sullivan,ricardo.sullivan@outlook.com,Oakland,Churn Risk
2377,CUST_02377,Edwin,Perez,edwin.perez@outlook.com,Minneapolis,Budget Shopper
2378,CUST_02378,Mary,Cohen,mary.cohen@yahoo.com,Las Vegas,Loyal Customer
2379,CUST_02379,Carla,Perez,carla.perez@gmail.com,Oklahoma City,High Value
2380,CUST_02380,Joseph,Kaiser,joseph.kaiser@yahoo.com,Memphis,High Value
2381,CUST_02381,Paula,Baxter,paula.baxter@outlook.com,New Orleans,Occasional Shopper
2382,CUST_02382,Stephen,Brown,stephen.brown@outlook.com,Milwaukee,First-time Buyer
2383,CUST_02383,Angela,Powell,angela.powell@yahoo.com,Tampa,Churn Risk
2384,CUST_02384,Tyler,Beck,tyler.beck@gmail.com,Portland,Online Shopper
2385,CUST_02385,Emily,Carter,emily.carter@gmail.com,San Antonio,Loyal Customer
2386,CUST_02386,Jamie,Kramer,jamie.kramer@yahoo.com,Sacramento,Premium Shopper
2387,CUST_02387,Brittany,Cooley,brittany.cooley@outlook.com,Indianapolis,High Value
2388,CUST_02388,Megan,Rodriguez,megan.rodriguez@gmail.com,Omaha,Loyal Customer
2389,CUST_02389,Dana,Lee,dana.lee@outlook.com,Oklahoma City,Deal Seeker
2390,CUST_02390,Jeffrey,Li,jeffrey.li@outlook.com,Charlotte,Occasional Shopper
2391,CUST_02391,Vanessa,Schultz,vanessa.schultz@outlook.com,Tampa,Budget Shopper
2392,CUST_02392,Robert,Newton,robert.newton@outlook.com,Philadelphia,Churn Risk
2393,CUST_02393,Brandon,Brown,brandon.brown@outlook.com,Detroit,Budget Shopper
2394,CUST_02394,Ryan,Carr,ryan.carr@outlook.com,Virginia Beach,In-Store Regular
2395,CUST_02395,Kimberly,Abbott,kimberly.abbott@yahoo.com,Virginia Beach,Occasional Shopper
2396,CUST_02396,Peter,Wright,peter.wright@outlook.com,Boston,First-time Buyer
2397,CUST_02397,Lisa,Kline,lisa.kline@gmail.com,Minneapolis,In-Store Regular
2398,CUST_02398,Christopher,Scott,christopher.scott@yahoo.com,Virginia Beach,In-Store Regular
2399,CUST_02399,William,Ramirez,william.ramirez@outlook.com,Long Beach,Deal Seeker
2400,CUST_02400,Sarah,Orozco,sarah.orozco@gmail.com,Nashville,Premium Shopper
2401,CUST_02401,Mary,Miller,mary.miller@gmail.com,Tucson,Online Shopper
2402,CUST_02402,Samantha,Roberts,samantha.roberts@outlook.com,Las Vegas,High Value
2403,CUST_02403,Lee,Mcbride,lee.mcbride@outlook.com,San Francisco,Budget Shopper
2404,CUST_02404,Brendan,Perez,brendan.perez@yahoo.com,San Antonio,Loyal Customer
2405,CUST_02405,Dominique,Smith,dominique.smith@outlook.com,Tampa,Deal Seeker
2406,CUST_02406,Helen,Booth,helen.booth@outlook.com,Kansas City,Premium Shopper
2407,CUST_02407,Eric,Smith,eric.smith@outlook.com,Colorado Springs,First-time Buyer
2408,CUST_02408,Yvonne,Weeks,yvonne.weeks@outlook.com,New Orleans,First-time Buyer
2409,CUST_02409,Alicia,Kelly,alicia.kelly@outlook.com,Milwaukee,Premium Shopper
2410,CUST_02410,Brian,Johns,brian.johns@yahoo.com,Memphis,Online Shopper
2411,CUST_02411,Russell,Calderon,russell.calderon@outlook.com,El Paso,Premium Shopper
2412,CUST_02412,Connor,Miller,connor.miller@outlook.com,Mesa,Loyal Customer
2413,CUST_02413,Matthew,Mcconnell,matthew.mcconnell@gmail.com,Sacramento,Online Shopper
2414,CUST_02414,Michael,Smith,michael.smith@gmail.com,San Diego,Online Shopper
2415,CUST_02415,Brandon,Harris,brandon.harris@gmail.com,Dallas,Premium Shopper
2416,CUST_02416,John,Pierce,john.pierce@yahoo.com,Kansas City,Deal Seeker
2417,CUST_02417,Robert,Kramer,robert.kramer@outlook.com,Charlotte,Churn Risk
2418,CUST_02418,Deanna,Mathews,deanna.mathews@yahoo.com,Washington,In-Store Regular
2419,CUST_02419,Alyssa,Hall,alyssa.hall@outlook.com,Mesa,Occasional Shopper
2420,CUST_02420,John,Sims,john.sims@gmail.com,Phoenix,Deal Seeker
2421,CUST_02421,Michael,Davis,michael.davis@outlook.com,Tampa,High Value
2422,CUST_02422,Brianna,Jones,brianna.jones@outlook.com,Fresno,Loyal Customer
2423,CUST_02423,Bailey,Castillo,bailey.castillo@outlook.com,Oakland,Loyal Customer
2424,CUST_02424,Miranda,Michael,miranda.michael@yahoo.com,San Francisco,Loyal Customer
2425,CUST_02425,Kyle,Smith,kyle.smith@outlook.com,Milwaukee,Churn Risk
2426,CUST_02426,Janet,Young,janet.young@outlook.com,San Jose,First-time Buyer
2427,CUST_02427,Ryan,Larsen,ryan.larsen@yahoo.com,Arlington,Loyal Customer
2428,CUST_02428,Julie,Smith,julie.smith@yahoo.com,Albuquerque,Churn Risk
2429,CUST_02429,Leslie,Rivera,leslie.rivera@gmail.com,Milwaukee,High Value
2430,CUST_02430,Michael,Fernandez,michael.fernandez@outlook.com,Charlotte,Budget Shopper
2431,CUST_02431,Kathryn,Abbott,kathryn.abbott@gmail.com,Oklahoma City,Churn Risk
2432,CUST_02432,Karen,Kelley,karen.kelley@yahoo.com,Long Beach,Budget Shopper
2433,CUST_02433,David,Chase,david.chase@gmail.com,San Diego,Deal Seeker
2434,CUST_02434,William,Hamilton,william.hamilton@gmail.com,Albuquerque,Premium Shopper
2435,CUST_02435,Brittany,Holmes,brittany.holmes@outlook.com,El Paso,Online Shopper
2436,CUST_02436,Lindsey,Hoffman,lindsey.hoffman@gmail.com,San Jose,Premium Shopper
2437,CUST_02437,Vincent,Clark,vincent.clark@outlook.com,Seattle,Loyal Customer
2438,CUST_02438,Dillon,Torres,dillon.torres@gmail.com,Philadelphia,First-time Buyer
2439,CUST_02439,Michael,Bentley,michael.bentley@outlook.com,Indianapolis,High Value
2440,CUST_02440,Joseph,Bridges,joseph.bridges@yahoo.com,El Paso,Budget Shopper
2441,CUST_02441,David,Hopkins,david.hopkins@outlook.com,Oklahoma City,High Value
2442,CUST_02442,Anthony,Davis,anthony.davis@outlook.com,San Francisco,Churn Risk
2443,CUST_02443,Claudia,Goodman,claudia.goodman@outlook.com,Tucson,High Value
2444,CUST_02444,James,Adams,james.adams@gmail.com,Los Angeles,Churn Risk
2445,CUST_02445,Bryan,Ross,bryan.ross@outlook.com,Milwaukee,Budget Shopper
2446,CUST_02446,Adam,Ellis,adam.ellis@yahoo.com,Miami,Premium Shopper
2447,CUST_02447,Troy,Kelley,troy.kelley@yahoo.com,Colorado Springs,Churn Risk
2448,CUST_02448,Jonathan,Navarro,jonathan.navarro@yahoo.com,San Francisco,Online Shopper
2449,CUST_02449,Deborah,Donaldson,deborah.donaldson@gmail.com,Albuquerque,First-time Buyer
2450,CUST_02450,Connie,Patterson,connie.patterson@yahoo.com,Baltimore,Loyal Customer
2451,CUST_02451,Harold,Fuentes,harold.fuentes@yahoo.com,Arlington,Loyal Customer
2452,CUST_02452,Shelly,Garcia,shelly.garcia@gmail.com,Los Angeles,High Value
2453,CUST_02453,Donna,Lopez,donna.lopez@gmail.com,Miami,First-time Buyer
2454,CUST_02454,Shawn,Davis,shawn.davis@yahoo.com,Kansas City,Churn Risk
2455,CUST_02455,Amy,Morgan,amy.morgan@outlook.com,Philadelphia,Deal Seeker
2456,CUST_02456,Caleb,Bowman,caleb.bowman@outlook.com,Denver,Occasional Shopper
2457,CUST_02457,Rachel,Cantrell,rachel.cantrell@yahoo.com,Miami,Premium Shopper
2458,CUST_02458,Kathy,Humphrey,kathy.humphrey@outlook.com,Charlotte,Occasional Shopper
2459,CUST_02459,Brenda,Robinson,brenda.robinson@outlook.com,Las Vegas,Deal Seeker
2460,CUST_02460,Margaret,Rangel,margaret.rangel@outlook.com,San Diego,Budget Shopper
2461,CUST_02461,Dennis,Smith,dennis.smith@outlook.com,Houston,Budget Shopper
2462,CUST_02462,Sharon,Cooper,sharon.cooper@outlook.com,Oklahoma City,Churn Risk
2463,CUST_02463,Kelly,Goodwin,kelly.goodwin@yahoo.com,New York,Deal Seeker
2464,CUST_02464,Paul,Martinez,paul.martinez@outlook.com,New York,In-Store Regular
2465,CUST_02465,Angela,Gonzalez,angela.gonzalez@outlook.com,Dallas,High Value
2466,CUST_02466,Kevin,Perez,kevin.perez@yahoo.com,Atlanta,Occasional Shopper
2467,CUST_02467,Stacie,Bowen,stacie.bowen@yahoo.com,Memphis,High Value
2468,CUST_02468,Erik,Foley,erik.foley@gmail.com,Washington,Churn Risk
2469,CUST_02469,Calvin,Saunders,calvin.saunders@outlook.com,Arlington,First-time Buyer
2470,CUST_02470,Samuel,Ellis,samuel.ellis@yahoo.com,San Francisco,Occasional Shopper
2471,CUST_02471,Donna,Knight,donna.knight@outlook.com,Sacramento,Occasional Shopper
2472,CUST_02472,Kyle,Khan,kyle.khan@outlook.com,Washington,Online Shopper
2473,CUST_02473,Jonathan,Garza,jonathan.garza@gmail.com,San Diego,First-time Buyer
2474,CUST_02474,Emily,Butler,emily.butler@yahoo.com,San Antonio,In-Store Regular
2475,CUST_02475,Aaron,West,aaron.west@gmail.com,El Paso,Online Shopper
2476,CUST_02476,Traci,Crosby,traci.crosby@yahoo.com,Tucson,Deal Seeker
2477,CUST_02477,Katherine,Smith,katherine.smith@outlook.com,San Antonio,High Value
2478,CUST_02478,Jennifer,Lynch,jennifer.lynch@outlook.com,Louisville,In-Store Regular
2479,CUST_02479,Joel,Bruce,joel.bruce@yahoo.com,Las Vegas,First-time Buyer
2480,CUST_02480,Karen,Wright,karen.wright@gmail.com,Las Vegas,Premium Shopper
2481,CUST_02481,Brent,Rich,brent.rich@yahoo.com,Long Beach,Occasional Shopper
2482,CUST_02482,Jason,Gonzalez,jason.gonzalez@gmail.com,Las Vegas,Premium Shopper
2483,CUST_02483,Amber,Lewis,amber.lewis@yahoo.com,Mesa,High Value
2484,CUST_02484,Heather,Mccoy,heather.mccoy@gmail.com,Detroit,Churn Risk
2485,CUST_02485,Stacey,Montgomery,stacey.montgomery@gmail.com,Colorado Springs,Loyal Customer
2486,CUST_02486,John,Bauer,john.bauer@gmail.com,Tucson,Occasional Shopper
2487,CUST_02487,David,Garcia,david.garcia@yahoo.com,Atlanta,Churn Risk
2488,CUST_02488,Lindsey,Alexander,lindsey.alexander@yahoo.com,Chicago,Occasional Shopper
2489,CUST_02489,Bobby,Patterson,bobby.patterson@gmail.com,Louisville,Occasional Shopper
2490,CUST_02490,Tammy,Thomas,tammy.thomas@gmail.com,Columbus,High Value
2491,CUST_02491,Martin,Adams,martin.adams@yahoo.com,Denver,First-time Buyer
2492,CUST_02492,Jeanette,Reese,jeanette.reese@yahoo.com,Charlotte,High Value
2493,CUST_02493,Alicia,Collins,alicia.collins@gmail.com,Charlotte,High Value
2494,CUST_02494,Mario,Hammond,mario.hammond@gmail.com,Raleigh,Online Shopper
2495,CUST_02495,Steven,Watkins,steven.watkins@outlook.com,Denver,Loyal Customer
2496,CUST_02496,Marie,Moody,marie.moody@gmail.com,Los Angeles,Loyal Customer
2497,CUST_02497,Ryan,Smith,ryan.smith@yahoo.com,Denver,High Value
2498,CUST_02498,Laura,Bauer,laura.bauer@outlook.com,Minneapolis,Churn Risk
2499,CUST_02499,James,Sims,james.sims@gmail.com,Memphis,First-time Buyer
2500,CUST_02500,Colleen,Hinton,colleen.hinton@outlook.com,El Paso,First-time Buyer
2501,CUST_02501,Susan,Anderson,susan.anderson@gmail.com,Kansas City,Budget Shopper
2502,CUST_02502,Jenna,Watts,jenna.watts@gmail.com,Los Angeles,High Value
2503,CUST_02503,Kevin,Jennings,kevin.jennings@yahoo.com,Tucson,Occasional Shopper
2504,CUST_02504,Sharon,Singleton,sharon.singleton@yahoo.com,Omaha,Occasional Shopper
2505,CUST_02505,John,Trevino,john.trevino@yahoo.com,Oklahoma City,Budget Shopper
2506,CUST_02506,Natalie,Lane,natalie.lane@gmail.com,Houston,Premium Shopper
2507,CUST_02507,John,Miller,john.miller@gmail.com,Columbus,Budget Shopper
2508,CUST_02508,Julie,Martinez,julie.martinez@outlook.com,Mesa,Deal Seeker
2509,CUST_02509,Ashley,Evans,ashley.evans@outlook.com,Las Vegas,In-Store Regular
2510,CUST_02510,James,Reid,james.reid@yahoo.com,Virginia Beach,Online Shopper
2511,CUST_02511,Brandon,Lynch,brandon.lynch@yahoo.com,San Diego,Premium Shopper
2512,CUST_02512,Jennifer,Grimes,jennifer.grimes@gmail.com,Phoenix,In-Store Regular
2513,CUST_02513,Ronald,Keller,ronald.keller@yahoo.com,Virginia Beach,High Value
2514,CUST_02514,Carl,Diaz,carl.diaz@yahoo.com,New York,Deal Seeker
2515,CUST_02515,Samuel,Morales,samuel.morales@yahoo.com,Las Vegas,Occasional Shopper
2516,CUST_02516,Ryan,Choi,ryan.choi@yahoo.com,Austin,Premium Shopper
2517,CUST_02517,Emily,Johnson,emily.johnson@outlook.com,Atlanta,In-Store Regular
2518,CUST_02518,Courtney,Jackson,courtney.jackson@yahoo.com,Mesa,Loyal Customer
2519,CUST_02519,Jasmine,Simmons,jasmine.simmons@outlook.com,Nashville,Loyal Customer
2520,CUST_02520,Anna,Brown,anna.brown@outlook.com,Tampa,In-Store Regular
2521,CUST_02521,Jordan,Andrews,jordan.andrews@yahoo.com,Louisville,Churn Risk
2522,CUST_02522,Justin,Gonzalez,justin.gonzalez@gmail.com,Denver,High Value
2523,CUST_02523,Jacob,Williams,jacob.williams@gmail.com,Fort Worth,First-time Buyer
2524,CUST_02524,Kelly,Short,kelly.short@yahoo.com,San Antonio,Premium Shopper
2525,CUST_02525,Monica,Clark,monica.clark@gmail.com,Fresno,Occasional Shopper
2526,CUST_02526,James,Durham,james.durham@gmail.com,Omaha,High Value
2527,CUST_02527,Mark,Carpenter,mark.carpenter@outlook.com,Albuquerque,Deal Seeker
2528,CUST_02528,Shirley,Casey,shirley.casey@outlook.com,Indianapolis,In-Store Regular
2529,CUST_02529,Kyle,Vance,kyle.vance@yahoo.com,Sacramento,Premium Shopper
2530,CUST_02530,Julie,Hendrix,julie.hendrix@yahoo.com,Jacksonville,Deal Seeker
2531,CUST_02531,Mary,Silva,mary.silva@outlook.com,Milwaukee,Budget Shopper
2532,CUST_02532,Matthew,Wilson,matthew.wilson@outlook.com,Louisville,Churn Risk
2533,CUST_02533,Jennifer,Jackson,jennifer.jackson@yahoo.com,Oakland,Online Shopper
2534,CUST_02534,Deborah,Kerr,deborah.kerr@yahoo.com,Mesa,Loyal Customer
2535,CUST_02535,Michael,Williams,michael.williams@yahoo.com,Omaha,In-Store Regular
2536,CUST_02536,Michelle,Gonzalez,michelle.gonzalez@yahoo.com,Fort Worth,First-time Buyer
2537,CUST_02537,Paula,Whitehead,paula.whitehead@outlook.com,Mesa,High Value
2538,CUST_02538,Brittany,Oliver,brittany.oliver@yahoo.com,Baltimore,Churn Risk
2539,CUST_02539,Elizabeth,Gomez,elizabeth.gomez@gmail.com,Indianapolis,First-time Buyer
2540,CUST_02540,John,Miles,john.miles@yahoo.com,Colorado Springs,Churn Risk
2541,CUST_02541,Whitney,Rios,whitney.rios@outlook.com,Mesa,Occasional Shopper
2542,CUST_02542,Jeffrey,Love,jeffrey.love@yahoo.com,El Paso,Occasional Shopper
2543,CUST_02543,Michael,Ayala,michael.ayala@gmail.com,Detroit,In-Store Regular
2544,CUST_02544,Roy,Buchanan,roy.buchanan@gmail.com,Dallas,Churn Risk
2545,CUST_02545,Jill,Vasquez,jill.vasquez@yahoo.com,Long Beach,First-time Buyer
2546,CUST_02546,Deborah,Smith,deborah.smith@yahoo.com,El Paso,First-time Buyer
2547,CUST_02547,Lauren,Holt,lauren.holt@yahoo.com,Dallas,In-Store Regular
2548,CUST_02548,Kimberly,Malone,kimberly.malone@outlook.com,Dallas,Occasional Shopper
2549,CUST_02549,Megan,Gould,megan.gould@gmail.com,Mesa,Budget Shopper
2550,CUST_02550,Lori,Salazar,lori.salazar@outlook.com,Kansas City,Online Shopper
2551,CUST_02551,Kathleen,Orozco,kathleen.orozco@outlook.com,Las Vegas,First-time Buyer
2552,CUST_02552,Jonathan,Arnold,jonathan.arnold@gmail.com,Raleigh,First-time Buyer
2553,CUST_02553,Christina,Mcclain,christina.mcclain@yahoo.com,Louisville,Occasional Shopper
2554,CUST_02554,Daniel,Waller,daniel.waller@yahoo.com,Jacksonville,Churn Risk
2555,CUST_02555,Ryan,Pham,ryan.pham@yahoo.com,San Diego,High Value
2556,CUST_02556,Bethany,Hammond,bethany.hammond@outlook.com,San Diego,First-time Buyer
2557,CUST_02557,Erin,Gardner,erin.gardner@gmail.com,Tulsa,In-Store Regular
2558,CUST_02558,Dominic,Paul,dominic.paul@gmail.com,Louisville,In-Store Regular
2559,CUST_02559,Jorge,Carson,jorge.carson@yahoo.com,San Francisco,Occasional Shopper
2560,CUST_02560,Brian,Garcia,brian.garcia@gmail.com,Chicago,Churn Risk
2561,CUST_02561,Kristen,Nelson,kristen.nelson@outlook.com,Washington,Online Shopper
2562,CUST_02562,Jerome,Jones,jerome.jones@yahoo.com,San Jose,Loyal Customer
2563,CUST_02563,Christopher,Wilson,christopher.wilson@yahoo.com,San Francisco,First-time Buyer
2564,CUST_02564,Christopher,Simpson,christopher.simpson@outlook.com,Tucson,Online Shopper
2565,CUST_02565,Timothy,Myers,timothy.myers@outlook.com,Nashville,Churn Risk
2566,CUST_02566,Connie,Tucker,connie.tucker@outlook.com,San Jose,Premium Shopper
2567,CUST_02567,Jason,Lawrence,jason.lawrence@gmail.com,Oakland,Loyal Customer
2568,CUST_02568,Danielle,Morgan,danielle.morgan@outlook.com,Atlanta,Budget Shopper
2569,CUST_02569,Sheri,Aguilar,sheri.aguilar@gmail.com,Tulsa,Occasional Shopper
2570,CUST_02570,Amber,Smith,amber.smith@outlook.com,Mesa,High Value
2571,CUST_02571,Ashley,Abbott,ashley.abbott@outlook.com,Houston,Deal Seeker
2572,CUST_02572,Jeremy,Ross,jeremy.ross@gmail.com,Austin,Online Shopper
2573,CUST_02573,Michael,Holmes,michael.holmes@outlook.com,Denver,Churn Risk
2574,CUST_02574,Antonio,Roman,antonio.roman@outlook.com,Virginia Beach,Online Shopper
2575,CUST_02575,Stephen,Neal,stephen.neal@gmail.com,Nashville,Online Shopper
2576,CUST_02576,Justin,Smith,justin.smith@outlook.com,Washington,First-time Buyer
2577,CUST_02577,Maria,Miller,maria.miller@gmail.com,Baltimore,Online Shopper
2578,CUST_02578,Kelsey,Hunter,kelsey.hunter@yahoo.com,New Orleans,Loyal Customer
2579,CUST_02579,Carol,Barajas,carol.barajas@yahoo.com,Fresno,Deal Seeker
2580,CUST_02580,Emily,Ortega,emily.ortega@outlook.com,Minneapolis,In-Store Regular
2581,CUST_02581,David,Torres,david.torres@outlook.com,Austin,First-time Buyer
2582,CUST_02582,Christina,Blake,christina.blake@yahoo.com,Nashville,Churn Risk
2583,CUST_02583,Veronica,Evans,veronica.evans@yahoo.com,Virginia Beach,Occasional Shopper
2584,CUST_02584,Brandon,Love,brandon.love@gmail.com,Los Angeles,Loyal Customer
2585,CUST_02585,Kelly,Wells,kelly.wells@yahoo.com,Sacramento,Occasional Shopper
2586,CUST_02586,Jessica,Johnson,jessica.johnson@outlook.com,Minneapolis,Budget Shopper
2587,CUST_02587,Sandra,Lawson,sandra.lawson@outlook.com,Dallas,High Value
2588,CUST_02588,Julia,Wolf,julia.wolf@yahoo.com,Sacramento,Churn Risk
2589,CUST_02589,Charles,Hunt,charles.hunt@outlook.com,Indianapolis,Deal Seeker
2590,CUST_02590,Matthew,Meyers,matthew.meyers@gmail.com,Chicago,Loyal Customer
2591,CUST_02591,Kyle,Hansen,kyle.hansen@outlook.com,New Orleans,High Value
2592,CUST_02592,James,Richardson,james.richardson@yahoo.com,Mesa,High Value
2593,CUST_02593,Jade,Buckley,jade.buckley@outlook.com,Memphis,Budget Shopper
2594,CUST_02594,Marilyn,Miranda,marilyn.miranda@outlook.com,Jacksonville,Budget Shopper
2595,CUST_02595,Mary,Turner,mary.turner@outlook.com,Charlotte,Budget Shopper
2596,CUST_02596,Natalie,Fox,natalie.fox@outlook.com,Las Vegas,In-Store Regular
2597,CUST_02597,Karen,Perry,karen.perry@gmail.com,Kansas City,High Value
2598,CUST_02598,Valerie,Lopez,valerie.lopez@yahoo.com,Mesa,Premium Shopper
2599,CUST_02599,Jason,Guzman,jason.guzman@outlook.com,Indianapolis,Occasional Shopper
2600,CUST_02600,Jonathan,Salazar,jonathan.salazar@outlook.com,Washington,Premium Shopper
2601,CUST_02601,Joseph,Torres,joseph.torres@yahoo.com,Albuquerque,Churn Risk
2602,CUST_02602,Terry,Spears,terry.spears@outlook.com,Charlotte,Premium Shopper
2603,CUST_02603,Michael,Wilson,michael.wilson@outlook.com,Nashville,First-time Buyer
2604,CUST_02604,Carol,Harrington,carol.harrington@gmail.com,San Jose,First-time Buyer
2605,CUST_02605,Michael,Hubbard,michael.hubbard@gmail.com,Mesa,Deal Seeker
2606,CUST_02606,Robert,Brown,robert.brown@yahoo.com,Milwaukee,Churn Risk
2607,CUST_02607,Terri,Singleton,terri.singleton@outlook.com,Kansas City,High Value
2608,CUST_02608,Robert,Davis,robert.davis@gmail.com,Los Angeles,In-Store Regular
2609,CUST_02609,Timothy,Obrien,timothy.obrien@gmail.com,Kansas City,Premium Shopper
2610,CUST_02610,Veronica,Campbell,veronica.campbell@gmail.com,Louisville,Budget Shopper
2611,CUST_02611,Stephen,Holder,stephen.holder@yahoo.com,Tulsa,First-time Buyer
2612,CUST_02612,Megan,Huber,megan.huber@outlook.com,Baltimore,Loyal Customer
2613,CUST_02613,Tyler,White,tyler.white@yahoo.com,Boston,Churn Risk
2614,CUST_02614,Nicole,Anderson,nicole.anderson@yahoo.com,Indianapolis,Deal Seeker
2615,CUST_02615,Megan,Ayers,megan.ayers@gmail.com,Seattle,Loyal Customer
2616,CUST_02616,John,Morales,john.morales@outlook.com,Memphis,Churn Risk
2617,CUST_02617,Tiffany,Oliver,tiffany.oliver@yahoo.com,Kansas City,Deal Seeker
2618,CUST_02618,Tasha,Rose,tasha.rose@outlook.com,El Paso,High Value
2619,CUST_02619,Michael,Smith,michael.smith@gmail.com,Fresno,Churn Risk
2620,CUST_02620,Jessica,Myers,jessica.myers@outlook.com,Columbus,Deal Seeker
2621,CUST_02621,Michael,Espinoza,michael.espinoza@yahoo.com,Austin,Deal Seeker
2622,CUST_02622,Andrea,Palmer,andrea.palmer@outlook.com,Nashville,Online Shopper
2623,CUST_02623,Michele,Graham,michele.graham@gmail.com,Oklahoma City,Occasional Shopper
2624,CUST_02624,Robert,Solis,robert.solis@outlook.com,New York,Deal Seeker
2625,CUST_02625,Paul,Turner,paul.turner@yahoo.com,Philadelphia,High Value
2626,CUST_02626,Regina,May,regina.may@outlook.com,Miami,In-Store Regular
2627,CUST_02627,Jeffrey,Smith,jeffrey.smith@gmail.com,Portland,First-time Buyer
2628,CUST_02628,Charles,Turner,charles.turner@outlook.com,Miami,Deal Seeker
2629,CUST_02629,Shannon,Boone,shannon.boone@gmail.com,Arlington,First-time Buyer
2630,CUST_02630,Megan,Davis,megan.davis@gmail.com,Nashville,High Value
2631,CUST_02631,William,Carroll,william.carroll@outlook.com,Philadelphia,Churn Risk
2632,CUST_02632,Kyle,Anderson,kyle.anderson@gmail.com,Seattle,First-time Buyer
2633,CUST_02633,Christine,Martinez,christine.martinez@outlook.com,Charlotte,Occasional Shopper
2634,CUST_02634,Elizabeth,Fuller,elizabeth.fuller@gmail.com,Columbus,High Value
2635,CUST_02635,Brandy,Lopez,brandy.lopez@outlook.com,Austin,Budget Shopper
2636,CUST_02636,Janice,Wilson,janice.wilson@gmail.com,Washington,Budget Shopper
2637,CUST_02637,Thomas,Lowery,thomas.lowery@gmail.com,Sacramento,Loyal Customer
2638,CUST_02638,Marissa,Martin,marissa.martin@yahoo.com,Tulsa,In-Store Regular
2639,CUST_02639,Kayla,Love,kayla.love@outlook.com,Milwaukee,Occasional Shopper
2640,CUST_02640,Katherine,Rodriguez,katherine.rodriguez@gmail.com,Baltimore,Occasional Shopper
2641,CUST_02641,Steven,Hall,steven.hall@yahoo.com,Columbus,Occasional Shopper
2642,CUST_02642,Jennifer,Andersen,jennifer.andersen@gmail.com,San Francisco,High Value
2643,CUST_02643,Jessica,Brown,jessica.brown@outlook.com,Minneapolis,Churn Risk
2644,CUST_02644,David,Barker,david.barker@outlook.com,Omaha,In-Store Regular
2645,CUST_02645,David,Rangel,david.rangel@yahoo.com,Colorado Springs,Online Shopper
2646,CUST_02646,Samuel,Spears,samuel.spears@yahoo.com,Long Beach,In-Store Regular
2647,CUST_02647,Cassandra,Scott,cassandra.scott@gmail.com,Chicago,Premium Shopper
2648,CUST_02648,Shane,Larson,shane.larson@outlook.com,Long Beach,First-time Buyer
2649,CUST_02649,Felicia,Scott,felicia.scott@gmail.com,San Jose,Premium Shopper
2650,CUST_02650,Jasmine,Graham,jasmine.graham@gmail.com,Dallas,Premium Shopper
2651,CUST_02651,Miranda,Clayton,miranda.clayton@outlook.com,Mesa,Budget Shopper
2652,CUST_02652,Nicholas,Hobbs,nicholas.hobbs@yahoo.com,San Diego,Churn Risk
2653,CUST_02653,Ricky,Smith,ricky.smith@outlook.com,Phoenix,Premium Shopper
2654,CUST_02654,Lauren,Carey,lauren.carey@gmail.com,Tulsa,Premium Shopper
2655,CUST_02655,Amy,Mcneil,amy.mcneil@gmail.com,Tulsa,Premium Shopper
2656,CUST_02656,Steven,Boyd,steven.boyd@gmail.com,Washington,Churn Risk
2657,CUST_02657,Theodore,Davis,theodore.davis@yahoo.com,Indianapolis,Premium Shopper
2658,CUST_02658,Mary,Moran,mary.moran@outlook.com,New Orleans,Budget Shopper
2659,CUST_02659,Jennifer,Jackson,jennifer.jackson@yahoo.com,Sacramento,High Value
2660,CUST_02660,Tyler,Gonzalez,tyler.gonzalez@outlook.com,San Antonio,High Value
2661,CUST_02661,Zachary,Williams,zachary.williams@gmail.com,Baltimore,First-time Buyer
2662,CUST_02662,Alicia,Campbell,alicia.campbell@outlook.com,San Francisco,Occasional Shopper
2663,CUST_02663,Michael,Cain,michael.cain@outlook.com,Milwaukee,Loyal Customer
2664,CUST_02664,Caroline,Wright,caroline.wright@gmail.com,Dallas,Deal Seeker
2665,CUST_02665,Todd,Montoya,todd.montoya@yahoo.com,Charlotte,In-Store Regular
2666,CUST_02666,David,Medina,david.medina@gmail.com,Portland,Premium Shopper
2667,CUST_02667,Steven,Moore,steven.moore@outlook.com,Kansas City,Premium Shopper
2668,CUST_02668,Debra,Glenn,debra.glenn@outlook.com,Raleigh,High Value
2669,CUST_02669,Brian,Owens,brian.owens@outlook.com,Memphis,Online Shopper
2670,CUST_02670,Kimberly,Wright,kimberly.wright@yahoo.com,Dallas,Budget Shopper
2671,CUST_02671,Christie,Morgan,christie.morgan@outlook.com,Denver,Premium Shopper
2672,CUST_02672,Mark,Jackson,mark.jackson@outlook.com,Memphis,Budget Shopper
2673,CUST_02673,Matthew,Olsen,matthew.olsen@outlook.com,New York,Online Shopper
2674,CUST_02674,Tara,Livingston,tara.livingston@yahoo.com,Philadelphia,Loyal Customer
2675,CUST_02675,Mary,Day,mary.day@gmail.com,Oakland,Online Shopper
2676,CUST_02676,Karen,Perry,karen.perry@yahoo.com,San Antonio,Budget Shopper
2677,CUST_02677,Maria,Simmons,maria.simmons@yahoo.com,Long Beach,Premium Shopper
2678,CUST_02678,Justin,Rivera,justin.rivera@gmail.com,Phoenix,High Value
2679,CUST_02679,Diane,Joseph,diane.joseph@gmail.com,Washington,Premium Shopper
2680,CUST_02680,Courtney,Peterson,courtney.peterson@outlook.com,Albuquerque,Online Shopper
2681,CUST_02681,Alexandra,Wagner,alexandra.wagner@outlook.com,Tampa,Occasional Shopper
2682,CUST_02682,Timothy,Gibbs,timothy.gibbs@gmail.com,Las Vegas,Churn Risk
2683,CUST_02683,Joseph,Johnson,joseph.johnson@yahoo.com,Philadelphia,First-time Buyer
2684,CUST_02684,Denise,Miller,denise.miller@gmail.com,Indianapolis,High Value
2685,CUST_02685,Joshua,Williams,joshua.williams@gmail.com,Seattle,Budget Shopper
2686,CUST_02686,Tiffany,Hernandez,tiffany.hernandez@yahoo.com,Philadelphia,First-time Buyer
2687,CUST_02687,Crystal,Chen,crystal.chen@outlook.com,Baltimore,In-Store Regular
2688,CUST_02688,Shannon,Ross,shannon.ross@outlook.com,Philadelphia,High Value
2689,CUST_02689,Evelyn,Murray,evelyn.murray@yahoo.com,Memphis,Loyal Customer
2690,CUST_02690,Dawn,Steele,dawn.steele@outlook.com,Oklahoma City,First-time Buyer
2691,CUST_02691,Andrea,Webb,andrea.webb@yahoo.com,Louisville,Budget Shopper
2692,CUST_02692,Vicki,Smith,vicki.smith@gmail.com,Omaha,High Value
2693,CUST_02693,Erik,Dickerson,erik.dickerson@outlook.com,Raleigh,Online Shopper
2694,CUST_02694,Jessica,Hall,jessica.hall@gmail.com,Las Vegas,High Value
2695,CUST_02695,Cynthia,Maddox,cynthia.maddox@outlook.com,Long Beach,In-Store Regular
2696,CUST_02696,Cassandra,Gonzalez,cassandra.gonzalez@gmail.com,Sacramento,First-time Buyer
2697,CUST_02697,Bradley,Carter,bradley.carter@yahoo.com,Louisville,Budget Shopper
2698,CUST_02698,Thomas,Burch,thomas.burch@yahoo.com,Austin,Online Shopper
2699,CUST_02699,Roger,Young,roger.young@yahoo.com,Sacramento,Loyal Customer
2700,CUST_02700,Jeremy,Mckinney,jeremy.mckinney@yahoo.com,Indianapolis,Occasional Shopper
2701,CUST_02701,Chelsea,Miller,chelsea.miller@yahoo.com,Detroit,Online Shopper
2702,CUST_02702,Andrea,Reynolds,andrea.reynolds@yahoo.com,Las Vegas,Budget Shopper
2703,CUST_02703,Stephen,Cameron,stephen.cameron@outlook.com,Washington,Occasional Shopper
2704,CUST_02704,Laura,Blackburn,laura.blackburn@gmail.com,Albuquerque,Deal Seeker
2705,CUST_02705,Jennifer,Sloan,jennifer.sloan@gmail.com,Indianapolis,First-time Buyer
2706,CUST_02706,Heather,Alvarado,heather.alvarado@outlook.com,Phoenix,High Value
2707,CUST_02707,Michael,Steele,michael.steele@yahoo.com,San Francisco,In-Store Regular
2708,CUST_02708,Donna,Gonzalez,donna.gonzalez@yahoo.com,Chicago,Online Shopper
2709,CUST_02709,Megan,Combs,megan.combs@yahoo.com,Sacramento,Occasional Shopper
2710,CUST_02710,Tammy,Snyder,tammy.snyder@outlook.com,Miami,First-time Buyer
2711,CUST_02711,Pamela,Price,pamela.price@yahoo.com,Washington,Deal Seeker
2712,CUST_02712,Katherine,Diaz,katherine.diaz@outlook.com,Louisville,Deal Seeker
2713,CUST_02713,David,Herman,david.herman@outlook.com,Portland,Churn Risk
2714,CUST_02714,Jorge,Hall,jorge.hall@yahoo.com,Washington,Budget Shopper
2715,CUST_02715,Megan,Proctor,megan.proctor@yahoo.com,Fort Worth,First-time Buyer
2716,CUST_02716,Heather,Ryan,heather.ryan@yahoo.com,San Diego,Loyal Customer
2717,CUST_02717,Cameron,Bell,cameron.bell@gmail.com,Boston,Budget Shopper
2718,CUST_02718,Matthew,Jordan,matthew.jordan@outlook.com,Philadelphia,Online Shopper
2719,CUST_02719,James,Avery,james.avery@gmail.com,Fresno,In-Store Regular
2720,CUST_02720,Edwin,Schmidt,edwin.schmidt@yahoo.com,Atlanta,Occasional Shopper
2721,CUST_02721,Andrea,Carlson,andrea.carlson@gmail.com,Seattle,High Value
2722,CUST_02722,Donna,Jones,donna.jones@yahoo.com,Denver,Churn Risk
2723,CUST_02723,John,Flowers,john.flowers@yahoo.com,New Orleans,Budget Shopper
2724,CUST_02724,Michael,Nicholson,michael.nicholson@gmail.com,Jacksonville,In-Store Regular
2725,CUST_02725,Christina,Morales,christina.morales@gmail.com,Fresno,In-Store Regular
2726,CUST_02726,Olivia,Sullivan,olivia.sullivan@yahoo.com,Indianapolis,Budget Shopper
2727,CUST_02727,Noah,Mccoy,noah.mccoy@outlook.com,New Orleans,High Value
2728,CUST_02728,Fernando,Harrison,fernando.harrison@outlook.com,San Jose,Loyal Customer
2729,CUST_02729,Barbara,Gardner,barbara.gardner@gmail.com,Columbus,Deal Seeker
2730,CUST_02730,John,Jones,john.jones@yahoo.com,Minneapolis,In-Store Regular
2731,CUST_02731,Brandy,Nguyen,brandy.nguyen@yahoo.com,Virginia Beach,First-time Buyer
2732,CUST_02732,Jim,Mitchell,jim.mitchell@gmail.com,Los Angeles,Loyal Customer
2733,CUST_02733,Antonio,Vasquez,antonio.vasquez@gmail.com,Denver,First-time Buyer
2734,CUST_02734,Joshua,Martinez,joshua.martinez@gmail.com,Louisville,Churn Risk
2735,CUST_02735,Jennifer,Smith,jennifer.smith@outlook.com,Oklahoma City,Loyal Customer
2736,CUST_02736,John,Chang,john.chang@outlook.com,Nashville,In-Store Regular
2737,CUST_02737,Brent,Mcclain,brent.mcclain@gmail.com,San Antonio,Deal Seeker
2738,CUST_02738,Andrew,Mercer,andrew.mercer@outlook.com,New York,High Value
2739,CUST_02739,Alexandra,Powell,alexandra.powell@yahoo.com,Tulsa,Loyal Customer
2740,CUST_02740,Timothy,Williams,timothy.williams@outlook.com,Detroit,First-time Buyer
2741,CUST_02741,Sherri,Phillips,sherri.phillips@yahoo.com,Los Angeles,Deal Seeker
2742,CUST_02742,Mary,Rhodes,mary.rhodes@yahoo.com,Atlanta,Budget Shopper
2743,CUST_02743,Kyle,Wilson,kyle.wilson@yahoo.com,Philadelphia,Loyal Customer
2744,CUST_02744,Brian,May,brian.may@yahoo.com,Los Angeles,Deal Seeker
2745,CUST_02745,Michael,Kim,michael.kim@gmail.com,Minneapolis,Occasional Shopper
2746,CUST_02746,Kathy,Dudley,kathy.dudley@outlook.com,Oakland,Deal Seeker
2747,CUST_02747,Jessica,Owens,jessica.owens@gmail.com,Minneapolis,Budget Shopper
2748,CUST_02748,Benjamin,Wells,benjamin.wells@outlook.com,Fresno,Deal Seeker
2749,CUST_02749,Elizabeth,Griffith,elizabeth.griffith@yahoo.com,Denver,Deal Seeker
2750,CUST_02750,Todd,Orr,todd.orr@gmail.com,New Orleans,Occasional Shopper
2751,CUST_02751,Barbara,Greene,barbara.greene@gmail.com,Tucson,Churn Risk
2752,CUST_02752,Christine,Krause,christine.krause@gmail.com,Denver,Occasional Shopper
2753,CUST_02753,Robert,Palmer,robert.palmer@gmail.com,San Antonio,Deal Seeker
2754,CUST_02754,Juan,King,juan.king@outlook.com,Arlington,Budget Shopper
2755,CUST_02755,Brian,Walker,brian.walker@gmail.com,Colorado Springs,In-Store Regular
2756,CUST_02756,Shannon,Delgado,shannon.delgado@gmail.com,Houston,Churn Risk
2757,CUST_02757,Brooke,Carey,brooke.carey@gmail.com,Dallas,Budget Shopper
2758,CUST_02758,Richard,Gutierrez,richard.gutierrez@gmail.com,Portland,Churn Risk
2759,CUST_02759,Elizabeth,Ballard,elizabeth.ballard@outlook.com,Arlington,Loyal Customer
2760,CUST_02760,Kathleen,Curtis,kathleen.curtis@outlook.com,Las Vegas,Budget Shopper
2761,CUST_02761,Todd,Morrison,todd.morrison@yahoo.com,Atlanta,First-time Buyer
2762,CUST_02762,Heather,Kelley,heather.kelley@gmail.com,San Jose,Occasional Shopper
2763,CUST_02763,David,Murray,david.murray@outlook.com,El Paso,Budget Shopper
2764,CUST_02764,Kara,Kerr,kara.kerr@yahoo.com,Jacksonville,High Value
2765,CUST_02765,Rachel,Gill,rachel.gill@yahoo.com,San Jose,Loyal Customer
2766,CUST_02766,Danielle,Collins,danielle.collins@yahoo.com,New York,First-time Buyer
2767,CUST_02767,Kimberly,Greene,kimberly.greene@gmail.com,Minneapolis,Premium Shopper
2768,CUST_02768,Stacie,Wong,stacie.wong@gmail.com,Philadelphia,In-Store Regular
2769,CUST_02769,Sean,Miller,sean.miller@outlook.com,Milwaukee,Churn Risk
2770,CUST_02770,Stephanie,Banks,stephanie.banks@gmail.com,Minneapolis,In-Store Regular
2771,CUST_02771,Barry,Ramirez,barry.ramirez@outlook.com,Louisville,Premium Shopper
2772,CUST_02772,Carrie,Cook,carrie.cook@gmail.com,Austin,Budget Shopper
2773,CUST_02773,Karen,Gutierrez,karen.gutierrez@yahoo.com,Jacksonville,First-time Buyer
2774,CUST_02774,Tina,Guzman,tina.guzman@outlook.com,Oklahoma City,In-Store Regular
2775,CUST_02775,Shane,Shelton,shane.shelton@outlook.com,Chicago,First-time Buyer
2776,CUST_02776,Walter,Johnston,walter.johnston@outlook.com,Milwaukee,Churn Risk
2777,CUST_02777,Madison,Chen,madison.chen@yahoo.com,Tucson,Budget Shopper
2778,CUST_02778,Tina,Garcia,tina.garcia@gmail.com,Colorado Springs,Occasional Shopper
2779,CUST_02779,Katrina,Moore,katrina.moore@outlook.com,Dallas,In-Store Regular
2780,CUST_02780,Billy,Perez,billy.perez@gmail.com,Houston,Deal Seeker
2781,CUST_02781,Joseph,Gray,joseph.gray@outlook.com,Fresno,Budget Shopper
2782,CUST_02782,Jake,Leonard,jake.leonard@gmail.com,Philadelphia,Loyal Customer
2783,CUST_02783,Richard,Salazar,richard.salazar@gmail.com,Columbus,First-time Buyer
2784,CUST_02784,Lisa,Johnson,lisa.johnson@gmail.com,Chicago,Online Shopper
2785,CUST_02785,Carolyn,Moreno,carolyn.moreno@gmail.com,Albuquerque,Deal Seeker
2786,CUST_02786,Paul,Yu,paul.yu@gmail.com,Tucson,Occasional Shopper
2787,CUST_02787,Alexandra,Silva,alexandra.silva@gmail.com,New York,In-Store Regular
2788,CUST_02788,William,Cobb,william.cobb@yahoo.com,San Jose,Loyal Customer
2789,CUST_02789,Cameron,Bradley,cameron.bradley@yahoo.com,Phoenix,First-time Buyer
2790,CUST_02790,Brooke,Smith,brooke.smith@gmail.com,Memphis,Loyal Customer
2791,CUST_02791,Jack,Lam,jack.lam@outlook.com,New Orleans,High Value
2792,CUST_02792,Sheri,Moss,sheri.moss@outlook.com,Oakland,Online Shopper
2793,CUST_02793,Christopher,Morris,christopher.morris@outlook.com,Oakland,Occasional Shopper
2794,CUST_02794,Michael,Warren,michael.warren@outlook.com,New Orleans,High Value
2795,CUST_02795,Yvonne,Ellis,yvonne.ellis@yahoo.com,Kansas City,First-time Buyer
2796,CUST_02796,Andrew,Burke,andrew.burke@gmail.com,El Paso,Loyal Customer
2797,CUST_02797,Lisa,Parsons,lisa.parsons@yahoo.com,Omaha,Occasional Shopper
2798,CUST_02798,Jeremy,Hogan,jeremy.hogan@outlook.com,Tampa,In-Store Regular
2799,CUST_02799,Lisa,Allen,lisa.allen@gmail.com,Nashville,Occasional Shopper
2800,CUST_02800,Mary,Diaz,mary.diaz@yahoo.com,Dallas,High Value
2801,CUST_02801,George,Jackson,george.jackson@yahoo.com,Omaha,Occasional Shopper
2802,CUST_02802,Michael,Price,michael.price@yahoo.com,Houston,Occasional Shopper
2803,CUST_02803,Benjamin,Anderson,benjamin.anderson@gmail.com,Nashville,Occasional Shopper
2804,CUST_02804,Cheryl,Reid,cheryl.reid@outlook.com,Austin,Churn Risk
2805,CUST_02805,Robert,Hill,robert.hill@outlook.com,Los Angeles,Occasional Shopper
2806,CUST_02806,Edward,Young,edward.young@yahoo.com,Phoenix,Budget Shopper
2807,CUST_02807,Anthony,Wilcox,anthony.wilcox@gmail.com,Nashville,First-time Buyer
2808,CUST_02808,Zachary,Griffith,zachary.griffith@yahoo.com,Milwaukee,Occasional Shopper
2809,CUST_02809,Michael,Gibbs,michael.gibbs@outlook.com,Columbus,Churn Risk
2810,CUST_02810,Brian,Martin,brian.martin@yahoo.com,Oakland,Loyal Customer
2811,CUST_02811,Luis,Green,luis.green@outlook.com,Tucson,Churn Risk
2812,CUST_02812,Traci,Newman,traci.newman@gmail.com,Los Angeles,Loyal Customer
2813,CUST_02813,Christian,Knapp,christian.knapp@gmail.com,Minneapolis,Occasional Shopper
2814,CUST_02814,Darryl,Kramer,darryl.kramer@gmail.com,Chicago,Occasional Shopper
2815,CUST_02815,Crystal,Craig,crystal.craig@gmail.com,Phoenix,Churn Risk
2816,CUST_02816,Tiffany,Farley,tiffany.farley@yahoo.com,Philadelphia,Online Shopper
2817,CUST_02817,Benjamin,Clayton,benjamin.clayton@gmail.com,Albuquerque,Churn Risk
2818,CUST_02818,Joshua,Welch,joshua.welch@outlook.com,Mesa,Loyal Customer
2819,CUST_02819,Emily,Richards,emily.richards@yahoo.com,San Antonio,Premium Shopper
2820,CUST_02820,Debra,Johnston,debra.johnston@gmail.com,Indianapolis,First-time Buyer
2821,CUST_02821,Michael,Brewer,michael.brewer@yahoo.com,Virginia Beach,In-Store Regular
2822,CUST_02822,Carlos,Whitaker,carlos.whitaker@gmail.com,Tulsa,Premium Shopper
2823,CUST_02823,Connie,Fletcher,connie.fletcher@outlook.com,Portland,In-Store Regular
2824,CUST_02824,Angela,Carson,angela.carson@outlook.com,Atlanta,First-time Buyer
2825,CUST_02825,Jeremy,Thomas,jeremy.thomas@gmail.com,Miami,Budget Shopper
2826,CUST_02826,Tammy,Patterson,tammy.patterson@gmail.com,Los Angeles,Deal Seeker
2827,CUST_02827,Patricia,Martinez,patricia.martinez@gmail.com,San Francisco,Loyal Customer
2828,CUST_02828,Mark,Reid,mark.reid@outlook.com,Jacksonville,Churn Risk
2829,CUST_02829,Kimberly,Hanson,kimberly.hanson@gmail.com,Kansas City,High Value
2830,CUST_02830,Vanessa,Aguilar,vanessa.aguilar@gmail.com,New Orleans,High Value
2831,CUST_02831,Michael,Ingram,michael.ingram@yahoo.com,San Antonio,Premium Shopper
2832,CUST_02832,Lynn,Welch,lynn.welch@outlook.com,Tampa,Occasional Shopper
2833,CUST_02833,Jorge,Kerr,jorge.kerr@outlook.com,Philadelphia,Online Shopper
2834,CUST_02834,Karen,Branch,karen.branch@outlook.com,Portland,Premium Shopper
2835,CUST_02835,Leonard,King,leonard.king@gmail.com,Chicago,Churn Risk
2836,CUST_02836,William,Harris,william.harris@outlook.com,Detroit,Loyal Customer
2837,CUST_02837,Patrick,Morris,patrick.morris@outlook.com,Louisville,High Value
2838,CUST_02838,Aaron,Hanson,aaron.hanson@outlook.com,Columbus,Online Shopper
2839,CUST_02839,Vanessa,Martinez,vanessa.martinez@yahoo.com,New Orleans,Loyal Customer
2840,CUST_02840,Becky,Bartlett,becky.bartlett@gmail.com,Baltimore,Churn Risk
2841,CUST_02841,Harold,Shelton,harold.shelton@gmail.com,Portland,High Value
2842,CUST_02842,Emily,Rogers,emily.rogers@outlook.com,El Paso,In-Store Regular
2843,CUST_02843,Margaret,Moss,margaret.moss@yahoo.com,Boston,Budget Shopper
2844,CUST_02844,Brandon,Mcdowell,brandon.mcdowell@outlook.com,Portland,Occasional Shopper
2845,CUST_02845,David,Wall,david.wall@yahoo.com,San Antonio,Loyal Customer
2846,CUST_02846,Gina,Marshall,gina.marshall@outlook.com,Tulsa,Churn Risk
2847,CUST_02847,Harold,Richards,harold.richards@gmail.com,Baltimore,Occasional Shopper
2848,CUST_02848,Laura,Walter,laura.walter@gmail.com,Tampa,First-time Buyer
2849,CUST_02849,April,Marshall,april.marshall@outlook.com,Atlanta,Churn Risk
2850,CUST_02850,Jerry,Sanders,jerry.sanders@gmail.com,Minneapolis,Budget Shopper
2851,CUST_02851,Angela,Moody,angela.moody@yahoo.com,Chicago,Occasional Shopper
2852,CUST_02852,Michele,Miller,michele.miller@yahoo.com,Albuquerque,Loyal Customer
2853,CUST_02853,Whitney,Valencia,whitney.valencia@outlook.com,Tampa,Premium Shopper
2854,CUST_02854,Denise,Bennett,denise.bennett@outlook.com,Nashville,Premium Shopper
2855,CUST_02855,Stacey,Long,stacey.long@yahoo.com,Raleigh,First-time Buyer
2856,CUST_02856,Cindy,Taylor,cindy.taylor@outlook.com,Arlington,Occasional Shopper
2857,CUST_02857,William,Miller,william.miller@gmail.com,Omaha,First-time Buyer
2858,CUST_02858,Robert,Henderson,robert.henderson@yahoo.com,Omaha,Loyal Customer
2859,CUST_02859,Mary,Cox,mary.cox@gmail.com,Omaha,Occasional Shopper
2860,CUST_02860,Brianna,Dickson,brianna.dickson@yahoo.com,Houston,Premium Shopper
2861,CUST_02861,Samantha,Brown,samantha.brown@outlook.com,Tulsa,Churn Risk
2862,CUST_02862,Ian,Mills,ian.mills@outlook.com,Phoenix,Churn Risk
2863,CUST_02863,James,Miles,james.miles@outlook.com,Jacksonville,Budget Shopper
2864,CUST_02864,Sara,Turner,sara.turner@outlook.com,Philadelphia,In-Store Regular
2865,CUST_02865,Terri,Carter,terri.carter@gmail.com,Sacramento,High Value
2866,CUST_02866,Diana,Reyes,diana.reyes@yahoo.com,Baltimore,Loyal Customer
2867,CUST_02867,Lacey,Hebert,lacey.hebert@outlook.com,Houston,Online Shopper
2868,CUST_02868,Marcus,Santos,marcus.santos@outlook.com,Miami,Premium Shopper
2869,CUST_02869,Ellen,Becker,ellen.becker@gmail.com,San Antonio,Loyal Customer
2870,CUST_02870,Catherine,Perry,catherine.perry@gmail.com,Austin,In-Store Regular
2871,CUST_02871,Christopher,Matthews,christopher.matthews@gmail.com,Long Beach,Churn Risk
2872,CUST_02872,Erica,Hansen,erica.hansen@yahoo.com,New York,Occasional Shopper
2873,CUST_02873,Linda,Morris,linda.morris@outlook.com,Indianapolis,Budget Shopper
2874,CUST_02874,Linda,Joseph,linda.joseph@outlook.com,Portland,Premium Shopper
2875,CUST_02875,Alexa,Edwards,alexa.edwards@yahoo.com,Tulsa,Budget Shopper
2876,CUST_02876,James,Wells,james.wells@yahoo.com,Columbus,Loyal Customer
2877,CUST_02877,Peter,Mooney,peter.mooney@outlook.com,Los Angeles,Online Shopper
2878,CUST_02878,Carolyn,Smith,carolyn.smith@gmail.com,Albuquerque,Online Shopper
2879,CUST_02879,Rose,Johnston,rose.johnston@yahoo.com,Washington,Online Shopper
2880,CUST_02880,Stephen,Hayes,stephen.hayes@outlook.com,New Orleans,Loyal Customer
2881,CUST_02881,Nicholas,Welch,nicholas.welch@outlook.com,San Francisco,Online Shopper
2882,CUST_02882,Lisa,Page,lisa.page@gmail.com,Tulsa,Churn Risk
2883,CUST_02883,Paul,Rodriguez,paul.rodriguez@outlook.com,Oakland,High Value
2884,CUST_02884,Jose,Estrada,jose.estrada@yahoo.com,Oakland,Deal Seeker
2885,CUST_02885,Allen,Taylor,allen.taylor@outlook.com,El Paso,Online Shopper
2886,CUST_02886,Antonio,Flynn,antonio.flynn@yahoo.com,Tampa,Churn Risk
2887,CUST_02887,Mark,Jimenez,mark.jimenez@yahoo.com,Detroit,Churn Risk
2888,CUST_02888,Mary,Burnett,mary.burnett@gmail.com,Phoenix,Online Shopper
2889,CUST_02889,Christina,Ferguson,christina.ferguson@gmail.com,New York,Churn Risk
2890,CUST_02890,Dana,Wood,dana.wood@gmail.com,Memphis,Churn Risk
2891,CUST_02891,Andrea,Norton,andrea.norton@gmail.com,Oklahoma City,First-time Buyer
2892,CUST_02892,Sarah,Vazquez,sarah.vazquez@gmail.com,Washington,High Value
2893,CUST_02893,Kimberly,Stephenson,kimberly.stephenson@outlook.com,Chicago,High Value
2894,CUST_02894,Ashley,Payne,ashley.payne@gmail.com,Milwaukee,Premium Shopper
2895,CUST_02895,Aaron,Harris,aaron.harris@outlook.com,Tampa,Online Shopper
2896,CUST_02896,Maurice,Ortega,maurice.ortega@yahoo.com,Portland,First-time Buyer
2897,CUST_02897,Robert,Webster,robert.webster@yahoo.com,Mesa,Premium Shopper
2898,CUST_02898,Alejandra,Reyes,alejandra.reyes@outlook.com,Arlington,Budget Shopper
2899,CUST_02899,Mike,Cook,mike.cook@outlook.com,Sacramento,Deal Seeker
2900,CUST_02900,William,Brown,william.brown@gmail.com,Columbus,Churn Risk
2901,CUST_02901,Jeff,Lee,jeff.lee@yahoo.com,Detroit,High Value
2902,CUST_02902,Paul,Kerr,paul.kerr@outlook.com,Omaha,First-time Buyer
2903,CUST_02903,Angela,Gonzalez,angela.gonzalez@yahoo.com,Miami,High Value
2904,CUST_02904,Brandon,Crosby,brandon.crosby@gmail.com,Tulsa,First-time Buyer
2905,CUST_02905,Diane,Peterson,diane.peterson@gmail.com,Virginia Beach,Churn Risk
2906,CUST_02906,Kevin,Cooper,kevin.cooper@yahoo.com,Tampa,Loyal Customer
2907,CUST_02907,Michelle,Davis,michelle.davis@outlook.com,Denver,Loyal Customer
2908,CUST_02908,Lisa,Mendez,lisa.mendez@yahoo.com,San Antonio,Budget Shopper
2909,CUST_02909,Laura,Lopez,laura.lopez@outlook.com,Tucson,High Value
2910,CUST_02910,Scott,Sampson,scott.sampson@outlook.com,Omaha,Occasional Shopper
2911,CUST_02911,Jessica,Simon,jessica.simon@yahoo.com,Kansas City,Premium Shopper
2912,CUST_02912,Anthony,Johnson,anthony.johnson@outlook.com,San Jose,Deal Seeker
2913,CUST_02913,Mark,Walton,mark.walton@yahoo.com,Oklahoma City,Premium Shopper
2914,CUST_02914,Kristin,Henry,kristin.henry@yahoo.com,Washington,Loyal Customer
2915,CUST_02915,Matthew,Cobb,matthew.cobb@gmail.com,Boston,In-Store Regular
2916,CUST_02916,Gregory,Larsen,gregory.larsen@yahoo.com,Fresno,Premium Shopper
2917,CUST_02917,Paige,Jordan,paige.jordan@yahoo.com,Mesa,Deal Seeker
2918,CUST_02918,Tonya,Caldwell,tonya.caldwell@yahoo.com,El Paso,Budget Shopper
2919,CUST_02919,Douglas,Martinez,douglas.martinez@gmail.com,Tucson,First-time Buyer
2920,CUST_02920,Keith,Pearson,keith.pearson@gmail.com,Houston,First-time Buyer
2921,CUST_02921,Amanda,Stewart,amanda.stewart@yahoo.com,Virginia Beach,Occasional Shopper
2922,CUST_02922,Maria,Weaver,maria.weaver@gmail.com,Virginia Beach,Budget Shopper
2923,CUST_02923,Michelle,Morgan,michelle.morgan@yahoo.com,Boston,Churn Risk
2924,CUST_02924,Kelly,Wilson,kelly.wilson@gmail.com,Los Angeles,High Value
2925,CUST_02925,Luke,Morris,luke.morris@yahoo.com,Charlotte,Churn Risk
2926,CUST_02926,Melissa,Clark,melissa.clark@outlook.com,Jacksonville,Churn Risk
2927,CUST_02927,Jonathan,Bates,jonathan.bates@outlook.com,New York,High Value
2928,CUST_02928,Ashley,Avery,ashley.avery@outlook.com,Memphis,In-Store Regular
2929,CUST_02929,Ann,Hartman,ann.hartman@gmail.com,Milwaukee,In-Store Regular
2930,CUST_02930,Ian,Sherman,ian.sherman@yahoo.com,Kansas City,Loyal Customer
2931,CUST_02931,Benjamin,Torres,benjamin.torres@gmail.com,San Antonio,Occasional Shopper
2932,CUST_02932,Tammie,Griffin,tammie.griffin@yahoo.com,Charlotte,In-Store Regular
2933,CUST_02933,Kimberly,White,kimberly.white@outlook.com,Oakland,First-time Buyer
2934,CUST_02934,Marie,Montgomery,marie.montgomery@gmail.com,El Paso,High Value
2935,CUST_02935,Douglas,Jackson,douglas.jackson@yahoo.com,Raleigh,Online Shopper
2936,CUST_02936,Tina,Pace,tina.pace@yahoo.com,Oklahoma City,Loyal Customer
2937,CUST_02937,Paige,Davis,paige.davis@outlook.com,Fresno,Premium Shopper
2938,CUST_02938,Brian,Baker,brian.baker@outlook.com,Washington,Budget Shopper
2939,CUST_02939,Karen,Strickland,karen.strickland@outlook.com,Mesa,Deal Seeker
2940,CUST_02940,Katrina,Gould,katrina.gould@gmail.com,Jacksonville,Budget Shopper
2941,CUST_02941,Mark,Brown,mark.brown@yahoo.com,Dallas,Budget Shopper
2942,CUST_02942,Paul,Henderson,paul.henderson@outlook.com,San Antonio,Deal Seeker
2943,CUST_02943,Walter,Blair,walter.blair@outlook.com,Chicago,Occasional Shopper
2944,CUST_02944,Victor,Snow,victor.snow@gmail.com,Washington,In-Store Regular
2945,CUST_02945,Deanna,Stout,deanna.stout@outlook.com,Philadelphia,Budget Shopper
2946,CUST_02946,Johnny,Pierce,johnny.pierce@outlook.com,Austin,Budget Shopper
2947,CUST_02947,Wendy,Gregory,wendy.gregory@outlook.com,Indianapolis,First-time Buyer
2948,CUST_02948,Ruth,Harris,ruth.harris@yahoo.com,Boston,Premium Shopper
2949,CUST_02949,Justin,Allen,justin.allen@yahoo.com,Long Beach,High Value
2950,CUST_02950,Jennifer,Ashley,jennifer.ashley@gmail.com,Phoenix,Loyal Customer
2951,CUST_02951,Tony,Holt,tony.holt@gmail.com,Memphis,In-Store Regular
2952,CUST_02952,Mary,Thomas,mary.thomas@gmail.com,Los Angeles,First-time Buyer
2953,CUST_02953,Joseph,Grant,joseph.grant@gmail.com,Long Beach,Churn Risk
2954,CUST_02954,Julia,Murphy,julia.murphy@gmail.com,Philadelphia,In-Store Regular
2955,CUST_02955,Terry,Jones,terry.jones@yahoo.com,Kansas City,Churn Risk
2956,CUST_02956,Brenda,Ball,brenda.ball@yahoo.com,Houston,Premium Shopper
2957,CUST_02957,Paul,Woods,paul.woods@outlook.com,Oakland,High Value
2958,CUST_02958,Andrew,Andrews,andrew.andrews@outlook.com,Arlington,Occasional Shopper
2959,CUST_02959,Christopher,Evans,christopher.evans@gmail.com,New York,Online Shopper
2960,CUST_02960,Luis,Ochoa,luis.ochoa@outlook.com,San Jose,In-Store Regular
2961,CUST_02961,Michael,Carroll,michael.carroll@outlook.com,Sacramento,Occasional Shopper
2962,CUST_02962,Kathleen,Green,kathleen.green@yahoo.com,Las Vegas,High Value
2963,CUST_02963,Samantha,Morrison,samantha.morrison@outlook.com,El Paso,Budget Shopper
2964,CUST_02964,Scott,Huang,scott.huang@gmail.com,Miami,In-Store Regular
2965,CUST_02965,Amber,Wiley,amber.wiley@gmail.com,Milwaukee,Deal Seeker
2966,CUST_02966,Nathan,Miller,nathan.miller@outlook.com,Washington,Occasional Shopper
2967,CUST_02967,Tony,Thompson,tony.thompson@yahoo.com,Milwaukee,Occasional Shopper
2968,CUST_02968,Charles,Leonard,charles.leonard@outlook.com,Milwaukee,Premium Shopper
2969,CUST_02969,Allen,Harvey,allen.harvey@yahoo.com,Minneapolis,Loyal Customer
2970,CUST_02970,William,Ramirez,william.ramirez@gmail.com,Austin,Budget Shopper
2971,CUST_02971,Larry,Garcia,larry.garcia@outlook.com,Albuquerque,High Value
2972,CUST_02972,James,Thomas,james.thomas@yahoo.com,Jacksonville,Premium Shopper
2973,CUST_02973,Chelsea,Ramsey,chelsea.ramsey@gmail.com,Houston,High Value
2974,CUST_02974,Jake,Hayes,jake.hayes@yahoo.com,Seattle,Deal Seeker
2975,CUST_02975,Brittney,Andrade,brittney.andrade@outlook.com,Chicago,Online Shopper
2976,CUST_02976,Laura,Cook,laura.cook@yahoo.com,Raleigh,High Value
2977,CUST_02977,Justin,Montoya,justin.montoya@gmail.com,Fresno,Churn Risk
2978,CUST_02978,Wesley,Mullins,wesley.mullins@outlook.com,Phoenix,First-time Buyer
2979,CUST_02979,Tammie,Ray,tammie.ray@yahoo.com,Seattle,Online Shopper
2980,CUST_02980,Nicole,Taylor,nicole.taylor@outlook.com,Washington,Churn Risk
2981,CUST_02981,Alicia,Meyer,alicia.meyer@outlook.com,Milwaukee,Deal Seeker
2982,CUST_02982,Tyler,Bernard,tyler.bernard@outlook.com,Tampa,Loyal Customer
2983,CUST_02983,Tabitha,Alvarado,tabitha.alvarado@gmail.com,Miami,Budget Shopper
2984,CUST_02984,Erik,Contreras,erik.contreras@outlook.com,Milwaukee,First-time Buyer
2985,CUST_02985,Amanda,Faulkner,amanda.faulkner@outlook.com,Houston,High Value
2986,CUST_02986,Teresa,Taylor,teresa.taylor@outlook.com,Jacksonville,Online Shopper
2987,CUST_02987,Olivia,Miller,olivia.miller@outlook.com,Miami,In-Store Regular
2988,CUST_02988,Christina,Smith,christina.smith@outlook.com,Chicago,Online Shopper
2989,CUST_02989,Alex,Kramer,alex.kramer@gmail.com,El Paso,Online Shopper
2990,CUST_02990,Jermaine,Rowland,jermaine.rowland@yahoo.com,Portland,First-time Buyer
2991,CUST_02991,Troy,Roth,troy.roth@outlook.com,Minneapolis,Premium Shopper
2992,CUST_02992,Jose,Chase,jose.chase@outlook.com,Phoenix,Premium Shopper
2993,CUST_02993,Brian,Dixon,brian.dixon@gmail.com,Philadelphia,Premium Shopper
2994,CUST_02994,Ryan,Johnson,ryan.johnson@gmail.com,Fort Worth,Churn Risk
2995,CUST_02995,Jonathan,Robbins,jonathan.robbins@yahoo.com,Omaha,Loyal Customer
2996,CUST_02996,Maureen,Lambert,maureen.lambert@outlook.com,Oakland,Budget Shopper
2997,CUST_02997,Karen,Donaldson,karen.donaldson@outlook.com,Miami,Budget Shopper
2998,CUST_02998,Patricia,Wallace,patricia.wallace@yahoo.com,Portland,Occasional Shopper
2999,CUST_02999,Kenneth,Cox,kenneth.cox@outlook.com,Mesa,Premium Shopper
3000,CUST_03000,Emily,Scott,emily.scott@gmail.com,San Antonio,Deal Seeker
3001,CUST_03001,Justin,Williams,justin.williams@outlook.com,Mesa,Occasional Shopper
3002,CUST_03002,Derek,Price,derek.price@outlook.com,Fresno,Deal Seeker
3003,CUST_03003,Nancy,Smith,nancy.smith@yahoo.com,Mesa,Occasional Shopper
3004,CUST_03004,Christopher,Baker,christopher.baker@gmail.com,Houston,Premium Shopper
3005,CUST_03005,Brenda,Schneider,brenda.schneider@outlook.com,Tucson,In-Store Regular
3006,CUST_03006,Laura,Smith,laura.smith@gmail.com,Omaha,First-time Buyer
3007,CUST_03007,Steven,Griffin,steven.griffin@yahoo.com,Miami,Premium Shopper
3008,CUST_03008,Jesse,Davenport,jesse.davenport@outlook.com,Oklahoma City,Occasional Shopper
3009,CUST_03009,Earl,Shields,earl.shields@outlook.com,San Francisco,Deal Seeker
3010,CUST_03010,Michael,Williamson,michael.williamson@yahoo.com,San Francisco,Loyal Customer
3011,CUST_03011,Tammy,Walters,tammy.walters@yahoo.com,Philadelphia,In-Store Regular
3012,CUST_03012,Theresa,Lucas,theresa.lucas@outlook.com,Fort Worth,Premium Shopper
3013,CUST_03013,Rebecca,Davenport,rebecca.davenport@gmail.com,Las Vegas,Online Shopper
3014,CUST_03014,Erik,Rios,erik.rios@gmail.com,Albuquerque,Occasional Shopper
3015,CUST_03015,Kevin,Hendrix,kevin.hendrix@yahoo.com,Omaha,Budget Shopper
3016,CUST_03016,Kara,Harris,kara.harris@gmail.com,Raleigh,Budget Shopper
3017,CUST_03017,Mary,Skinner,mary.skinner@yahoo.com,Phoenix,First-time Buyer
3018,CUST_03018,Sarah,Hoover,sarah.hoover@yahoo.com,Long Beach,Deal Seeker
3019,CUST_03019,Jerry,Duncan,jerry.duncan@gmail.com,Washington,Deal Seeker
3020,CUST_03020,Bryan,Garcia,bryan.garcia@yahoo.com,Memphis,Budget Shopper
3021,CUST_03021,Mitchell,Ortiz,mitchell.ortiz@outlook.com,Fresno,Online Shopper
3022,CUST_03022,Rebecca,Kennedy,rebecca.kennedy@outlook.com,Miami,Online Shopper
3023,CUST_03023,Daniel,May,daniel.may@yahoo.com,San Francisco,Budget Shopper
3024,CUST_03024,James,Morris,james.morris@outlook.com,Atlanta,High Value
3025,CUST_03025,Erica,Summers,erica.summers@gmail.com,San Francisco,Premium Shopper
3026,CUST_03026,Matthew,Ball,matthew.ball@outlook.com,Las Vegas,Budget Shopper
3027,CUST_03027,Emily,Lowery,emily.lowery@yahoo.com,Kansas City,Premium Shopper
3028,CUST_03028,Michael,Gallagher,michael.gallagher@yahoo.com,Boston,Loyal Customer
3029,CUST_03029,Dennis,Hines,dennis.hines@outlook.com,Charlotte,Churn Risk
3030,CUST_03030,Kevin,Olsen,kevin.olsen@outlook.com,Atlanta,Churn Risk
3031,CUST_03031,Aimee,James,aimee.james@gmail.com,Omaha,High Value
3032,CUST_03032,Elizabeth,Nichols,elizabeth.nichols@outlook.com,Oakland,Occasional Shopper
3033,CUST_03033,Justin,Rodriguez,justin.rodriguez@gmail.com,Portland,In-Store Regular
3034,CUST_03034,James,Gaines,james.gaines@outlook.com,Denver,Deal Seeker
3035,CUST_03035,Brett,Murray,brett.murray@yahoo.com,Long Beach,Online Shopper
3036,CUST_03036,Sarah,Golden,sarah.golden@outlook.com,Chicago,First-time Buyer
3037,CUST_03037,Jack,Williams,jack.williams@yahoo.com,Oklahoma City,High Value
3038,CUST_03038,Phillip,Whitaker,phillip.whitaker@gmail.com,Arlington,Occasional Shopper
3039,CUST_03039,Alexis,Butler,alexis.butler@gmail.com,Miami,Occasional Shopper
3040,CUST_03040,Lindsey,Wise,lindsey.wise@gmail.com,Omaha,First-time Buyer
3041,CUST_03041,Nicholas,Vargas,nicholas.vargas@gmail.com,Phoenix,High Value
3042,CUST_03042,Danny,Carson,danny.carson@gmail.com,Fresno,First-time Buyer
3043,CUST_03043,Dominique,Anderson,dominique.anderson@outlook.com,Washington,First-time Buyer
3044,CUST_03044,Samuel,Blackburn,samuel.blackburn@gmail.com,Indianapolis,Churn Risk
3045,CUST_03045,Bridget,Russell,bridget.russell@outlook.com,Chicago,In-Store Regular
3046,CUST_03046,Cory,Spence,cory.spence@yahoo.com,Portland,Premium Shopper
3047,CUST_03047,Melanie,Washington,melanie.washington@outlook.com,San Antonio,Premium Shopper
3048,CUST_03048,Denise,Finley,denise.finley@yahoo.com,Milwaukee,In-Store Regular
3049,CUST_03049,Austin,Allen,austin.allen@gmail.com,Columbus,Deal Seeker
3050,CUST_03050,Rebecca,Wilson,rebecca.wilson@gmail.com,Chicago,In-Store Regular
3051,CUST_03051,Virginia,Baker,virginia.baker@outlook.com,Memphis,In-Store Regular
3052,CUST_03052,Christopher,Roberts,christopher.roberts@outlook.com,Atlanta,Deal Seeker
3053,CUST_03053,Dan,Rosales,dan.rosales@yahoo.com,Colorado Springs,Churn Risk
3054,CUST_03054,Gary,Smith,gary.smith@outlook.com,Houston,Budget Shopper
3055,CUST_03055,Cody,Liu,cody.liu@outlook.com,New York,High Value
3056,CUST_03056,Amy,Saunders,amy.saunders@outlook.com,Milwaukee,Budget Shopper
3057,CUST_03057,Robert,Phillips,robert.phillips@outlook.com,Louisville,Loyal Customer
3058,CUST_03058,John,Jones,john.jones@yahoo.com,Fresno,Deal Seeker
3059,CUST_03059,Kenneth,Walker,kenneth.walker@gmail.com,Oakland,In-Store Regular
3060,CUST_03060,Alan,Leon,alan.leon@gmail.com,Detroit,High Value
3061,CUST_03061,Christina,Ramos,christina.ramos@gmail.com,Tucson,Budget Shopper
3062,CUST_03062,Travis,Conley,travis.conley@outlook.com,Fresno,Premium Shopper
3063,CUST_03063,April,Barr,april.barr@outlook.com,Austin,Budget Shopper
3064,CUST_03064,Ronald,Cook,ronald.cook@gmail.com,San Diego,Premium Shopper
3065,CUST_03065,Morgan,Miller,morgan.miller@gmail.com,Milwaukee,Online Shopper
3066,CUST_03066,Jessica,Smith,jessica.smith@outlook.com,Mesa,Occasional Shopper
3067,CUST_03067,William,Baker,william.baker@gmail.com,Virginia Beach,First-time Buyer
3068,CUST_03068,Brian,Johnson,brian.johnson@outlook.com,Phoenix,Online Shopper
3069,CUST_03069,Curtis,Luna,curtis.luna@yahoo.com,Miami,Churn Risk
3070,CUST_03070,Melanie,Jones,melanie.jones@gmail.com,Omaha,Premium Shopper
3071,CUST_03071,Christina,Walker,christina.walker@gmail.com,Phoenix,Churn Risk
3072,CUST_03072,Zachary,Martinez,zachary.martinez@outlook.com,El Paso,Occasional Shopper
3073,CUST_03073,Debra,Carpenter,debra.carpenter@outlook.com,Austin,Loyal Customer
3074,CUST_03074,Kelly,Smith,kelly.smith@gmail.com,Mesa,High Value
3075,CUST_03075,Danielle,Ramos,danielle.ramos@yahoo.com,San Diego,Online Shopper
3076,CUST_03076,Kenneth,Griffith,kenneth.griffith@yahoo.com,Baltimore,Budget Shopper
3077,CUST_03077,Kaylee,Zavala,kaylee.zavala@outlook.com,Kansas City,In-Store Regular
3078,CUST_03078,Edwin,Davis,edwin.davis@gmail.com,Dallas,In-Store Regular
3079,CUST_03079,Jason,Terrell,jason.terrell@outlook.com,San Antonio,First-time Buyer
3080,CUST_03080,David,Lee,david.lee@yahoo.com,Detroit,Loyal Customer
3081,CUST_03081,Natalie,Williams,natalie.williams@gmail.com,Las Vegas,Budget Shopper
3082,CUST_03082,Wanda,Gardner,wanda.gardner@yahoo.com,Las Vegas,Online Shopper
3083,CUST_03083,Patricia,Johnson,patricia.johnson@yahoo.com,Dallas,Budget Shopper
3084,CUST_03084,Patrick,Jenkins,patrick.jenkins@outlook.com,Indianapolis,Occasional Shopper
3085,CUST_03085,Jessica,Griffin,jessica.griffin@gmail.com,Las Vegas,In-Store Regular
3086,CUST_03086,Melissa,Lin,melissa.lin@outlook.com,San Diego,Premium Shopper
3087,CUST_03087,David,Nash,david.nash@outlook.com,Miami,Loyal Customer
3088,CUST_03088,Zachary,Gomez,zachary.gomez@yahoo.com,Fort Worth,Churn Risk
3089,CUST_03089,James,Jones,james.jones@outlook.com,Portland,In-Store Regular
3090,CUST_03090,Teresa,Martin,teresa.martin@yahoo.com,Colorado Springs,Churn Risk
3091,CUST_03091,Lisa,Lewis,lisa.lewis@outlook.com,Atlanta,Churn Risk
3092,CUST_03092,Walter,Ball,walter.ball@outlook.com,Boston,High Value
3093,CUST_03093,Timothy,Sherman,timothy.sherman@outlook.com,Oklahoma City,Premium Shopper
3094,CUST_03094,Thomas,Tate,thomas.tate@outlook.com,Virginia Beach,High Value
3095,CUST_03095,Jason,Harris,jason.harris@gmail.com,Baltimore,Churn Risk
3096,CUST_03096,Susan,Green,susan.green@gmail.com,Minneapolis,Occasional Shopper
3097,CUST_03097,Emily,Lopez,emily.lopez@yahoo.com,Detroit,High Value
3098,CUST_03098,Jamie,Wolfe,jamie.wolfe@gmail.com,Long Beach,Online Shopper
3099,CUST_03099,Brandon,Farrell,brandon.farrell@yahoo.com,Detroit,High Value
3100,CUST_03100,Robert,Martinez,robert.martinez@yahoo.com,Raleigh,Deal Seeker
3101,CUST_03101,Sara,Cole,sara.cole@gmail.com,Memphis,In-Store Regular
3102,CUST_03102,Heather,Watson,heather.watson@gmail.com,Milwaukee,Churn Risk
3103,CUST_03103,Theodore,Wood,theodore.wood@outlook.com,Milwaukee,First-time Buyer
3104,CUST_03104,James,Goodwin,james.goodwin@yahoo.com,Tampa,In-Store Regular
3105,CUST_03105,Kevin,Brown,kevin.brown@yahoo.com,Memphis,Premium Shopper
3106,CUST_03106,Brian,Williams,brian.williams@outlook.com,San Antonio,Occasional Shopper
3107,CUST_03107,Kathy,Grimes,kathy.grimes@outlook.com,Milwaukee,Occasional Shopper
3108,CUST_03108,Charles,Jones,charles.jones@yahoo.com,Memphis,Deal Seeker
3109,CUST_03109,Yvonne,Thomas,yvonne.thomas@outlook.com,San Jose,Budget Shopper
3110,CUST_03110,Lisa,Woodward,lisa.woodward@yahoo.com,Miami,In-Store Regular
3111,CUST_03111,Daniel,Thompson,daniel.thompson@yahoo.com,Las Vegas,High Value
3112,CUST_03112,Caitlyn,Carter,caitlyn.carter@yahoo.com,Nashville,Occasional Shopper
3113,CUST_03113,Robert,Robinson,robert.robinson@yahoo.com,Sacramento,High Value
3114,CUST_03114,Elizabeth,Campbell,elizabeth.campbell@outlook.com,Fort Worth,Churn Risk
3115,CUST_03115,Emily,Castaneda,emily.castaneda@yahoo.com,Dallas,Online Shopper
3116,CUST_03116,John,Johnson,john.johnson@yahoo.com,Phoenix,First-time Buyer
3117,CUST_03117,Colleen,Vaughn,colleen.vaughn@yahoo.com,New Orleans,Deal Seeker
3118,CUST_03118,Cameron,Clark,cameron.clark@outlook.com,Albuquerque,High Value
3119,CUST_03119,Brian,Barron,brian.barron@outlook.com,Columbus,Loyal Customer
3120,CUST_03120,Steven,Diaz,steven.diaz@gmail.com,Baltimore,Loyal Customer
3121,CUST_03121,Lindsey,Waters,lindsey.waters@yahoo.com,Fresno,Premium Shopper
3122,CUST_03122,Jeremy,Thompson,jeremy.thompson@outlook.com,Columbus,Loyal Customer
3123,CUST_03123,Marc,Watson,marc.watson@outlook.com,Las Vegas,Churn Risk
3124,CUST_03124,Ronald,Green,ronald.green@gmail.com,Indianapolis,In-Store Regular
3125,CUST_03125,Colleen,Spencer,colleen.spencer@gmail.com,Las Vegas,Budget Shopper
3126,CUST_03126,Nicole,Martin,nicole.martin@outlook.com,San Jose,First-time Buyer
3127,CUST_03127,Thomas,Perez,thomas.perez@yahoo.com,Atlanta,High Value
3128,CUST_03128,Taylor,George,taylor.george@yahoo.com,Omaha,Churn Risk
3129,CUST_03129,Erin,Nguyen,erin.nguyen@outlook.com,Houston,Churn Risk
3130,CUST_03130,Mary,Wood,mary.wood@gmail.com,Tucson,Loyal Customer
3131,CUST_03131,Mary,Turner,mary.turner@gmail.com,Austin,Churn Risk
3132,CUST_03132,Daniel,Webb,daniel.webb@gmail.com,Tulsa,Budget Shopper
3133,CUST_03133,Kenneth,Rasmussen,kenneth.rasmussen@yahoo.com,San Antonio,Premium Shopper
3134,CUST_03134,Lauren,Casey,lauren.casey@gmail.com,Long Beach,Loyal Customer
3135,CUST_03135,Kristen,Davis,kristen.davis@gmail.com,Los Angeles,First-time Buyer
3136,CUST_03136,Jeremy,Underwood,jeremy.underwood@outlook.com,Kansas City,High Value
3137,CUST_03137,Edward,Mejia,edward.mejia@outlook.com,Jacksonville,Churn Risk
3138,CUST_03138,Toni,Pearson,toni.pearson@outlook.com,Tucson,High Value
3139,CUST_03139,Thomas,Powers,thomas.powers@gmail.com,Oklahoma City,Premium Shopper
3140,CUST_03140,Paul,Hawkins,paul.hawkins@gmail.com,San Diego,Online Shopper
3141,CUST_03141,Matthew,Anderson,matthew.anderson@outlook.com,Fresno,Churn Risk
3142,CUST_03142,Robert,Anderson,robert.anderson@outlook.com,Memphis,Online Shopper
3143,CUST_03143,Carol,Sanders,carol.sanders@outlook.com,Oklahoma City,Online Shopper
3144,CUST_03144,Kathy,Strickland,kathy.strickland@yahoo.com,Louisville,Deal Seeker
3145,CUST_03145,Kaitlin,Mathis,kaitlin.mathis@outlook.com,Colorado Springs,Deal Seeker
3146,CUST_03146,David,Oconnell,david.oconnell@outlook.com,Miami,Premium Shopper
3147,CUST_03147,Craig,Mason,craig.mason@yahoo.com,Chicago,Budget Shopper
3148,CUST_03148,Lauren,Thomas,lauren.thomas@gmail.com,Minneapolis,Online Shopper
3149,CUST_03149,Gail,Baker,gail.baker@yahoo.com,Milwaukee,Churn Risk
3150,CUST_03150,David,Santiago,david.santiago@outlook.com,Milwaukee,Churn Risk
3151,CUST_03151,Steven,Rhodes,steven.rhodes@outlook.com,Detroit,Budget Shopper
3152,CUST_03152,Brandon,Salinas,brandon.salinas@gmail.com,Memphis,Online Shopper
3153,CUST_03153,Charles,Sanders,charles.sanders@yahoo.com,Phoenix,High Value
3154,CUST_03154,Mario,Hogan,mario.hogan@gmail.com,Long Beach,Online Shopper
3155,CUST_03155,Jacqueline,Miller,jacqueline.miller@outlook.com,Tampa,High Value
3156,CUST_03156,Carolyn,Price,carolyn.price@gmail.com,El Paso,Deal Seeker
3157,CUST_03157,Krystal,Ramirez,krystal.ramirez@outlook.com,San Jose,Deal Seeker
3158,CUST_03158,Chelsea,Myers,chelsea.myers@yahoo.com,Minneapolis,Occasional Shopper
3159,CUST_03159,Crystal,Riley,crystal.riley@gmail.com,Phoenix,Deal Seeker
3160,CUST_03160,James,Avery,james.avery@gmail.com,Charlotte,In-Store Regular
3161,CUST_03161,Gabriel,Rodgers,gabriel.rodgers@gmail.com,Denver,Budget Shopper
3162,CUST_03162,Laura,Davis,laura.davis@gmail.com,Sacramento,Churn Risk
3163,CUST_03163,Susan,Roberts,susan.roberts@outlook.com,Indianapolis,High Value
3164,CUST_03164,Joel,Houston,joel.houston@yahoo.com,Louisville,First-time Buyer
3165,CUST_03165,Cassandra,Parker,cassandra.parker@yahoo.com,San Diego,Deal Seeker
3166,CUST_03166,Sara,Wang,sara.wang@outlook.com,Louisville,Budget Shopper
3167,CUST_03167,Kimberly,Ortega,kimberly.ortega@outlook.com,Mesa,Loyal Customer
3168,CUST_03168,James,Morris,james.morris@outlook.com,Tulsa,First-time Buyer
3169,CUST_03169,Mary,Brown,mary.brown@gmail.com,Colorado Springs,Online Shopper
3170,CUST_03170,Andrea,Rodriguez,andrea.rodriguez@outlook.com,Denver,In-Store Regular
3171,CUST_03171,Priscilla,Colon,priscilla.colon@outlook.com,New York,Budget Shopper
3172,CUST_03172,Joseph,Harris,joseph.harris@gmail.com,Dallas,Churn Risk
3173,CUST_03173,Joshua,May,joshua.may@gmail.com,Kansas City,Online Shopper
3174,CUST_03174,Richard,West,richard.west@outlook.com,Houston,Premium Shopper
3175,CUST_03175,Donna,Peck,donna.peck@gmail.com,Raleigh,Online Shopper
3176,CUST_03176,Lisa,Hill,lisa.hill@gmail.com,Charlotte,Budget Shopper
3177,CUST_03177,Christina,Williams,christina.williams@gmail.com,Philadelphia,First-time Buyer
3178,CUST_03178,Kelly,Moore,kelly.moore@yahoo.com,Los Angeles,Deal Seeker
3179,CUST_03179,Tiffany,King,tiffany.king@outlook.com,Sacramento,In-Store Regular
3180,CUST_03180,Jason,Woodard,jason.woodard@outlook.com,Miami,Churn Risk
3181,CUST_03181,Rachel,Kelley,rachel.kelley@gmail.com,Tampa,In-Store Regular
3182,CUST_03182,Noah,Hardin,noah.hardin@gmail.com,New York,High Value
3183,CUST_03183,Anthony,Peters,anthony.peters@yahoo.com,Raleigh,Deal Seeker
3184,CUST_03184,Blake,Howard,blake.howard@outlook.com,Detroit,Deal Seeker
3185,CUST_03185,Kevin,Martinez,kevin.martinez@outlook.com,Dallas,Premium Shopper
3186,CUST_03186,Lori,Hoover,lori.hoover@outlook.com,Long Beach,In-Store Regular
3187,CUST_03187,Claudia,Barber,claudia.barber@outlook.com,Denver,Budget Shopper
3188,CUST_03188,Thomas,Sanchez,thomas.sanchez@gmail.com,Tucson,Budget Shopper
3189,CUST_03189,Allison,Mendoza,allison.mendoza@gmail.com,Miami,Churn Risk
3190,CUST_03190,Maureen,David,maureen.david@outlook.com,Oklahoma City,High Value
3191,CUST_03191,Brittany,Phillips,brittany.phillips@outlook.com,Minneapolis,High Value
3192,CUST_03192,Shari,Perez,shari.perez@gmail.com,New York,Premium Shopper
3193,CUST_03193,Valerie,Choi,valerie.choi@outlook.com,Indianapolis,Budget Shopper
3194,CUST_03194,Darren,Spencer,darren.spencer@yahoo.com,Minneapolis,Churn Risk
3195,CUST_03195,Kenneth,Sandoval,kenneth.sandoval@gmail.com,San Francisco,Budget Shopper
3196,CUST_03196,Larry,Bowen,larry.bowen@outlook.com,Portland,Online Shopper
3197,CUST_03197,Ashley,Cherry,ashley.cherry@yahoo.com,Miami,Online Shopper
3198,CUST_03198,Brandi,Whitaker,brandi.whitaker@outlook.com,Miami,Budget Shopper
3199,CUST_03199,Chelsea,Hanson,chelsea.hanson@gmail.com,Detroit,First-time Buyer
3200,CUST_03200,Shane,Smith,shane.smith@gmail.com,Seattle,Online Shopper
3201,CUST_03201,Miranda,Dixon,miranda.dixon@outlook.com,Mesa,First-time Buyer
3202,CUST_03202,Amanda,Allen,amanda.allen@outlook.com,Tulsa,Premium Shopper
3203,CUST_03203,Robert,Cooper,robert.cooper@gmail.com,Arlington,First-time Buyer
3204,CUST_03204,Ronald,Thompson,ronald.thompson@gmail.com,Miami,High Value
3205,CUST_03205,Daniel,Cox,daniel.cox@outlook.com,Virginia Beach,Deal Seeker
3206,CUST_03206,Deborah,Black,deborah.black@yahoo.com,Oklahoma City,In-Store Regular
3207,CUST_03207,Paul,Matthews,paul.matthews@yahoo.com,Indianapolis,Online Shopper
3208,CUST_03208,Elizabeth,Sampson,elizabeth.sampson@outlook.com,Phoenix,In-Store Regular
3209,CUST_03209,Tina,Taylor,tina.taylor@gmail.com,Atlanta,Deal Seeker
3210,CUST_03210,William,Rivera,william.rivera@outlook.com,Austin,Deal Seeker
3211,CUST_03211,Megan,Chang,megan.chang@gmail.com,Denver,Churn Risk
3212,CUST_03212,Peter,Meyer,peter.meyer@gmail.com,Tucson,Budget Shopper
3213,CUST_03213,Michael,Delgado,michael.delgado@outlook.com,Omaha,Budget Shopper
3214,CUST_03214,Brian,Thomas,brian.thomas@outlook.com,Kansas City,Premium Shopper
3215,CUST_03215,Kimberly,Schaefer,kimberly.schaefer@gmail.com,Detroit,First-time Buyer
3216,CUST_03216,Anthony,Lopez,anthony.lopez@outlook.com,Oklahoma City,Loyal Customer
3217,CUST_03217,Cory,Soto,cory.soto@yahoo.com,Atlanta,Online Shopper
3218,CUST_03218,Shelia,Parker,shelia.parker@yahoo.com,Indianapolis,First-time Buyer
3219,CUST_03219,Kimberly,Gonzalez,kimberly.gonzalez@outlook.com,New York,Churn Risk
3220,CUST_03220,Courtney,Curtis,courtney.curtis@gmail.com,Tampa,Churn Risk
3221,CUST_03221,George,Hall,george.hall@gmail.com,New Orleans,High Value
3222,CUST_03222,Jody,Johnson,jody.johnson@outlook.com,Austin,Online Shopper
3223,CUST_03223,Crystal,Hendricks,crystal.hendricks@gmail.com,El Paso,Premium Shopper
3224,CUST_03224,Elizabeth,Sanders,elizabeth.sanders@gmail.com,Raleigh,Loyal Customer
3225,CUST_03225,Ashley,Murphy,ashley.murphy@outlook.com,Long Beach,First-time Buyer
3226,CUST_03226,Leslie,Brown,leslie.brown@outlook.com,Kansas City,First-time Buyer
3227,CUST_03227,Gregory,Travis,gregory.travis@yahoo.com,Oklahoma City,Loyal Customer
3228,CUST_03228,Manuel,Maldonado,manuel.maldonado@outlook.com,Oklahoma City,Premium Shopper
3229,CUST_03229,Sean,Burnett,sean.burnett@outlook.com,Nashville,First-time Buyer
3230,CUST_03230,Courtney,Moore,courtney.moore@gmail.com,Tucson,Deal Seeker
3231,CUST_03231,Wesley,Robinson,wesley.robinson@outlook.com,Colorado Springs,Churn Risk
3232,CUST_03232,Sara,Daniels,sara.daniels@yahoo.com,Arlington,First-time Buyer
3233,CUST_03233,Theresa,Bennett,theresa.bennett@gmail.com,Albuquerque,High Value
3234,CUST_03234,Thomas,Grant,thomas.grant@outlook.com,Memphis,Occasional Shopper
3235,CUST_03235,Michael,Johnson,michael.johnson@outlook.com,Memphis,Online Shopper
3236,CUST_03236,Christina,Paul,christina.paul@outlook.com,Raleigh,Churn Risk
3237,CUST_03237,Stephen,Davis,stephen.davis@gmail.com,Portland,Budget Shopper
3238,CUST_03238,Darryl,Griffith,darryl.griffith@outlook.com,San Antonio,Online Shopper
3239,CUST_03239,Richard,Rodriguez,richard.rodriguez@yahoo.com,Phoenix,Occasional Shopper
3240,CUST_03240,Joshua,Daugherty,joshua.daugherty@gmail.com,Albuquerque,Deal Seeker
3241,CUST_03241,Brian,Martinez,brian.martinez@outlook.com,Atlanta,Online Shopper
3242,CUST_03242,Robert,Sanders,robert.sanders@outlook.com,New York,Budget Shopper
3243,CUST_03243,Charles,Harper,charles.harper@gmail.com,Mesa,High Value
3244,CUST_03244,Carmen,Rodriguez,carmen.rodriguez@yahoo.com,Fort Worth,High Value
3245,CUST_03245,James,Dunn,james.dunn@outlook.com,Louisville,High Value
3246,CUST_03246,Sean,Coleman,sean.coleman@outlook.com,Portland,Deal Seeker
3247,CUST_03247,Catherine,Johnson,catherine.johnson@gmail.com,Seattle,In-Store Regular
3248,CUST_03248,Michael,Wilson,michael.wilson@outlook.com,Philadelphia,Occasional Shopper
3249,CUST_03249,Anthony,Thornton,anthony.thornton@yahoo.com,Columbus,High Value
3250,CUST_03250,Martin,Knapp,martin.knapp@gmail.com,Arlington,Budget Shopper
3251,CUST_03251,Krista,Smith,krista.smith@outlook.com,San Francisco,In-Store Regular
3252,CUST_03252,John,Page,john.page@yahoo.com,Jacksonville,Deal Seeker
3253,CUST_03253,Jessica,Martinez,jessica.martinez@gmail.com,Arlington,Loyal Customer
3254,CUST_03254,Nancy,Dawson,nancy.dawson@yahoo.com,Atlanta,Budget Shopper
3255,CUST_03255,Donald,Choi,donald.choi@yahoo.com,Albuquerque,Occasional Shopper
3256,CUST_03256,Theresa,Skinner,theresa.skinner@outlook.com,San Jose,Occasional Shopper
3257,CUST_03257,Stephen,Jackson,stephen.jackson@gmail.com,Sacramento,Churn Risk
3258,CUST_03258,Vickie,Santiago,vickie.santiago@yahoo.com,Mesa,Occasional Shopper
3259,CUST_03259,Laura,Herrera,laura.herrera@yahoo.com,Jacksonville,Deal Seeker
3260,CUST_03260,Joseph,Rodriguez,joseph.rodriguez@gmail.com,Memphis,Online Shopper
3261,CUST_03261,Ronnie,Harrison,ronnie.harrison@outlook.com,Albuquerque,Online Shopper
3262,CUST_03262,Catherine,Robinson,catherine.robinson@yahoo.com,San Jose,First-time Buyer
3263,CUST_03263,Madison,Moore,madison.moore@outlook.com,San Jose,First-time Buyer
3264,CUST_03264,Stephanie,Lewis,stephanie.lewis@yahoo.com,Oklahoma City,Deal Seeker
3265,CUST_03265,Sarah,Rogers,sarah.rogers@gmail.com,Chicago,Churn Risk
3266,CUST_03266,Ronald,Gilbert,ronald.gilbert@yahoo.com,Los Angeles,Occasional Shopper
3267,CUST_03267,Samantha,Burke,samantha.burke@outlook.com,Tampa,In-Store Regular
3268,CUST_03268,John,Harper,john.harper@gmail.com,Arlington,Premium Shopper
3269,CUST_03269,Mary,Henderson,mary.henderson@outlook.com,Charlotte,Churn Risk
3270,CUST_03270,David,Williamson,david.williamson@yahoo.com,Fort Worth,First-time Buyer
3271,CUST_03271,Richard,Simpson,richard.simpson@gmail.com,Fresno,Churn Risk
3272,CUST_03272,Jason,Phillips,jason.phillips@yahoo.com,Mesa,Occasional Shopper
3273,CUST_03273,Molly,Brown,molly.brown@outlook.com,Nashville,Online Shopper
3274,CUST_03274,Joshua,Gallegos,joshua.gallegos@gmail.com,Memphis,Online Shopper
3275,CUST_03275,Zachary,Hill,zachary.hill@gmail.com,New Orleans,High Value
3276,CUST_03276,Paul,Miller,paul.miller@yahoo.com,Albuquerque,Budget Shopper
3277,CUST_03277,James,Miller,james.miller@outlook.com,Memphis,High Value
3278,CUST_03278,Catherine,Edwards,catherine.edwards@gmail.com,Oklahoma City,Budget Shopper
3279,CUST_03279,Katherine,Smith,katherine.smith@yahoo.com,Las Vegas,Deal Seeker
3280,CUST_03280,Tara,Lewis,tara.lewis@outlook.com,Philadelphia,Budget Shopper
3281,CUST_03281,Micheal,Hampton,micheal.hampton@gmail.com,Fresno,Occasional Shopper
3282,CUST_03282,Garrett,Johnson,garrett.johnson@gmail.com,Charlotte,Occasional Shopper
3283,CUST_03283,Jeffery,Chandler,jeffery.chandler@yahoo.com,Columbus,Premium Shopper
3284,CUST_03284,Susan,Phillips,susan.phillips@gmail.com,Fort Worth,Budget Shopper
3285,CUST_03285,Keith,Garner,keith.garner@outlook.com,Mesa,Loyal Customer
3286,CUST_03286,Helen,Sanders,helen.sanders@gmail.com,Tucson,Occasional Shopper
3287,CUST_03287,Lawrence,Kelley,lawrence.kelley@gmail.com,Nashville,High Value
3288,CUST_03288,Wanda,Smith,wanda.smith@outlook.com,Virginia Beach,Occasional Shopper
3289,CUST_03289,Natasha,Park,natasha.park@outlook.com,Detroit,Budget Shopper
3290,CUST_03290,Jesus,Phillips,jesus.phillips@gmail.com,Tulsa,First-time Buyer
3291,CUST_03291,Gregory,Mueller,gregory.mueller@yahoo.com,Tampa,In-Store Regular
3292,CUST_03292,Richard,Miller,richard.miller@gmail.com,Portland,Premium Shopper
3293,CUST_03293,Jonathan,Houston,jonathan.houston@yahoo.com,Denver,Online Shopper
3294,CUST_03294,Megan,Kramer,megan.kramer@yahoo.com,Louisville,Premium Shopper
3295,CUST_03295,Diana,Rodriguez,diana.rodriguez@yahoo.com,Boston,Deal Seeker
3296,CUST_03296,Karen,King,karen.king@yahoo.com,Oklahoma City,Loyal Customer
3297,CUST_03297,Andrew,Blanchard,andrew.blanchard@outlook.com,San Antonio,First-time Buyer
3298,CUST_03298,April,Harvey,april.harvey@outlook.com,Raleigh,Churn Risk
3299,CUST_03299,Gary,Mccoy,gary.mccoy@gmail.com,Oakland,High Value
3300,CUST_03300,Michelle,Hernandez,michelle.hernandez@outlook.com,Washington,Loyal Customer
3301,CUST_03301,April,Contreras,april.contreras@yahoo.com,San Antonio,Churn Risk
3302,CUST_03302,Lisa,Rhodes,lisa.rhodes@outlook.com,Portland,In-Store Regular
3303,CUST_03303,Thomas,Garrett,thomas.garrett@gmail.com,Jacksonville,In-Store Regular
3304,CUST_03304,Dan,West,dan.west@yahoo.com,Columbus,High Value
3305,CUST_03305,Shannon,Savage,shannon.savage@gmail.com,Omaha,Churn Risk
3306,CUST_03306,Sean,Robinson,sean.robinson@yahoo.com,Milwaukee,Deal Seeker
3307,CUST_03307,Alexander,Hall,alexander.hall@gmail.com,Baltimore,Deal Seeker
3308,CUST_03308,Jason,House,jason.house@outlook.com,San Diego,Occasional Shopper
3309,CUST_03309,Kevin,Landry,kevin.landry@gmail.com,Charlotte,In-Store Regular
3310,CUST_03310,Kelly,Palmer,kelly.palmer@gmail.com,Kansas City,High Value
3311,CUST_03311,Tara,Simmons,tara.simmons@yahoo.com,Charlotte,In-Store Regular
3312,CUST_03312,Rebecca,Walker,rebecca.walker@outlook.com,Louisville,First-time Buyer
3313,CUST_03313,Jennifer,Williams,jennifer.williams@yahoo.com,Philadelphia,Churn Risk
3314,CUST_03314,Patrick,Stevens,patrick.stevens@outlook.com,Austin,Occasional Shopper
3315,CUST_03315,Alexis,Mccarthy,alexis.mccarthy@outlook.com,Dallas,Budget Shopper
3316,CUST_03316,Meghan,James,meghan.james@outlook.com,San Diego,Online Shopper
3317,CUST_03317,Diana,Cook,diana.cook@yahoo.com,Detroit,First-time Buyer
3318,CUST_03318,Joseph,Cooper,joseph.cooper@yahoo.com,Washington,Budget Shopper
3319,CUST_03319,Laura,Montgomery,laura.montgomery@outlook.com,Tulsa,Deal Seeker
3320,CUST_03320,Robert,Foster,robert.foster@gmail.com,Oakland,Occasional Shopper
3321,CUST_03321,Charles,Bowen,charles.bowen@outlook.com,Oakland,Budget Shopper
3322,CUST_03322,Molly,Mathis,molly.mathis@outlook.com,Austin,Online Shopper
3323,CUST_03323,William,Mcclain,william.mcclain@outlook.com,New Orleans,Churn Risk
3324,CUST_03324,John,Taylor,john.taylor@gmail.com,Portland,Online Shopper
3325,CUST_03325,Emily,Ward,emily.ward@outlook.com,Virginia Beach,In-Store Regular
3326,CUST_03326,Nicholas,Orr,nicholas.orr@yahoo.com,Louisville,Deal Seeker
3327,CUST_03327,Cody,Harvey,cody.harvey@gmail.com,Dallas,Churn Risk
3328,CUST_03328,Eric,Elliott,eric.elliott@yahoo.com,Kansas City,First-time Buyer
3329,CUST_03329,Stephen,Smith,stephen.smith@outlook.com,Columbus,In-Store Regular
3330,CUST_03330,Brianna,Walsh,brianna.walsh@outlook.com,Austin,Online Shopper
3331,CUST_03331,Mackenzie,Brown,mackenzie.brown@yahoo.com,Portland,Premium Shopper
3332,CUST_03332,Ann,Hernandez,ann.hernandez@yahoo.com,Atlanta,First-time Buyer
3333,CUST_03333,Thomas,Ramirez,thomas.ramirez@yahoo.com,Indianapolis,In-Store Regular
3334,CUST_03334,James,Cooper,james.cooper@outlook.com,Omaha,Occasional Shopper
3335,CUST_03335,Edward,Pace,edward.pace@outlook.com,Los Angeles,Churn Risk
3336,CUST_03336,Edward,Brown,edward.brown@outlook.com,Washington,Churn Risk
3337,CUST_03337,Matthew,Hurley,matthew.hurley@outlook.com,New Orleans,Online Shopper
3338,CUST_03338,Joshua,Stewart,joshua.stewart@outlook.com,Long Beach,High Value
3339,CUST_03339,Michael,Crane,michael.crane@gmail.com,Sacramento,Online Shopper
3340,CUST_03340,Jordan,Simpson,jordan.simpson@outlook.com,Milwaukee,Deal Seeker
3341,CUST_03341,Barbara,Morgan,barbara.morgan@gmail.com,New York,First-time Buyer
3342,CUST_03342,Carlos,White,carlos.white@gmail.com,Baltimore,Online Shopper
3343,CUST_03343,John,Herrera,john.herrera@outlook.com,Tulsa,Churn Risk
3344,CUST_03344,Rachel,Herrera,rachel.herrera@outlook.com,Dallas,Occasional Shopper
3345,CUST_03345,Stephanie,Atkins,stephanie.atkins@outlook.com,Mesa,In-Store Regular
3346,CUST_03346,Jose,Fuller,jose.fuller@outlook.com,Charlotte,High Value
3347,CUST_03347,John,Weber,john.weber@gmail.com,Jacksonville,Deal Seeker
3348,CUST_03348,Jeremiah,Wilkins,jeremiah.wilkins@gmail.com,Raleigh,Premium Shopper
3349,CUST_03349,Debbie,Kim,debbie.kim@yahoo.com,Tucson,Online Shopper
3350,CUST_03350,Erin,Cooke,erin.cooke@gmail.com,Columbus,In-Store Regular
3351,CUST_03351,Krista,Thompson,krista.thompson@yahoo.com,Nashville,Loyal Customer
3352,CUST_03352,Jeffrey,Jackson,jeffrey.jackson@outlook.com,Fresno,Premium Shopper
3353,CUST_03353,Jessica,Thompson,jessica.thompson@gmail.com,Denver,Deal Seeker
3354,CUST_03354,Dennis,Alexander,dennis.alexander@outlook.com,Tampa,Online Shopper
3355,CUST_03355,Andrea,Hanson,andrea.hanson@gmail.com,Omaha,Loyal Customer
3356,CUST_03356,Jamie,Miller,jamie.miller@yahoo.com,Boston,Deal Seeker
3357,CUST_03357,Nicole,Robinson,nicole.robinson@yahoo.com,Mesa,Online Shopper
3358,CUST_03358,Michele,Melton,michele.melton@yahoo.com,Virginia Beach,Churn Risk
3359,CUST_03359,Austin,Carr,austin.carr@gmail.com,Jacksonville,Churn Risk
3360,CUST_03360,Christine,Lyons,christine.lyons@outlook.com,Phoenix,Deal Seeker
3361,CUST_03361,Ashley,Mcguire,ashley.mcguire@gmail.com,Seattle,Online Shopper
3362,CUST_03362,Holly,Conrad,holly.conrad@outlook.com,Albuquerque,Online Shopper
3363,CUST_03363,Jeffrey,Smith,jeffrey.smith@yahoo.com,Oklahoma City,First-time Buyer
3364,CUST_03364,Derrick,Hobbs,derrick.hobbs@outlook.com,Houston,First-time Buyer
3365,CUST_03365,Tyler,Anderson,tyler.anderson@gmail.com,Virginia Beach,Loyal Customer
3366,CUST_03366,Travis,Owen,travis.owen@outlook.com,Denver,Premium Shopper
3367,CUST_03367,Jennifer,Miller,jennifer.miller@gmail.com,Portland,Budget Shopper
3368,CUST_03368,Lisa,Stephenson,lisa.stephenson@yahoo.com,Indianapolis,High Value
3369,CUST_03369,Kelly,Peterson,kelly.peterson@yahoo.com,Fresno,Deal Seeker
3370,CUST_03370,Walter,Campbell,walter.campbell@outlook.com,Fresno,Churn Risk
3371,CUST_03371,Elizabeth,Malone,elizabeth.malone@yahoo.com,Phoenix,Deal Seeker
3372,CUST_03372,Julian,Phillips,julian.phillips@outlook.com,San Diego,Premium Shopper
3373,CUST_03373,Mark,Howard,mark.howard@outlook.com,Los Angeles,Budget Shopper
3374,CUST_03374,Hailey,Jackson,hailey.jackson@gmail.com,Oklahoma City,Online Shopper
3375,CUST_03375,Heather,Tran,heather.tran@outlook.com,Milwaukee,Premium Shopper
3376,CUST_03376,Victor,Brown,victor.brown@yahoo.com,Oklahoma City,Online Shopper
3377,CUST_03377,Kim,Mitchell,kim.mitchell@outlook.com,Long Beach,High Value
3378,CUST_03378,Amber,George,amber.george@gmail.com,Portland,Loyal Customer
3379,CUST_03379,Cynthia,Lowe,cynthia.lowe@outlook.com,Washington,Premium Shopper
3380,CUST_03380,Mark,Norton,mark.norton@outlook.com,Oklahoma City,Deal Seeker
3381,CUST_03381,Rachel,Wright,rachel.wright@gmail.com,Raleigh,Premium Shopper
3382,CUST_03382,William,Hodges,william.hodges@gmail.com,Austin,Budget Shopper
3383,CUST_03383,Christian,Taylor,christian.taylor@yahoo.com,Louisville,High Value
3384,CUST_03384,Kaylee,Perez,kaylee.perez@gmail.com,Boston,Loyal Customer
3385,CUST_03385,Angela,Johnson,angela.johnson@gmail.com,Albuquerque,Churn Risk
3386,CUST_03386,Kristi,Roberson,kristi.roberson@yahoo.com,Austin,Premium Shopper
3387,CUST_03387,Frank,Robertson,frank.robertson@outlook.com,Seattle,Budget Shopper
3388,CUST_03388,Hailey,Hurst,hailey.hurst@gmail.com,Atlanta,Loyal Customer
3389,CUST_03389,Kelsey,Sanchez,kelsey.sanchez@outlook.com,Nashville,High Value
3390,CUST_03390,Angela,White,angela.white@yahoo.com,Mesa,Budget Shopper
3391,CUST_03391,Julia,Long,julia.long@outlook.com,Houston,First-time Buyer
3392,CUST_03392,Randall,Parker,randall.parker@outlook.com,San Francisco,Deal Seeker
3393,CUST_03393,Nicole,Henry,nicole.henry@outlook.com,Milwaukee,Premium Shopper
3394,CUST_03394,Morgan,Cobb,morgan.cobb@outlook.com,San Jose,Loyal Customer
3395,CUST_03395,Kelly,Jensen,kelly.jensen@outlook.com,Columbus,Online Shopper
3396,CUST_03396,Kathryn,Walters,kathryn.walters@outlook.com,Indianapolis,Occasional Shopper
3397,CUST_03397,Brooke,Long,brooke.long@outlook.com,Oakland,Churn Risk
3398,CUST_03398,Nathan,Jones,nathan.jones@outlook.com,Philadelphia,In-Store Regular
3399,CUST_03399,Maria,Snow,maria.snow@gmail.com,San Francisco,Budget Shopper
3400,CUST_03400,Brandon,Phillips,brandon.phillips@outlook.com,Louisville,Online Shopper
3401,CUST_03401,Gregory,Freeman,gregory.freeman@gmail.com,Boston,Churn Risk
3402,CUST_03402,Sandra,Guerra,sandra.guerra@gmail.com,Los Angeles,Deal Seeker
3403,CUST_03403,Michael,Peters,michael.peters@yahoo.com,Atlanta,Budget Shopper
3404,CUST_03404,Ashley,Wilson,ashley.wilson@outlook.com,Nashville,Occasional Shopper
3405,CUST_03405,James,Martinez,james.martinez@gmail.com,Oakland,High Value
3406,CUST_03406,Daniel,Lewis,daniel.lewis@outlook.com,Washington,Online Shopper
3407,CUST_03407,Veronica,Pope,veronica.pope@gmail.com,Oklahoma City,Loyal Customer
3408,CUST_03408,James,Tanner,james.tanner@yahoo.com,Philadelphia,Churn Risk
3409,CUST_03409,Patrick,Castaneda,patrick.castaneda@yahoo.com,Kansas City,Online Shopper
3410,CUST_03410,Melissa,Smith,melissa.smith@gmail.com,Miami,Occasional Shopper
3411,CUST_03411,Kayla,Rush,kayla.rush@yahoo.com,Tucson,Premium Shopper
3412,CUST_03412,Joshua,Marshall,joshua.marshall@yahoo.com,Kansas City,First-time Buyer
3413,CUST_03413,Zachary,Morton,zachary.morton@yahoo.com,Fort Worth,Loyal Customer
3414,CUST_03414,Andrew,Nguyen,andrew.nguyen@outlook.com,San Antonio,Loyal Customer
3415,CUST_03415,Christina,Boyd,christina.boyd@gmail.com,Denver,High Value
3416,CUST_03416,Jeffery,Jones,jeffery.jones@yahoo.com,Arlington,Deal Seeker
3417,CUST_03417,Michael,Phillips,michael.phillips@yahoo.com,Virginia Beach,Deal Seeker
3418,CUST_03418,Jackie,Houston,jackie.houston@yahoo.com,Arlington,Loyal Customer
3419,CUST_03419,Erik,Armstrong,erik.armstrong@outlook.com,Miami,Occasional Shopper
3420,CUST_03420,Erin,Hines,erin.hines@yahoo.com,Arlington,Online Shopper
3421,CUST_03421,Dorothy,Cardenas,dorothy.cardenas@outlook.com,Phoenix,Churn Risk
3422,CUST_03422,Thomas,Sanchez,thomas.sanchez@gmail.com,San Jose,First-time Buyer
3423,CUST_03423,Amanda,Horton,amanda.horton@yahoo.com,Jacksonville,Premium Shopper
3424,CUST_03424,Sharon,Garcia,sharon.garcia@gmail.com,Chicago,Online Shopper
3425,CUST_03425,Jimmy,Andrews,jimmy.andrews@gmail.com,Nashville,Deal Seeker
3426,CUST_03426,Mary,Fernandez,mary.fernandez@gmail.com,Columbus,Deal Seeker
3427,CUST_03427,Barbara,Kirk,barbara.kirk@outlook.com,San Antonio,First-time Buyer
3428,CUST_03428,Debra,Williams,debra.williams@outlook.com,Chicago,Deal Seeker
3429,CUST_03429,Justin,Jones,justin.jones@yahoo.com,Tulsa,In-Store Regular
3430,CUST_03430,Melissa,Baker,melissa.baker@yahoo.com,Detroit,Deal Seeker
3431,CUST_03431,Erin,Montoya,erin.montoya@gmail.com,Miami,High Value
3432,CUST_03432,Christopher,Roberts,christopher.roberts@yahoo.com,New York,Budget Shopper
3433,CUST_03433,Patricia,Ferguson,patricia.ferguson@yahoo.com,Philadelphia,Deal Seeker
3434,CUST_03434,Nicole,Haynes,nicole.haynes@gmail.com,Albuquerque,Churn Risk
3435,CUST_03435,Frederick,Roman,frederick.roman@outlook.com,Dallas,Deal Seeker
3436,CUST_03436,Denise,Briggs,denise.briggs@yahoo.com,Jacksonville,High Value
3437,CUST_03437,Shawn,Jones,shawn.jones@yahoo.com,Oakland,Churn Risk
3438,CUST_03438,Travis,Pena,travis.pena@outlook.com,El Paso,Deal Seeker
3439,CUST_03439,Julie,Burton,julie.burton@outlook.com,Nashville,Deal Seeker
3440,CUST_03440,Carol,Roberts,carol.roberts@yahoo.com,Denver,Premium Shopper
3441,CUST_03441,Heather,Ward,heather.ward@yahoo.com,San Francisco,Churn Risk
3442,CUST_03442,Patrick,George,patrick.george@gmail.com,Mesa,Premium Shopper
3443,CUST_03443,Melanie,Pennington,melanie.pennington@yahoo.com,Memphis,First-time Buyer
3444,CUST_03444,Leah,Solis,leah.solis@yahoo.com,Albuquerque,In-Store Regular
3445,CUST_03445,Leonard,Mccoy,leonard.mccoy@yahoo.com,Albuquerque,First-time Buyer
3446,CUST_03446,Wayne,Nicholson,wayne.nicholson@gmail.com,Fort Worth,Loyal Customer
3447,CUST_03447,Jill,Martin,jill.martin@gmail.com,Tulsa,First-time Buyer
3448,CUST_03448,Gregory,Oneill,gregory.oneill@gmail.com,Nashville,Loyal Customer
3449,CUST_03449,Emily,Moran,emily.moran@outlook.com,Fort Worth,Budget Shopper
3450,CUST_03450,Shaun,Bryant,shaun.bryant@yahoo.com,Oakland,In-Store Regular
3451,CUST_03451,David,Cantu,david.cantu@gmail.com,New York,Deal Seeker
3452,CUST_03452,Bradley,Martinez,bradley.martinez@gmail.com,Omaha,Premium Shopper
3453,CUST_03453,Jamie,Cook,jamie.cook@outlook.com,Houston,Premium Shopper
3454,CUST_03454,Julie,Scott,julie.scott@yahoo.com,Denver,High Value
3455,CUST_03455,Christine,Ellis,christine.ellis@yahoo.com,Nashville,First-time Buyer
3456,CUST_03456,Robin,Nicholson,robin.nicholson@outlook.com,Fort Worth,Churn Risk
3457,CUST_03457,Sarah,House,sarah.house@outlook.com,Mesa,Loyal Customer
3458,CUST_03458,Kathleen,Shaw,kathleen.shaw@outlook.com,Louisville,Premium Shopper
3459,CUST_03459,Gavin,Villarreal,gavin.villarreal@yahoo.com,Austin,Churn Risk
3460,CUST_03460,Amy,Sexton,amy.sexton@outlook.com,Jacksonville,Loyal Customer
3461,CUST_03461,Amanda,Williams,amanda.williams@outlook.com,Oakland,Budget Shopper
3462,CUST_03462,James,Alvarez,james.alvarez@outlook.com,Arlington,High Value
3463,CUST_03463,Heather,Carter,heather.carter@gmail.com,Austin,Online Shopper
3464,CUST_03464,Donald,Barnett,donald.barnett@outlook.com,Austin,First-time Buyer
3465,CUST_03465,Michael,Patel,michael.patel@yahoo.com,El Paso,First-time Buyer
3466,CUST_03466,Jessica,Jones,jessica.jones@outlook.com,New Orleans,In-Store Regular
3467,CUST_03467,Tyler,Ball,tyler.ball@yahoo.com,Kansas City,In-Store Regular
3468,CUST_03468,Michael,Campbell,michael.campbell@gmail.com,Minneapolis,High Value
3469,CUST_03469,Jasmine,Tyler,jasmine.tyler@yahoo.com,Seattle,In-Store Regular
3470,CUST_03470,Wendy,Contreras,wendy.contreras@outlook.com,Detroit,Premium Shopper
3471,CUST_03471,Katrina,Gaines,katrina.gaines@outlook.com,Columbus,High Value
3472,CUST_03472,Jason,Martin,jason.martin@outlook.com,Minneapolis,Occasional Shopper
3473,CUST_03473,Shirley,Griffith,shirley.griffith@yahoo.com,Arlington,In-Store Regular
3474,CUST_03474,Angela,Farmer,angela.farmer@gmail.com,Austin,Churn Risk
3475,CUST_03475,Sarah,Barnes,sarah.barnes@gmail.com,Austin,Budget Shopper
3476,CUST_03476,Tiffany,Singh,tiffany.singh@yahoo.com,Charlotte,Deal Seeker
3477,CUST_03477,George,Mcmahon,george.mcmahon@gmail.com,Oakland,Premium Shopper
3478,CUST_03478,Mary,Singh,mary.singh@outlook.com,Boston,Churn Risk
3479,CUST_03479,Matthew,Pratt,matthew.pratt@outlook.com,Tucson,Premium Shopper
3480,CUST_03480,Lawrence,Ross,lawrence.ross@outlook.com,San Antonio,Budget Shopper
3481,CUST_03481,Linda,Rasmussen,linda.rasmussen@outlook.com,New Orleans,First-time Buyer
3482,CUST_03482,Debra,Edwards,debra.edwards@outlook.com,Milwaukee,Online Shopper
3483,CUST_03483,Crystal,Anderson,crystal.anderson@outlook.com,Portland,Churn Risk
3484,CUST_03484,Sarah,Greene,sarah.greene@yahoo.com,Tucson,First-time Buyer
3485,CUST_03485,Bradley,Caldwell,bradley.caldwell@outlook.com,Washington,First-time Buyer
3486,CUST_03486,Felicia,Wilkins,felicia.wilkins@gmail.com,San Antonio,Churn Risk
3487,CUST_03487,Melanie,Smith,melanie.smith@outlook.com,Tampa,High Value
3488,CUST_03488,Kathryn,Mcdaniel,kathryn.mcdaniel@yahoo.com,Houston,Deal Seeker
3489,CUST_03489,Laura,Cooper,laura.cooper@yahoo.com,San Antonio,Loyal Customer
3490,CUST_03490,James,Moore,james.moore@outlook.com,Oakland,Budget Shopper
3491,CUST_03491,Jody,Jenkins,jody.jenkins@outlook.com,Fort Worth,High Value
3492,CUST_03492,Victor,Weaver,victor.weaver@outlook.com,Fort Worth,In-Store Regular
3493,CUST_03493,Joe,Turner,joe.turner@yahoo.com,Arlington,First-time Buyer
3494,CUST_03494,Anne,Hammond,anne.hammond@gmail.com,Kansas City,Occasional Shopper
3495,CUST_03495,Virginia,Shields,virginia.shields@outlook.com,Baltimore,Deal Seeker
3496,CUST_03496,Michael,Brooks,michael.brooks@gmail.com,Houston,High Value
3497,CUST_03497,Tony,Cox,tony.cox@outlook.com,Long Beach,In-Store Regular
3498,CUST_03498,Heather,Kelly,heather.kelly@yahoo.com,Detroit,Occasional Shopper
3499,CUST_03499,David,Walton,david.walton@outlook.com,Mesa,Budget Shopper
3500,CUST_03500,John,Perez,john.perez@outlook.com,Detroit,Deal Seeker
3501,CUST_03501,David,Hernandez,david.hernandez@gmail.com,Houston,Online Shopper
3502,CUST_03502,Brandon,Smith,brandon.smith@yahoo.com,San Diego,Occasional Shopper
3503,CUST_03503,Ruth,Miller,ruth.miller@outlook.com,Omaha,High Value
3504,CUST_03504,Eugene,Hood,eugene.hood@outlook.com,Raleigh,Budget Shopper
3505,CUST_03505,Eric,Ortiz,eric.ortiz@gmail.com,Fort Worth,Premium Shopper
3506,CUST_03506,Latoya,Brown,latoya.brown@outlook.com,El Paso,Loyal Customer
3507,CUST_03507,Jacqueline,Hernandez,jacqueline.hernandez@gmail.com,Miami,Churn Risk
3508,CUST_03508,Raven,Dodson,raven.dodson@gmail.com,Austin,Budget Shopper
3509,CUST_03509,Thomas,Simpson,thomas.simpson@outlook.com,Oklahoma City,Loyal Customer
3510,CUST_03510,Valerie,Davis,valerie.davis@yahoo.com,Columbus,Deal Seeker
3511,CUST_03511,Stephen,Harper,stephen.harper@outlook.com,Milwaukee,In-Store Regular
3512,CUST_03512,Brenda,Jones,brenda.jones@gmail.com,Los Angeles,Occasional Shopper
3513,CUST_03513,Charles,Jackson,charles.jackson@outlook.com,Kansas City,In-Store Regular
3514,CUST_03514,Michael,Mitchell,michael.mitchell@outlook.com,Louisville,High Value
3515,CUST_03515,Robert,Garza,robert.garza@outlook.com,Houston,Budget Shopper
3516,CUST_03516,Kari,Doyle,kari.doyle@gmail.com,Tampa,In-Store Regular
3517,CUST_03517,Richard,Hart,richard.hart@gmail.com,Sacramento,Deal Seeker
3518,CUST_03518,Dennis,Rogers,dennis.rogers@gmail.com,Los Angeles,Occasional Shopper
3519,CUST_03519,Katelyn,Delgado,katelyn.delgado@gmail.com,Indianapolis,First-time Buyer
3520,CUST_03520,Jennifer,Malone,jennifer.malone@outlook.com,Washington,Premium Shopper
3521,CUST_03521,Jennifer,Peck,jennifer.peck@yahoo.com,Seattle,Premium Shopper
3522,CUST_03522,James,Johnson,james.johnson@outlook.com,Arlington,Occasional Shopper
3523,CUST_03523,Jill,Smith,jill.smith@gmail.com,Chicago,In-Store Regular
3524,CUST_03524,Dana,Murray,dana.murray@yahoo.com,Tulsa,First-time Buyer
3525,CUST_03525,Brian,Nelson,brian.nelson@gmail.com,El Paso,Online Shopper
3526,CUST_03526,Amy,Walker,amy.walker@gmail.com,Kansas City,Loyal Customer
3527,CUST_03527,Patrick,Randall,patrick.randall@yahoo.com,Kansas City,Occasional Shopper
3528,CUST_03528,Penny,Torres,penny.torres@yahoo.com,Oklahoma City,Churn Risk
3529,CUST_03529,Stephen,Hines,stephen.hines@yahoo.com,San Jose,Deal Seeker
3530,CUST_03530,Robin,Smith,robin.smith@gmail.com,Raleigh,Loyal Customer
3531,CUST_03531,Joseph,Valencia,joseph.valencia@gmail.com,Jacksonville,In-Store Regular
3532,CUST_03532,Michael,Rodriguez,michael.rodriguez@outlook.com,Omaha,Budget Shopper
3533,CUST_03533,Henry,Alexander,henry.alexander@outlook.com,San Diego,Deal Seeker
3534,CUST_03534,Kelly,Clark,kelly.clark@yahoo.com,Oakland,Premium Shopper
3535,CUST_03535,Michelle,Mills,michelle.mills@yahoo.com,Seattle,Churn Risk
3536,CUST_03536,Wyatt,Colon,wyatt.colon@outlook.com,Atlanta,First-time Buyer
3537,CUST_03537,Nancy,Parrish,nancy.parrish@yahoo.com,Boston,Loyal Customer
3538,CUST_03538,Billy,Daniels,billy.daniels@yahoo.com,Raleigh,In-Store Regular
3539,CUST_03539,Bradley,Hudson,bradley.hudson@yahoo.com,Indianapolis,Occasional Shopper
3540,CUST_03540,Jordan,Goodwin,jordan.goodwin@outlook.com,Louisville,High Value
3541,CUST_03541,Cindy,Parsons,cindy.parsons@outlook.com,Kansas City,Churn Risk
3542,CUST_03542,Daisy,Myers,daisy.myers@yahoo.com,Chicago,Churn Risk
3543,CUST_03543,Tamara,Gomez,tamara.gomez@yahoo.com,Tulsa,Budget Shopper
3544,CUST_03544,Kevin,Wheeler,kevin.wheeler@outlook.com,El Paso,Churn Risk
3545,CUST_03545,Carlos,Hernandez,carlos.hernandez@gmail.com,Minneapolis,Online Shopper
3546,CUST_03546,Natasha,Schultz,natasha.schultz@outlook.com,Minneapolis,Occasional Shopper
3547,CUST_03547,Alejandra,Davidson,alejandra.davidson@yahoo.com,Jacksonville,Deal Seeker
3548,CUST_03548,Tara,Rodgers,tara.rodgers@gmail.com,Los Angeles,Churn Risk
3549,CUST_03549,Glenn,Burgess,glenn.burgess@outlook.com,Nashville,Churn Risk
3550,CUST_03550,Tammy,Ortiz,tammy.ortiz@yahoo.com,Miami,Churn Risk
3551,CUST_03551,Rachel,Smith,rachel.smith@outlook.com,Washington,Loyal Customer
3552,CUST_03552,John,Kim,john.kim@gmail.com,Charlotte,Deal Seeker
3553,CUST_03553,Anthony,Hutchinson,anthony.hutchinson@outlook.com,Denver,In-Store Regular
3554,CUST_03554,Don,Day,don.day@gmail.com,Albuquerque,Online Shopper
3555,CUST_03555,Barbara,Mcgee,barbara.mcgee@yahoo.com,San Diego,First-time Buyer
3556,CUST_03556,Christina,Ballard,christina.ballard@yahoo.com,Fresno,Loyal Customer
3557,CUST_03557,Daniel,Palmer,daniel.palmer@outlook.com,Arlington,First-time Buyer
3558,CUST_03558,Margaret,Payne,margaret.payne@gmail.com,New Orleans,Online Shopper
3559,CUST_03559,Colleen,Anderson,colleen.anderson@gmail.com,Fort Worth,Churn Risk
3560,CUST_03560,Jerry,Miller,jerry.miller@outlook.com,Fresno,In-Store Regular
3561,CUST_03561,James,Orozco,james.orozco@outlook.com,New Orleans,Occasional Shopper
3562,CUST_03562,Kyle,Stewart,kyle.stewart@yahoo.com,Fresno,Occasional Shopper
3563,CUST_03563,Christian,Hines,christian.hines@outlook.com,Fort Worth,Deal Seeker
3564,CUST_03564,Kenneth,Arias,kenneth.arias@yahoo.com,Sacramento,High Value
3565,CUST_03565,Parker,Carter,parker.carter@yahoo.com,Atlanta,Online Shopper
3566,CUST_03566,Michelle,Acosta,michelle.acosta@yahoo.com,Minneapolis,Budget Shopper
3567,CUST_03567,Angela,Tapia,angela.tapia@outlook.com,Phoenix,High Value
3568,CUST_03568,Karen,Reyes,karen.reyes@gmail.com,Baltimore,Online Shopper
3569,CUST_03569,Jessica,Smith,jessica.smith@gmail.com,Miami,Online Shopper
3570,CUST_03570,Adam,Maldonado,adam.maldonado@gmail.com,Louisville,First-time Buyer
3571,CUST_03571,Martha,Chandler,martha.chandler@gmail.com,Omaha,First-time Buyer
3572,CUST_03572,Gabriel,Hughes,gabriel.hughes@gmail.com,Colorado Springs,Online Shopper
3573,CUST_03573,Carol,Sullivan,carol.sullivan@yahoo.com,Louisville,Loyal Customer
3574,CUST_03574,Lauren,Garza,lauren.garza@yahoo.com,San Diego,In-Store Regular
3575,CUST_03575,Jacqueline,Bell,jacqueline.bell@yahoo.com,Jacksonville,Online Shopper
3576,CUST_03576,Devon,Johnson,devon.johnson@outlook.com,New York,Budget Shopper
3577,CUST_03577,Brandi,Pacheco,brandi.pacheco@gmail.com,Oklahoma City,In-Store Regular
3578,CUST_03578,Stacey,Hanson,stacey.hanson@outlook.com,Oklahoma City,Online Shopper
3579,CUST_03579,Robert,Tucker,robert.tucker@gmail.com,San Antonio,Occasional Shopper
3580,CUST_03580,David,Smith,david.smith@outlook.com,Houston,Loyal Customer
3581,CUST_03581,Alan,Cline,alan.cline@gmail.com,Arlington,High Value
3582,CUST_03582,Melinda,Hart,melinda.hart@outlook.com,San Antonio,Loyal Customer
3583,CUST_03583,Michael,Byrd,michael.byrd@gmail.com,Philadelphia,Loyal Customer
3584,CUST_03584,Brian,Giles,brian.giles@outlook.com,New York,In-Store Regular
3585,CUST_03585,Heather,Collins,heather.collins@gmail.com,Tucson,Online Shopper
3586,CUST_03586,Michelle,Wade,michelle.wade@yahoo.com,Phoenix,High Value
3587,CUST_03587,Steven,Hamilton,steven.hamilton@gmail.com,Jacksonville,Premium Shopper
3588,CUST_03588,David,Holmes,david.holmes@yahoo.com,Columbus,Online Shopper
3589,CUST_03589,Amanda,Smith,amanda.smith@yahoo.com,Oakland,Budget Shopper
3590,CUST_03590,Kyle,Brewer,kyle.brewer@outlook.com,Tucson,Online Shopper
3591,CUST_03591,Stephanie,Norris,stephanie.norris@outlook.com,Charlotte,In-Store Regular
3592,CUST_03592,Kara,Osborn,kara.osborn@gmail.com,Boston,Occasional Shopper
3593,CUST_03593,Sandra,Wilson,sandra.wilson@outlook.com,Dallas,Loyal Customer
3594,CUST_03594,Alicia,Hernandez,alicia.hernandez@outlook.com,Long Beach,First-time Buyer
3595,CUST_03595,Crystal,Gallagher,crystal.gallagher@outlook.com,Jacksonville,Online Shopper
3596,CUST_03596,Lucas,Pierce,lucas.pierce@yahoo.com,Jacksonville,High Value
3597,CUST_03597,Melissa,Cole,melissa.cole@outlook.com,Chicago,Churn Risk
3598,CUST_03598,Melissa,Alvarado,melissa.alvarado@yahoo.com,San Jose,Deal Seeker
3599,CUST_03599,Pamela,Garcia,pamela.garcia@outlook.com,Dallas,In-Store Regular
3600,CUST_03600,Andrea,Martin,andrea.martin@gmail.com,Virginia Beach,First-time Buyer
3601,CUST_03601,Maria,Mccall,maria.mccall@gmail.com,Charlotte,High Value
3602,CUST_03602,Anthony,Rowland,anthony.rowland@outlook.com,Fresno,Loyal Customer
3603,CUST_03603,Linda,Allen,linda.allen@outlook.com,Indianapolis,Budget Shopper
3604,CUST_03604,James,Snyder,james.snyder@gmail.com,Tulsa,Churn Risk
3605,CUST_03605,Christina,Wilson,christina.wilson@yahoo.com,Boston,Online Shopper
3606,CUST_03606,Vanessa,Caldwell,vanessa.caldwell@yahoo.com,New York,Loyal Customer
3607,CUST_03607,Kimberly,Mccoy,kimberly.mccoy@yahoo.com,Austin,Loyal Customer
3608,CUST_03608,Brenda,Smith,brenda.smith@yahoo.com,Arlington,High Value
3609,CUST_03609,John,Dickerson,john.dickerson@yahoo.com,Portland,Online Shopper
3610,CUST_03610,Tracy,White,tracy.white@yahoo.com,Detroit,Churn Risk
3611,CUST_03611,Peter,Brennan,peter.brennan@yahoo.com,Los Angeles,Online Shopper
3612,CUST_03612,Brandon,Stewart,brandon.stewart@gmail.com,Raleigh,High Value
3613,CUST_03613,Sheila,Adams,sheila.adams@gmail.com,Arlington,High Value
3614,CUST_03614,John,Thomas,john.thomas@gmail.com,Philadelphia,Loyal Customer
3615,CUST_03615,Micheal,Tyler,micheal.tyler@yahoo.com,Milwaukee,In-Store Regular
3616,CUST_03616,Cindy,Young,cindy.young@outlook.com,Omaha,Budget Shopper
3617,CUST_03617,Nicole,Brown,nicole.brown@gmail.com,Albuquerque,High Value
3618,CUST_03618,Tricia,Perry,tricia.perry@gmail.com,Detroit,Churn Risk
3619,CUST_03619,James,Hanna,james.hanna@yahoo.com,San Diego,Premium Shopper
3620,CUST_03620,Diana,Yang,diana.yang@yahoo.com,San Jose,Budget Shopper
3621,CUST_03621,Chase,Peters,chase.peters@gmail.com,Long Beach,Premium Shopper
3622,CUST_03622,Edward,Rogers,edward.rogers@yahoo.com,Tucson,Loyal Customer
3623,CUST_03623,David,Mcguire,david.mcguire@outlook.com,San Antonio,First-time Buyer
3624,CUST_03624,Barbara,Holland,barbara.holland@outlook.com,Milwaukee,First-time Buyer
3625,CUST_03625,Melissa,Johnston,melissa.johnston@gmail.com,Sacramento,Churn Risk
3626,CUST_03626,Brianna,Graham,brianna.graham@gmail.com,Chicago,Loyal Customer
3627,CUST_03627,Jennifer,Wilson,jennifer.wilson@outlook.com,Miami,Churn Risk
3628,CUST_03628,Julia,Soto,julia.soto@outlook.com,Los Angeles,Budget Shopper
3629,CUST_03629,Anne,Walsh,anne.walsh@yahoo.com,Tampa,Premium Shopper
3630,CUST_03630,Melanie,Norris,melanie.norris@gmail.com,Houston,Deal Seeker
3631,CUST_03631,Cynthia,Pineda,cynthia.pineda@gmail.com,Indianapolis,High Value
3632,CUST_03632,Amanda,Torres,amanda.torres@outlook.com,Fresno,Churn Risk
3633,CUST_03633,Shirley,Harding,shirley.harding@outlook.com,Oakland,Loyal Customer
3634,CUST_03634,Morgan,Cook,morgan.cook@gmail.com,Philadelphia,Loyal Customer
3635,CUST_03635,Debra,Reyes,debra.reyes@outlook.com,Boston,In-Store Regular
3636,CUST_03636,Jean,Ruiz,jean.ruiz@outlook.com,Philadelphia,Deal Seeker
3637,CUST_03637,Kelly,Sampson,kelly.sampson@outlook.com,Mesa,First-time Buyer
3638,CUST_03638,Joseph,Holmes,joseph.holmes@yahoo.com,Portland,Loyal Customer
3639,CUST_03639,Grant,Cruz,grant.cruz@outlook.com,Oklahoma City,Churn Risk
3640,CUST_03640,Thomas,Acevedo,thomas.acevedo@outlook.com,San Jose,Churn Risk
3641,CUST_03641,Kurt,Stewart,kurt.stewart@outlook.com,Oklahoma City,Loyal Customer
3642,CUST_03642,Joshua,Carroll,joshua.carroll@outlook.com,Philadelphia,Loyal Customer
3643,CUST_03643,Victor,Martinez,victor.martinez@yahoo.com,Sacramento,Online Shopper
3644,CUST_03644,Dustin,Barrett,dustin.barrett@gmail.com,Memphis,Churn Risk
3645,CUST_03645,Christopher,Thompson,christopher.thompson@gmail.com,Mesa,Deal Seeker
3646,CUST_03646,David,Cooper,david.cooper@outlook.com,Arlington,Churn Risk
3647,CUST_03647,Theresa,Hernandez,theresa.hernandez@gmail.com,Long Beach,Budget Shopper
3648,CUST_03648,Glenn,Ibarra,glenn.ibarra@yahoo.com,Louisville,Churn Risk
3649,CUST_03649,Brian,Pruitt,brian.pruitt@yahoo.com,Louisville,Premium Shopper
3650,CUST_03650,Eric,Buchanan,eric.buchanan@yahoo.com,Houston,Online Shopper
3651,CUST_03651,Bonnie,Espinoza,bonnie.espinoza@yahoo.com,Phoenix,In-Store Regular
3652,CUST_03652,Tony,Johnson,tony.johnson@outlook.com,Tucson,Occasional Shopper
3653,CUST_03653,Joseph,Valencia,joseph.valencia@gmail.com,Portland,Budget Shopper
3654,CUST_03654,Marie,Hall,marie.hall@outlook.com,San Diego,Online Shopper
3655,CUST_03655,Amanda,Crosby,amanda.crosby@outlook.com,San Francisco,Online Shopper
3656,CUST_03656,Stacey,Parker,stacey.parker@outlook.com,Fresno,Premium Shopper
3657,CUST_03657,Kristi,Gilmore,kristi.gilmore@outlook.com,Detroit,First-time Buyer
3658,CUST_03658,Brian,Ball,brian.ball@outlook.com,Albuquerque,Loyal Customer
3659,CUST_03659,Amber,Sullivan,amber.sullivan@yahoo.com,Columbus,Online Shopper
3660,CUST_03660,Veronica,Liu,veronica.liu@gmail.com,Raleigh,Occasional Shopper
3661,CUST_03661,Danielle,Ochoa,danielle.ochoa@yahoo.com,Tulsa,Deal Seeker
3662,CUST_03662,Sherry,Wilson,sherry.wilson@yahoo.com,Houston,Churn Risk
3663,CUST_03663,Cameron,Brooks,cameron.brooks@yahoo.com,Jacksonville,Churn Risk
3664,CUST_03664,Ashley,Arnold,ashley.arnold@gmail.com,San Jose,Occasional Shopper
3665,CUST_03665,Barbara,Cook,barbara.cook@yahoo.com,Tucson,Churn Risk
3666,CUST_03666,Joshua,Heath,joshua.heath@outlook.com,Seattle,Premium Shopper
3667,CUST_03667,Mike,Pacheco,mike.pacheco@yahoo.com,Las Vegas,Premium Shopper
3668,CUST_03668,Angela,Hall,angela.hall@yahoo.com,Columbus,Occasional Shopper
3669,CUST_03669,Cheryl,Nunez,cheryl.nunez@outlook.com,Memphis,First-time Buyer
3670,CUST_03670,Robert,Maxwell,robert.maxwell@gmail.com,Seattle,Budget Shopper
3671,CUST_03671,Joyce,Yates,joyce.yates@gmail.com,Detroit,Churn Risk
3672,CUST_03672,Timothy,Aguilar,timothy.aguilar@gmail.com,Virginia Beach,Loyal Customer
3673,CUST_03673,Andrea,Gonzalez,andrea.gonzalez@yahoo.com,Omaha,Occasional Shopper
3674,CUST_03674,Michelle,Roberts,michelle.roberts@outlook.com,San Jose,Premium Shopper
3675,CUST_03675,Joel,Arias,joel.arias@gmail.com,Minneapolis,Occasional Shopper
3676,CUST_03676,Deanna,Stein,deanna.stein@yahoo.com,Miami,High Value
3677,CUST_03677,Matthew,Barber,matthew.barber@outlook.com,Los Angeles,In-Store Regular
3678,CUST_03678,Andrea,Holloway,andrea.holloway@yahoo.com,Las Vegas,Budget Shopper
3679,CUST_03679,Chris,Jones,chris.jones@gmail.com,Louisville,Premium Shopper
3680,CUST_03680,Scott,Welch,scott.welch@gmail.com,Sacramento,Budget Shopper
3681,CUST_03681,Justin,Andersen,justin.andersen@outlook.com,Kansas City,Occasional Shopper
3682,CUST_03682,Emily,Khan,emily.khan@outlook.com,Portland,Churn Risk
3683,CUST_03683,Dawn,Banks,dawn.banks@yahoo.com,Sacramento,Deal Seeker
3684,CUST_03684,Michael,Young,michael.young@gmail.com,Dallas,Deal Seeker
3685,CUST_03685,Thomas,Combs,thomas.combs@yahoo.com,Charlotte,Online Shopper
3686,CUST_03686,Karen,Powell,karen.powell@outlook.com,Atlanta,High Value
3687,CUST_03687,Cristian,Davis,cristian.davis@outlook.com,Houston,Online Shopper
3688,CUST_03688,James,Lang,james.lang@yahoo.com,Boston,High Value
3689,CUST_03689,Kristy,Atkins,kristy.atkins@outlook.com,Louisville,Online Shopper
3690,CUST_03690,Donald,Whitaker,donald.whitaker@outlook.com,Boston,Budget Shopper
3691,CUST_03691,Kelly,Adams,kelly.adams@yahoo.com,Austin,Premium Shopper
3692,CUST_03692,Robert,Wagner,robert.wagner@yahoo.com,Los Angeles,High Value
3693,CUST_03693,David,Flynn,david.flynn@yahoo.com,Minneapolis,First-time Buyer
3694,CUST_03694,Anthony,Smith,anthony.smith@gmail.com,Atlanta,Churn Risk
3695,CUST_03695,Jesse,Mccoy,jesse.mccoy@gmail.com,Omaha,Online Shopper
3696,CUST_03696,Joseph,Glover,joseph.glover@yahoo.com,Raleigh,Occasional Shopper
3697,CUST_03697,Jeffrey,Harrison,jeffrey.harrison@outlook.com,New Orleans,High Value
3698,CUST_03698,Lauren,Mcgrath,lauren.mcgrath@outlook.com,San Francisco,In-Store Regular
3699,CUST_03699,Rebecca,Hammond,rebecca.hammond@yahoo.com,Virginia Beach,In-Store Regular
3700,CUST_03700,Patricia,Thompson,patricia.thompson@outlook.com,Virginia Beach,Budget Shopper
3701,CUST_03701,Benjamin,Henson,benjamin.henson@gmail.com,Tampa,First-time Buyer
3702,CUST_03702,Raymond,Herring,raymond.herring@yahoo.com,Tampa,Deal Seeker
3703,CUST_03703,John,Nguyen,john.nguyen@gmail.com,Boston,Budget Shopper
3704,CUST_03704,Marilyn,Taylor,marilyn.taylor@outlook.com,Boston,Loyal Customer
3705,CUST_03705,Veronica,Rodriguez,veronica.rodriguez@outlook.com,Memphis,In-Store Regular
3706,CUST_03706,Carrie,Wagner,carrie.wagner@gmail.com,Atlanta,Churn Risk
3707,CUST_03707,Joseph,Collins,joseph.collins@gmail.com,Memphis,Deal Seeker
3708,CUST_03708,Justin,Atkinson,justin.atkinson@yahoo.com,Oklahoma City,Online Shopper
3709,CUST_03709,Michael,Montes,michael.montes@yahoo.com,Seattle,Premium Shopper
3710,CUST_03710,Donald,Terry,donald.terry@yahoo.com,Tucson,Loyal Customer
3711,CUST_03711,Mark,Williams,mark.williams@yahoo.com,Oklahoma City,In-Store Regular
3712,CUST_03712,Tracy,Green,tracy.green@yahoo.com,New York,Deal Seeker
3713,CUST_03713,Sara,Martinez,sara.martinez@yahoo.com,Denver,High Value
3714,CUST_03714,Heidi,Waller,heidi.waller@outlook.com,Baltimore,Online Shopper
3715,CUST_03715,Taylor,Green,taylor.green@yahoo.com,Chicago,Online Shopper
3716,CUST_03716,Gabrielle,Lawson,gabrielle.lawson@gmail.com,Tulsa,Deal Seeker
3717,CUST_03717,Stefanie,Harvey,stefanie.harvey@yahoo.com,Minneapolis,In-Store Regular
3718,CUST_03718,Vanessa,Williams,vanessa.williams@gmail.com,Jacksonville,Online Shopper
3719,CUST_03719,Christine,Hall,christine.hall@gmail.com,Long Beach,Loyal Customer
3720,CUST_03720,Larry,Brooks,larry.brooks@outlook.com,Tampa,Churn Risk
3721,CUST_03721,Mark,Morales,mark.morales@yahoo.com,El Paso,Churn Risk
3722,CUST_03722,Melanie,Scott,melanie.scott@yahoo.com,Phoenix,High Value
3723,CUST_03723,Ernest,Williams,ernest.williams@outlook.com,Arlington,Premium Shopper
3724,CUST_03724,Kimberly,Gonzalez,kimberly.gonzalez@outlook.com,Los Angeles,Occasional Shopper
3725,CUST_03725,Connie,Fox,connie.fox@yahoo.com,Nashville,Online Shopper
3726,CUST_03726,Phillip,Scott,phillip.scott@gmail.com,Denver,Budget Shopper
3727,CUST_03727,Donna,Booker,donna.booker@yahoo.com,Tulsa,In-Store Regular
3728,CUST_03728,Michele,Bernard,michele.bernard@gmail.com,Nashville,High Value
3729,CUST_03729,Christopher,Kerr,christopher.kerr@yahoo.com,Washington,Budget Shopper
3730,CUST_03730,Matthew,Gibson,matthew.gibson@yahoo.com,Columbus,Deal Seeker
3731,CUST_03731,Kristen,Hanson,kristen.hanson@gmail.com,Colorado Springs,Online Shopper
3732,CUST_03732,Johnathan,Barnes,johnathan.barnes@yahoo.com,Las Vegas,Occasional Shopper
3733,CUST_03733,Kathy,Garrett,kathy.garrett@yahoo.com,Atlanta,Budget Shopper
3734,CUST_03734,Angela,Suarez,angela.suarez@gmail.com,San Antonio,Premium Shopper
3735,CUST_03735,Joseph,Klein,joseph.klein@outlook.com,Tulsa,High Value
3736,CUST_03736,Justin,King,justin.king@yahoo.com,San Antonio,High Value
3737,CUST_03737,Kathy,Swanson,kathy.swanson@yahoo.com,Colorado Springs,Premium Shopper
3738,CUST_03738,Christopher,Buckley,christopher.buckley@gmail.com,San Antonio,Occasional Shopper
3739,CUST_03739,Stacy,Bishop,stacy.bishop@outlook.com,Austin,Churn Risk
3740,CUST_03740,Donald,Wright,donald.wright@outlook.com,Phoenix,In-Store Regular
3741,CUST_03741,Tanya,Stewart,tanya.stewart@yahoo.com,Oakland,Online Shopper
3742,CUST_03742,Tonya,Miller,tonya.miller@gmail.com,Austin,In-Store Regular
3743,CUST_03743,David,Walker,david.walker@yahoo.com,San Diego,Loyal Customer
3744,CUST_03744,Rickey,Taylor,rickey.taylor@yahoo.com,Oklahoma City,Deal Seeker
3745,CUST_03745,Riley,Baker,riley.baker@yahoo.com,Fort Worth,High Value
3746,CUST_03746,Charles,Jimenez,charles.jimenez@yahoo.com,Boston,Budget Shopper
3747,CUST_03747,Amy,Hicks,amy.hicks@yahoo.com,Tampa,In-Store Regular
3748,CUST_03748,Randy,Baker,randy.baker@outlook.com,Milwaukee,Loyal Customer
3749,CUST_03749,Cynthia,Walters,cynthia.walters@yahoo.com,Colorado Springs,Deal Seeker
3750,CUST_03750,Jeremy,Ward,jeremy.ward@outlook.com,San Diego,Premium Shopper
3751,CUST_03751,Shannon,Butler,shannon.butler@outlook.com,Houston,Loyal Customer
3752,CUST_03752,Wanda,Gonzalez,wanda.gonzalez@yahoo.com,Colorado Springs,Budget Shopper
3753,CUST_03753,Melinda,Carlson,melinda.carlson@outlook.com,Colorado Springs,Churn Risk
3754,CUST_03754,Mathew,Nichols,mathew.nichols@gmail.com,Tampa,Churn Risk
3755,CUST_03755,Kim,Green,kim.green@yahoo.com,Indianapolis,First-time Buyer
3756,CUST_03756,Vanessa,Turner,vanessa.turner@gmail.com,Miami,Online Shopper
3757,CUST_03757,Michelle,Murphy,michelle.murphy@outlook.com,Los Angeles,High Value
3758,CUST_03758,Casey,Jones,casey.jones@outlook.com,Indianapolis,First-time Buyer
3759,CUST_03759,Heather,Fox,heather.fox@yahoo.com,Chicago,Deal Seeker
3760,CUST_03760,Amanda,Murray,amanda.murray@gmail.com,Denver,Occasional Shopper
3761,CUST_03761,Gabriel,Cruz,gabriel.cruz@gmail.com,Philadelphia,High Value
3762,CUST_03762,Steven,Middleton,steven.middleton@outlook.com,Denver,Deal Seeker
3763,CUST_03763,Megan,Heath,megan.heath@gmail.com,Dallas,Loyal Customer
3764,CUST_03764,Frances,Bass,frances.bass@gmail.com,San Antonio,In-Store Regular
3765,CUST_03765,Kelly,Griffin,kelly.griffin@gmail.com,Detroit,Deal Seeker
3766,CUST_03766,Adrian,Ramos,adrian.ramos@outlook.com,Denver,First-time Buyer
3767,CUST_03767,Kevin,Colon,kevin.colon@yahoo.com,New Orleans,Online Shopper
3768,CUST_03768,Shannon,Ross,shannon.ross@yahoo.com,Chicago,Occasional Shopper
3769,CUST_03769,Patricia,Hayes,patricia.hayes@outlook.com,Mesa,First-time Buyer
3770,CUST_03770,Theodore,Quinn,theodore.quinn@yahoo.com,Memphis,In-Store Regular
3771,CUST_03771,Kayla,Nolan,kayla.nolan@outlook.com,New York,Loyal Customer
3772,CUST_03772,Victor,Stone,victor.stone@yahoo.com,Tucson,First-time Buyer
3773,CUST_03773,Sarah,Trevino,sarah.trevino@gmail.com,Memphis,Budget Shopper
3774,CUST_03774,Cassandra,Henry,cassandra.henry@gmail.com,Sacramento,Deal Seeker
3775,CUST_03775,Whitney,Brown,whitney.brown@yahoo.com,Raleigh,Budget Shopper
3776,CUST_03776,Joshua,Lee,joshua.lee@gmail.com,Denver,Online Shopper
3777,CUST_03777,Spencer,Conway,spencer.conway@yahoo.com,Tulsa,Online Shopper
3778,CUST_03778,Jonathan,Baird,jonathan.baird@gmail.com,Las Vegas,Deal Seeker
3779,CUST_03779,Jason,Lang,jason.lang@yahoo.com,Indianapolis,Online Shopper
3780,CUST_03780,Jamie,Campos,jamie.campos@gmail.com,Milwaukee,In-Store Regular
3781,CUST_03781,Joseph,Rivera,joseph.rivera@outlook.com,Minneapolis,First-time Buyer
3782,CUST_03782,Jason,Cox,jason.cox@gmail.com,Fresno,Deal Seeker
3783,CUST_03783,Danielle,Meyer,danielle.meyer@gmail.com,Fort Worth,Occasional Shopper
3784,CUST_03784,Monica,Nguyen,monica.nguyen@outlook.com,Nashville,Premium Shopper
3785,CUST_03785,Victor,Pratt,victor.pratt@yahoo.com,San Diego,First-time Buyer
3786,CUST_03786,Madison,Hunt,madison.hunt@yahoo.com,Omaha,Deal Seeker
3787,CUST_03787,Briana,Hays,briana.hays@gmail.com,Portland,First-time Buyer
3788,CUST_03788,Barbara,Graham,barbara.graham@gmail.com,Fresno,High Value
3789,CUST_03789,Michael,Galvan,michael.galvan@yahoo.com,Omaha,Occasional Shopper
3790,CUST_03790,William,Johnson,william.johnson@outlook.com,Arlington,Budget Shopper
3791,CUST_03791,Megan,Diaz,megan.diaz@yahoo.com,Oakland,Budget Shopper
3792,CUST_03792,Lori,Brown,lori.brown@gmail.com,Oklahoma City,Online Shopper
3793,CUST_03793,Michael,Harper,michael.harper@outlook.com,Oklahoma City,High Value
3794,CUST_03794,Joseph,Hernandez,joseph.hernandez@gmail.com,Jacksonville,Online Shopper
3795,CUST_03795,Donald,Wilson,donald.wilson@gmail.com,Kansas City,Occasional Shopper
3796,CUST_03796,Jason,Garcia,jason.garcia@yahoo.com,San Diego,Loyal Customer
3797,CUST_03797,Joe,Smith,joe.smith@gmail.com,New Orleans,Occasional Shopper
3798,CUST_03798,Penny,Harmon,penny.harmon@outlook.com,Detroit,In-Store Regular
3799,CUST_03799,James,Lucero,james.lucero@yahoo.com,Mesa,Deal Seeker
3800,CUST_03800,Douglas,Rodriguez,douglas.rodriguez@yahoo.com,Atlanta,Occasional Shopper
3801,CUST_03801,Justin,Miller,justin.miller@outlook.com,Las Vegas,Deal Seeker
3802,CUST_03802,Evan,Adams,evan.adams@gmail.com,Raleigh,Loyal Customer
3803,CUST_03803,Michael,Martinez,michael.martinez@gmail.com,Portland,Occasional Shopper
3804,CUST_03804,Julie,Davis,julie.davis@gmail.com,San Antonio,Budget Shopper
3805,CUST_03805,Michael,Davis,michael.davis@gmail.com,San Antonio,Online Shopper
3806,CUST_03806,Cindy,Khan,cindy.khan@gmail.com,Boston,First-time Buyer
3807,CUST_03807,Jennifer,Carrillo,jennifer.carrillo@outlook.com,Indianapolis,First-time Buyer
3808,CUST_03808,Caroline,Kelly,caroline.kelly@gmail.com,Fort Worth,Occasional Shopper
3809,CUST_03809,Sarah,Edwards,sarah.edwards@outlook.com,Kansas City,Premium Shopper
3810,CUST_03810,Kristina,Thompson,kristina.thompson@yahoo.com,Detroit,Deal Seeker
3811,CUST_03811,Austin,Solis,austin.solis@yahoo.com,Arlington,Premium Shopper
3812,CUST_03812,David,Dorsey,david.dorsey@gmail.com,San Jose,Premium Shopper
3813,CUST_03813,Erik,Pineda,erik.pineda@outlook.com,San Antonio,Online Shopper
3814,CUST_03814,Jason,Wright,jason.wright@yahoo.com,Charlotte,Loyal Customer
3815,CUST_03815,Sherry,Lee,sherry.lee@outlook.com,Austin,Online Shopper
3816,CUST_03816,Jerry,Hall,jerry.hall@gmail.com,Sacramento,Loyal Customer
3817,CUST_03817,Stanley,Jones,stanley.jones@yahoo.com,Detroit,Churn Risk
3818,CUST_03818,Thomas,Carpenter,thomas.carpenter@gmail.com,Denver,Budget Shopper
3819,CUST_03819,Lori,Clark,lori.clark@outlook.com,Austin,First-time Buyer
3820,CUST_03820,John,Jimenez,john.jimenez@outlook.com,Houston,In-Store Regular
3821,CUST_03821,Jeffrey,Caldwell,jeffrey.caldwell@yahoo.com,Virginia Beach,In-Store Regular
3822,CUST_03822,Julie,Conner,julie.conner@outlook.com,Arlington,Deal Seeker
3823,CUST_03823,Matthew,Harris,matthew.harris@yahoo.com,Tulsa,Occasional Shopper
3824,CUST_03824,Mackenzie,Sexton,mackenzie.sexton@outlook.com,Nashville,Online Shopper
3825,CUST_03825,Renee,Cohen,renee.cohen@outlook.com,Memphis,In-Store Regular
3826,CUST_03826,Hannah,Johnson,hannah.johnson@yahoo.com,Baltimore,Premium Shopper
3827,CUST_03827,Nicholas,Richardson,nicholas.richardson@outlook.com,San Jose,Online Shopper
3828,CUST_03828,Douglas,Wright,douglas.wright@gmail.com,Boston,First-time Buyer
3829,CUST_03829,Derek,Durham,derek.durham@yahoo.com,Arlington,Online Shopper
3830,CUST_03830,Ashley,Griffin,ashley.griffin@yahoo.com,Los Angeles,Premium Shopper
3831,CUST_03831,Ashley,Hawkins,ashley.hawkins@yahoo.com,San Francisco,First-time Buyer
3832,CUST_03832,Patricia,Middleton,patricia.middleton@outlook.com,Arlington,Deal Seeker
3833,CUST_03833,Angela,Roy,angela.roy@outlook.com,Memphis,High Value
3834,CUST_03834,Natalie,Hall,natalie.hall@outlook.com,Kansas City,High Value
3835,CUST_03835,Kyle,Fleming,kyle.fleming@outlook.com,San Antonio,Online Shopper
3836,CUST_03836,Janet,Miller,janet.miller@outlook.com,Charlotte,Budget Shopper
3837,CUST_03837,Patricia,Miller,patricia.miller@gmail.com,Louisville,Churn Risk
3838,CUST_03838,Steven,Guerra,steven.guerra@outlook.com,Oakland,First-time Buyer
3839,CUST_03839,Julian,Alvarez,julian.alvarez@gmail.com,Kansas City,Deal Seeker
3840,CUST_03840,Robert,Farrell,robert.farrell@outlook.com,Milwaukee,First-time Buyer
3841,CUST_03841,Scott,Pruitt,scott.pruitt@gmail.com,San Antonio,Budget Shopper
3842,CUST_03842,Aaron,Vazquez,aaron.vazquez@gmail.com,Albuquerque,Occasional Shopper
3843,CUST_03843,John,Wilson,john.wilson@yahoo.com,Atlanta,High Value
3844,CUST_03844,Barbara,Smith,barbara.smith@yahoo.com,Virginia Beach,In-Store Regular
3845,CUST_03845,Lori,Griffith,lori.griffith@outlook.com,Denver,Churn Risk
3846,CUST_03846,Jose,Hanson,jose.hanson@gmail.com,Detroit,Loyal Customer
3847,CUST_03847,Kevin,Duran,kevin.duran@gmail.com,Portland,Occasional Shopper
3848,CUST_03848,Andrea,Mcmillan,andrea.mcmillan@yahoo.com,Louisville,Occasional Shopper
3849,CUST_03849,Amy,Sims,amy.sims@outlook.com,San Diego,Online Shopper
3850,CUST_03850,Ian,Jackson,ian.jackson@outlook.com,Denver,Loyal Customer
3851,CUST_03851,Renee,Robinson,renee.robinson@yahoo.com,San Jose,Online Shopper
3852,CUST_03852,Shannon,Campbell,shannon.campbell@gmail.com,Long Beach,High Value
3853,CUST_03853,Todd,Rodriguez,todd.rodriguez@outlook.com,Las Vegas,Budget Shopper
3854,CUST_03854,Mary,Alvarez,mary.alvarez@gmail.com,Houston,Occasional Shopper
3855,CUST_03855,Lisa,Mathis,lisa.mathis@outlook.com,Seattle,First-time Buyer
3856,CUST_03856,Susan,Miller,susan.miller@outlook.com,Nashville,In-Store Regular
3857,CUST_03857,Stephen,Brennan,stephen.brennan@outlook.com,Kansas City,In-Store Regular
3858,CUST_03858,Eric,Powell,eric.powell@gmail.com,Louisville,Budget Shopper
3859,CUST_03859,Michael,Johnson,michael.johnson@outlook.com,Austin,In-Store Regular
3860,CUST_03860,Michael,Thompson,michael.thompson@yahoo.com,Minneapolis,Churn Risk
3861,CUST_03861,Ariana,Koch,ariana.koch@outlook.com,Baltimore,Occasional Shopper
3862,CUST_03862,Jesse,Ford,jesse.ford@outlook.com,Seattle,Premium Shopper
3863,CUST_03863,Andrew,Duncan,andrew.duncan@outlook.com,Louisville,Churn Risk
3864,CUST_03864,Megan,Church,megan.church@yahoo.com,Detroit,Churn Risk
3865,CUST_03865,Lauren,Haas,lauren.haas@gmail.com,Boston,Loyal Customer
3866,CUST_03866,Jerry,Keith,jerry.keith@outlook.com,Dallas,Deal Seeker
3867,CUST_03867,Rachel,Lamb,rachel.lamb@gmail.com,Baltimore,Budget Shopper
3868,CUST_03868,Melinda,Mendoza,melinda.mendoza@yahoo.com,New Orleans,Online Shopper
3869,CUST_03869,Melody,Santos,melody.santos@outlook.com,Portland,Premium Shopper
3870,CUST_03870,Heather,Bennett,heather.bennett@outlook.com,Las Vegas,Online Shopper
3871,CUST_03871,Jeremy,Burnett,jeremy.burnett@outlook.com,Oklahoma City,Loyal Customer
3872,CUST_03872,Thomas,Beck,thomas.beck@gmail.com,Atlanta,Budget Shopper
3873,CUST_03873,Elizabeth,Galvan,elizabeth.galvan@outlook.com,Sacramento,Budget Shopper
3874,CUST_03874,April,Rojas,april.rojas@outlook.com,Boston,First-time Buyer
3875,CUST_03875,Jessica,Strickland,jessica.strickland@outlook.com,Louisville,First-time Buyer
3876,CUST_03876,Robert,Brown,robert.brown@gmail.com,Atlanta,Loyal Customer
3877,CUST_03877,Brittany,Mills,brittany.mills@outlook.com,Milwaukee,First-time Buyer
3878,CUST_03878,Cindy,Jackson,cindy.jackson@outlook.com,Virginia Beach,First-time Buyer
3879,CUST_03879,Zachary,Baker,zachary.baker@gmail.com,Fort Worth,Online Shopper
3880,CUST_03880,Daniel,Lee,daniel.lee@yahoo.com,El Paso,Premium Shopper
3881,CUST_03881,Melissa,Cohen,melissa.cohen@outlook.com,Columbus,High Value
3882,CUST_03882,Jamie,Robinson,jamie.robinson@gmail.com,Atlanta,In-Store Regular
3883,CUST_03883,Annette,Murray,annette.murray@outlook.com,Las Vegas,Premium Shopper
3884,CUST_03884,Lucas,Mcmahon,lucas.mcmahon@gmail.com,Nashville,High Value
3885,CUST_03885,Elizabeth,Snyder,elizabeth.snyder@outlook.com,Jacksonville,Churn Risk
3886,CUST_03886,Yvonne,Thompson,yvonne.thompson@gmail.com,San Francisco,Budget Shopper
3887,CUST_03887,Nicholas,Moore,nicholas.moore@outlook.com,Louisville,Occasional Shopper
3888,CUST_03888,Diane,Foley,diane.foley@yahoo.com,Los Angeles,Online Shopper
3889,CUST_03889,Brett,Nichols,brett.nichols@outlook.com,Houston,Occasional Shopper
3890,CUST_03890,Mark,Chen,mark.chen@yahoo.com,New Orleans,Occasional Shopper
3891,CUST_03891,Lauren,Marsh,lauren.marsh@outlook.com,Charlotte,Churn Risk
3892,CUST_03892,Jeremy,Jenkins,jeremy.jenkins@yahoo.com,Milwaukee,Loyal Customer
3893,CUST_03893,Laura,Cook,laura.cook@outlook.com,Kansas City,Online Shopper
3894,CUST_03894,Jamie,Smith,jamie.smith@gmail.com,Seattle,First-time Buyer
3895,CUST_03895,Arthur,Hamilton,arthur.hamilton@outlook.com,Baltimore,Budget Shopper
3896,CUST_03896,Regina,Bentley,regina.bentley@yahoo.com,Phoenix,High Value
3897,CUST_03897,Barbara,Mckenzie,barbara.mckenzie@yahoo.com,Columbus,Churn Risk
3898,CUST_03898,Julie,Harper,julie.harper@yahoo.com,Louisville,First-time Buyer
3899,CUST_03899,Daniel,Hansen,daniel.hansen@outlook.com,Tucson,In-Store Regular
3900,CUST_03900,David,Pham,david.pham@outlook.com,Miami,Budget Shopper
3901,CUST_03901,Jennifer,Mitchell,jennifer.mitchell@yahoo.com,Kansas City,Loyal Customer
3902,CUST_03902,Lindsey,Sanchez,lindsey.sanchez@yahoo.com,Tampa,Budget Shopper
3903,CUST_03903,Makayla,Espinoza,makayla.espinoza@gmail.com,Omaha,Budget Shopper
3904,CUST_03904,Jessica,Watkins,jessica.watkins@outlook.com,Chicago,Budget Shopper
3905,CUST_03905,John,Hernandez,john.hernandez@outlook.com,Houston,Churn Risk
3906,CUST_03906,Jennifer,Mccarthy,jennifer.mccarthy@outlook.com,Mesa,Online Shopper
3907,CUST_03907,Penny,Austin,penny.austin@gmail.com,Baltimore,High Value
3908,CUST_03908,Aaron,Erickson,aaron.erickson@outlook.com,Charlotte,Online Shopper
3909,CUST_03909,Kimberly,Rodriguez,kimberly.rodriguez@gmail.com,Jacksonville,Loyal Customer
3910,CUST_03910,Amanda,Alvarez,amanda.alvarez@outlook.com,Los Angeles,Premium Shopper
3911,CUST_03911,Natasha,Anderson,natasha.anderson@outlook.com,Oakland,Premium Shopper
3912,CUST_03912,Melinda,Griffin,melinda.griffin@yahoo.com,Denver,Premium Shopper
3913,CUST_03913,John,Leon,john.leon@outlook.com,Tucson,Deal Seeker
3914,CUST_03914,Christopher,Waters,christopher.waters@yahoo.com,New York,Premium Shopper
3915,CUST_03915,Jared,Pitts,jared.pitts@outlook.com,Mesa,Deal Seeker
3916,CUST_03916,Gregory,Aguilar,gregory.aguilar@outlook.com,New Orleans,Occasional Shopper
3917,CUST_03917,Marie,Sanders,marie.sanders@gmail.com,Minneapolis,In-Store Regular
3918,CUST_03918,Brian,Garner,brian.garner@yahoo.com,Philadelphia,Premium Shopper
3919,CUST_03919,Brandon,Collins,brandon.collins@yahoo.com,Houston,Premium Shopper
3920,CUST_03920,Keith,Sloan,keith.sloan@yahoo.com,Atlanta,In-Store Regular
3921,CUST_03921,Jessica,Hamilton,jessica.hamilton@yahoo.com,Albuquerque,Occasional Shopper
3922,CUST_03922,Phyllis,Simmons,phyllis.simmons@yahoo.com,Chicago,High Value
3923,CUST_03923,Theresa,Richardson,theresa.richardson@yahoo.com,Long Beach,Online Shopper
3924,CUST_03924,Nicole,Dennis,nicole.dennis@gmail.com,Jacksonville,Churn Risk
3925,CUST_03925,Jonathan,Li,jonathan.li@outlook.com,San Diego,Deal Seeker
3926,CUST_03926,Scott,Brown,scott.brown@yahoo.com,Long Beach,Premium Shopper
3927,CUST_03927,Craig,Lozano,craig.lozano@gmail.com,Long Beach,Churn Risk
3928,CUST_03928,Katelyn,Gentry,katelyn.gentry@gmail.com,Los Angeles,First-time Buyer
3929,CUST_03929,Sierra,Duncan,sierra.duncan@outlook.com,Raleigh,Churn Risk
3930,CUST_03930,Brittany,Kelly,brittany.kelly@gmail.com,San Francisco,First-time Buyer
3931,CUST_03931,Nicholas,Wood,nicholas.wood@outlook.com,Mesa,Online Shopper
3932,CUST_03932,John,Marshall,john.marshall@yahoo.com,Arlington,Premium Shopper
3933,CUST_03933,John,Golden,john.golden@gmail.com,Kansas City,Deal Seeker
3934,CUST_03934,Lisa,Chung,lisa.chung@gmail.com,Detroit,Churn Risk
3935,CUST_03935,Shelly,Arias,shelly.arias@yahoo.com,Albuquerque,Budget Shopper
3936,CUST_03936,Jacqueline,Dillon,jacqueline.dillon@yahoo.com,Tulsa,In-Store Regular
3937,CUST_03937,Steven,Bowman,steven.bowman@gmail.com,Oklahoma City,Premium Shopper
3938,CUST_03938,Allen,Johnson,allen.johnson@yahoo.com,Nashville,Deal Seeker
3939,CUST_03939,Summer,Bell,summer.bell@yahoo.com,Raleigh,In-Store Regular
3940,CUST_03940,James,Goodwin,james.goodwin@gmail.com,Sacramento,High Value
3941,CUST_03941,Lynn,Durham,lynn.durham@gmail.com,Virginia Beach,Loyal Customer
3942,CUST_03942,Kenneth,Shepherd,kenneth.shepherd@yahoo.com,Austin,High Value
3943,CUST_03943,Joyce,Johnson,joyce.johnson@outlook.com,Philadelphia,Occasional Shopper
3944,CUST_03944,Diane,Barnes,diane.barnes@gmail.com,Memphis,Occasional Shopper
3945,CUST_03945,Jennifer,Stewart,jennifer.stewart@yahoo.com,Raleigh,Loyal Customer
3946,CUST_03946,Lisa,Vasquez,lisa.vasquez@yahoo.com,Charlotte,Occasional Shopper
3947,CUST_03947,Victoria,Mills,victoria.mills@gmail.com,Houston,Churn Risk
3948,CUST_03948,Aaron,Miller,aaron.miller@yahoo.com,Memphis,High Value
3949,CUST_03949,Benjamin,Rose,benjamin.rose@yahoo.com,Chicago,In-Store Regular
3950,CUST_03950,Edward,Smith,edward.smith@outlook.com,Indianapolis,First-time Buyer
3951,CUST_03951,Jesse,Lee,jesse.lee@outlook.com,Kansas City,Churn Risk
3952,CUST_03952,Jonathan,Navarro,jonathan.navarro@gmail.com,Chicago,Deal Seeker
3953,CUST_03953,Christopher,Thomas,christopher.thomas@gmail.com,Seattle,Deal Seeker
3954,CUST_03954,Melinda,Johnson,melinda.johnson@outlook.com,Denver,Premium Shopper
3955,CUST_03955,Dawn,Collins,dawn.collins@outlook.com,Sacramento,Online Shopper
3956,CUST_03956,Stephanie,Armstrong,stephanie.armstrong@outlook.com,San Antonio,Budget Shopper
3957,CUST_03957,Erik,Doyle,erik.doyle@yahoo.com,Atlanta,Budget Shopper
3958,CUST_03958,Matthew,Schaefer,matthew.schaefer@yahoo.com,San Antonio,Deal Seeker
3959,CUST_03959,Thomas,Smith,thomas.smith@outlook.com,San Jose,Occasional Shopper
3960,CUST_03960,Virginia,Porter,virginia.porter@yahoo.com,Nashville,Budget Shopper
3961,CUST_03961,Omar,Li,omar.li@outlook.com,Virginia Beach,In-Store Regular
3962,CUST_03962,Julie,Massey,julie.massey@yahoo.com,Phoenix,Churn Risk
3963,CUST_03963,Lawrence,Maddox,lawrence.maddox@outlook.com,Chicago,Deal Seeker
3964,CUST_03964,Linda,Kidd,linda.kidd@yahoo.com,Philadelphia,Churn Risk
3965,CUST_03965,Michelle,Hicks,michelle.hicks@outlook.com,Tampa,Churn Risk
3966,CUST_03966,Cindy,White,cindy.white@yahoo.com,Colorado Springs,Budget Shopper
3967,CUST_03967,Katherine,Cervantes,katherine.cervantes@outlook.com,Louisville,Online Shopper
3968,CUST_03968,Melissa,Aguilar,melissa.aguilar@yahoo.com,Oakland,Online Shopper
3969,CUST_03969,William,Wyatt,william.wyatt@gmail.com,Denver,Budget Shopper
3970,CUST_03970,Kevin,Lee,kevin.lee@gmail.com,Jacksonville,Budget Shopper
3971,CUST_03971,Melissa,Ferguson,melissa.ferguson@outlook.com,Atlanta,First-time Buyer
3972,CUST_03972,Lisa,Benson,lisa.benson@outlook.com,Los Angeles,Deal Seeker
3973,CUST_03973,Anita,Clark,anita.clark@outlook.com,Fort Worth,Budget Shopper
3974,CUST_03974,Heather,Silva,heather.silva@yahoo.com,Washington,In-Store Regular
3975,CUST_03975,Charles,Kennedy,charles.kennedy@gmail.com,San Jose,In-Store Regular
3976,CUST_03976,Michelle,Roberts,michelle.roberts@outlook.com,Houston,Occasional Shopper
3977,CUST_03977,Briana,Turner,briana.turner@yahoo.com,Columbus,Budget Shopper
3978,CUST_03978,Mark,Hamilton,mark.hamilton@outlook.com,Fresno,Occasional Shopper
3979,CUST_03979,Gregory,Collins,gregory.collins@gmail.com,Fresno,Premium Shopper
3980,CUST_03980,Seth,Freeman,seth.freeman@outlook.com,Baltimore,High Value
3981,CUST_03981,James,Mata,james.mata@yahoo.com,Oakland,Budget Shopper
3982,CUST_03982,Amanda,Mclean,amanda.mclean@yahoo.com,Memphis,Loyal Customer
3983,CUST_03983,Victor,Spencer,victor.spencer@gmail.com,Nashville,Churn Risk
3984,CUST_03984,Courtney,Gonzalez,courtney.gonzalez@gmail.com,Washington,In-Store Regular
3985,CUST_03985,Victoria,Mitchell,victoria.mitchell@yahoo.com,Colorado Springs,Premium Shopper
3986,CUST_03986,Micheal,Vargas,micheal.vargas@gmail.com,San Francisco,Loyal Customer
3987,CUST_03987,Brandon,Curry,brandon.curry@outlook.com,Nashville,High Value
3988,CUST_03988,Teresa,Smith,teresa.smith@yahoo.com,Albuquerque,In-Store Regular
3989,CUST_03989,Anthony,Yoder,anthony.yoder@outlook.com,San Francisco,Churn Risk
3990,CUST_03990,Susan,Bradley,susan.bradley@yahoo.com,Portland,Premium Shopper
3991,CUST_03991,Kimberly,Wu,kimberly.wu@outlook.com,Washington,Premium Shopper
3992,CUST_03992,Nicholas,Wright,nicholas.wright@yahoo.com,Omaha,Premium Shopper
3993,CUST_03993,Nicole,Park,nicole.park@yahoo.com,San Diego,Online Shopper
3994,CUST_03994,Erika,Mahoney,erika.mahoney@yahoo.com,Charlotte,In-Store Regular
3995,CUST_03995,David,Rodriguez,david.rodriguez@yahoo.com,Kansas City,First-time Buyer
3996,CUST_03996,Jeffrey,Ross,jeffrey.ross@outlook.com,San Francisco,Premium Shopper
3997,CUST_03997,Jenna,Stevens,jenna.stevens@yahoo.com,Indianapolis,High Value
3998,CUST_03998,Adam,Marshall,adam.marshall@gmail.com,Atlanta,First-time Buyer
3999,CUST_03999,Tracey,Gaines,tracey.gaines@yahoo.com,Dallas,Deal Seeker
4000,CUST_04000,Matthew,Kim,matthew.kim@outlook.com,Columbus,First-time Buyer
4001,CUST_04001,Eric,Wolf,eric.wolf@outlook.com,Los Angeles,Deal Seeker
4002,CUST_04002,Julia,Brown,julia.brown@gmail.com,Arlington,Budget Shopper
4003,CUST_04003,Robert,Stewart,robert.stewart@yahoo.com,Baltimore,Online Shopper
4004,CUST_04004,Kyle,Gray,kyle.gray@yahoo.com,Oakland,In-Store Regular
4005,CUST_04005,Kevin,Moore,kevin.moore@outlook.com,Tucson,Premium Shopper
4006,CUST_04006,Glenn,Smith,glenn.smith@outlook.com,New York,Online Shopper
4007,CUST_04007,John,Saunders,john.saunders@gmail.com,Albuquerque,Budget Shopper
4008,CUST_04008,Paul,Horton,paul.horton@outlook.com,Nashville,High Value
4009,CUST_04009,Scott,Browning,scott.browning@yahoo.com,Indianapolis,Occasional Shopper
4010,CUST_04010,Kimberly,Mendez,kimberly.mendez@outlook.com,Seattle,Churn Risk
4011,CUST_04011,Benjamin,Graham,benjamin.graham@outlook.com,Louisville,Budget Shopper
4012,CUST_04012,Alan,Hernandez,alan.hernandez@outlook.com,Fort Worth,Online Shopper
4013,CUST_04013,Anna,Glenn,anna.glenn@gmail.com,Las Vegas,Online Shopper
4014,CUST_04014,Susan,Perez,susan.perez@outlook.com,Miami,Budget Shopper
4015,CUST_04015,Hailey,Anderson,hailey.anderson@outlook.com,Seattle,Churn Risk
4016,CUST_04016,Terry,Smith,terry.smith@yahoo.com,Philadelphia,Budget Shopper
4017,CUST_04017,Jason,Kennedy,jason.kennedy@outlook.com,Columbus,Budget Shopper
4018,CUST_04018,Kelly,Sherman,kelly.sherman@gmail.com,New York,Online Shopper
4019,CUST_04019,Mary,Miller,mary.miller@outlook.com,Denver,In-Store Regular
4020,CUST_04020,Alyssa,Griffith,alyssa.griffith@yahoo.com,Boston,Occasional Shopper
4021,CUST_04021,Daniel,Frank,daniel.frank@outlook.com,Sacramento,Churn Risk
4022,CUST_04022,Sheila,Edwards,sheila.edwards@gmail.com,Oakland,Churn Risk
4023,CUST_04023,Shawn,Brewer,shawn.brewer@gmail.com,Sacramento,Online Shopper
4024,CUST_04024,Benjamin,Martinez,benjamin.martinez@yahoo.com,Phoenix,Deal Seeker
4025,CUST_04025,Sarah,Robinson,sarah.robinson@outlook.com,Miami,Online Shopper
4026,CUST_04026,Timothy,Robinson,timothy.robinson@outlook.com,Austin,High Value
4027,CUST_04027,Andrew,Williams,andrew.williams@outlook.com,Tampa,Online Shopper
4028,CUST_04028,Sarah,Smith,sarah.smith@yahoo.com,Baltimore,Premium Shopper
4029,CUST_04029,Monique,Mcdowell,monique.mcdowell@yahoo.com,Milwaukee,Churn Risk
4030,CUST_04030,Bryan,Thomas,bryan.thomas@outlook.com,Memphis,Occasional Shopper
4031,CUST_04031,David,Sanchez,david.sanchez@yahoo.com,Oklahoma City,Budget Shopper
4032,CUST_04032,Johnny,Meyer,johnny.meyer@outlook.com,Minneapolis,Deal Seeker
4033,CUST_04033,Crystal,Edwards,crystal.edwards@gmail.com,Philadelphia,Churn Risk
4034,CUST_04034,Stephanie,Ramirez,stephanie.ramirez@gmail.com,Houston,Loyal Customer
4035,CUST_04035,Mark,Price,mark.price@gmail.com,Kansas City,High Value
4036,CUST_04036,Elizabeth,Martinez,elizabeth.martinez@yahoo.com,Minneapolis,Churn Risk
4037,CUST_04037,Mary,Castro,mary.castro@yahoo.com,Denver,Premium Shopper
4038,CUST_04038,Robin,Nichols,robin.nichols@yahoo.com,Philadelphia,Premium Shopper
4039,CUST_04039,Ashley,Alvarado,ashley.alvarado@yahoo.com,Oklahoma City,High Value
4040,CUST_04040,Luis,Nelson,luis.nelson@gmail.com,Tulsa,Occasional Shopper
4041,CUST_04041,Joseph,Dennis,joseph.dennis@gmail.com,Milwaukee,Occasional Shopper
4042,CUST_04042,Dwayne,Simon,dwayne.simon@yahoo.com,Milwaukee,In-Store Regular
4043,CUST_04043,Ryan,Charles,ryan.charles@gmail.com,Virginia Beach,High Value
4044,CUST_04044,Ashley,Richardson,ashley.richardson@outlook.com,Jacksonville,In-Store Regular
4045,CUST_04045,Jeffrey,Stanley,jeffrey.stanley@outlook.com,Oklahoma City,Premium Shopper
4046,CUST_04046,John,Benjamin,john.benjamin@yahoo.com,Houston,Loyal Customer
4047,CUST_04047,Donna,Franklin,donna.franklin@outlook.com,Tampa,First-time Buyer
4048,CUST_04048,Ian,Taylor,ian.taylor@outlook.com,Chicago,In-Store Regular
4049,CUST_04049,Steven,Johns,steven.johns@yahoo.com,San Antonio,Premium Shopper
4050,CUST_04050,Peter,Williams,peter.williams@gmail.com,Denver,Loyal Customer
4051,CUST_04051,Christopher,Smith,christopher.smith@outlook.com,Mesa,Online Shopper
4052,CUST_04052,Kenneth,Phelps,kenneth.phelps@yahoo.com,Fort Worth,Online Shopper
4053,CUST_04053,Ryan,Campbell,ryan.campbell@yahoo.com,Albuquerque,Deal Seeker
4054,CUST_04054,Julia,Dixon,julia.dixon@outlook.com,Phoenix,Occasional Shopper
4055,CUST_04055,Courtney,Thompson,courtney.thompson@yahoo.com,Denver,Online Shopper
4056,CUST_04056,Brian,Hall,brian.hall@gmail.com,Dallas,First-time Buyer
4057,CUST_04057,Ashley,Huffman,ashley.huffman@outlook.com,Tulsa,Premium Shopper
4058,CUST_04058,Stacey,Mendez,stacey.mendez@gmail.com,Seattle,Loyal Customer
4059,CUST_04059,Brian,Rogers,brian.rogers@gmail.com,Miami,Online Shopper
4060,CUST_04060,Jacob,Bond,jacob.bond@yahoo.com,Fresno,Online Shopper
4061,CUST_04061,Brenda,Davis,brenda.davis@gmail.com,Philadelphia,Loyal Customer
4062,CUST_04062,Lori,Duncan,lori.duncan@yahoo.com,Tucson,Occasional Shopper
4063,CUST_04063,Kathleen,Hebert,kathleen.hebert@yahoo.com,Long Beach,Loyal Customer
4064,CUST_04064,Robin,Blake,robin.blake@yahoo.com,Phoenix,Online Shopper
4065,CUST_04065,Alison,Taylor,alison.taylor@yahoo.com,El Paso,Premium Shopper
4066,CUST_04066,Steven,Sandoval,steven.sandoval@yahoo.com,Las Vegas,Occasional Shopper
4067,CUST_04067,Margaret,Taylor,margaret.taylor@outlook.com,Louisville,Loyal Customer
4068,CUST_04068,Ryan,Choi,ryan.choi@gmail.com,Colorado Springs,Occasional Shopper
4069,CUST_04069,Lynn,Nguyen,lynn.nguyen@yahoo.com,Phoenix,Churn Risk
4070,CUST_04070,Tina,Pennington,tina.pennington@gmail.com,Arlington,Budget Shopper
4071,CUST_04071,Kimberly,Daugherty,kimberly.daugherty@yahoo.com,Detroit,Occasional Shopper
4072,CUST_04072,Betty,Kramer,betty.kramer@gmail.com,New York,Deal Seeker
4073,CUST_04073,Joshua,Watkins,joshua.watkins@yahoo.com,Philadelphia,Occasional Shopper
4074,CUST_04074,Chelsey,Vance,chelsey.vance@gmail.com,Oakland,Occasional Shopper
4075,CUST_04075,Peter,Carr,peter.carr@gmail.com,Memphis,Loyal Customer
4076,CUST_04076,Darin,Ayers,darin.ayers@gmail.com,Albuquerque,High Value
4077,CUST_04077,Phillip,Wade,phillip.wade@outlook.com,Baltimore,Churn Risk
4078,CUST_04078,Kelly,Freeman,kelly.freeman@yahoo.com,Tulsa,Churn Risk
4079,CUST_04079,Paul,Christensen,paul.christensen@yahoo.com,Dallas,Budget Shopper
4080,CUST_04080,David,Schmidt,david.schmidt@gmail.com,Indianapolis,Online Shopper
4081,CUST_04081,Amanda,Camacho,amanda.camacho@gmail.com,Fort Worth,Churn Risk
4082,CUST_04082,Linda,Tanner,linda.tanner@outlook.com,Omaha,First-time Buyer
4083,CUST_04083,Rhonda,York,rhonda.york@yahoo.com,Detroit,In-Store Regular
4084,CUST_04084,Kenneth,James,kenneth.james@gmail.com,Charlotte,Loyal Customer
4085,CUST_04085,Christopher,Walsh,christopher.walsh@gmail.com,San Diego,Online Shopper
4086,CUST_04086,Kevin,Sanchez,kevin.sanchez@outlook.com,Tampa,Budget Shopper
4087,CUST_04087,Carl,Rogers,carl.rogers@gmail.com,Washington,Budget Shopper
4088,CUST_04088,Peter,Reyes,peter.reyes@gmail.com,San Diego,Occasional Shopper
4089,CUST_04089,Angel,Brown,angel.brown@outlook.com,Milwaukee,In-Store Regular
4090,CUST_04090,Holly,Reed,holly.reed@outlook.com,Albuquerque,High Value
4091,CUST_04091,Donald,Powell,donald.powell@outlook.com,Nashville,High Value
4092,CUST_04092,Jon,Johnson,jon.johnson@yahoo.com,Denver,Loyal Customer
4093,CUST_04093,Kevin,Day,kevin.day@yahoo.com,Baltimore,High Value
4094,CUST_04094,Gabriella,Combs,gabriella.combs@yahoo.com,Colorado Springs,Premium Shopper
4095,CUST_04095,Anthony,Ingram,anthony.ingram@yahoo.com,Oakland,High Value
4096,CUST_04096,Megan,Munoz,megan.munoz@gmail.com,Minneapolis,Online Shopper
4097,CUST_04097,William,Williams,william.williams@gmail.com,Portland,Budget Shopper
4098,CUST_04098,Christopher,Tucker,christopher.tucker@gmail.com,Dallas,Premium Shopper
4099,CUST_04099,Patricia,Smith,patricia.smith@outlook.com,Phoenix,Online Shopper
4100,CUST_04100,Teresa,Lee,teresa.lee@gmail.com,Las Vegas,In-Store Regular
4101,CUST_04101,Stephanie,Hawkins,stephanie.hawkins@outlook.com,Detroit,First-time Buyer
4102,CUST_04102,Amanda,Brown,amanda.brown@outlook.com,Baltimore,High Value
4103,CUST_04103,Erik,Estes,erik.estes@yahoo.com,Dallas,Deal Seeker
4104,CUST_04104,Brandon,Santana,brandon.santana@outlook.com,Detroit,Online Shopper
4105,CUST_04105,Jeremy,Holloway,jeremy.holloway@outlook.com,Philadelphia,High Value
4106,CUST_04106,Alyssa,Peck,alyssa.peck@outlook.com,Jacksonville,Budget Shopper
4107,CUST_04107,Janet,Smith,janet.smith@outlook.com,San Jose,High Value
4108,CUST_04108,Michelle,Jarvis,michelle.jarvis@yahoo.com,Detroit,First-time Buyer
4109,CUST_04109,Julie,Benson,julie.benson@gmail.com,Charlotte,Online Shopper
4110,CUST_04110,Christopher,Wagner,christopher.wagner@outlook.com,New York,Occasional Shopper
4111,CUST_04111,Rebecca,Roberts,rebecca.roberts@yahoo.com,Columbus,High Value
4112,CUST_04112,Maxwell,Elliott,maxwell.elliott@outlook.com,Portland,First-time Buyer
4113,CUST_04113,Lawrence,Leonard,lawrence.leonard@gmail.com,Raleigh,Online Shopper
4114,CUST_04114,Alexis,Pena,alexis.pena@yahoo.com,San Francisco,Premium Shopper
4115,CUST_04115,James,Rogers,james.rogers@gmail.com,Oakland,First-time Buyer
4116,CUST_04116,Cameron,Anderson,cameron.anderson@gmail.com,Baltimore,Churn Risk
4117,CUST_04117,Kayla,Lewis,kayla.lewis@yahoo.com,Chicago,Deal Seeker
4118,CUST_04118,Monica,Schmitt,monica.schmitt@gmail.com,Albuquerque,Premium Shopper
4119,CUST_04119,Karen,Morrison,karen.morrison@outlook.com,Tulsa,First-time Buyer
4120,CUST_04120,Jeremy,Edwards,jeremy.edwards@outlook.com,El Paso,Budget Shopper
4121,CUST_04121,Donald,Grant,donald.grant@outlook.com,Oklahoma City,Budget Shopper
4122,CUST_04122,Julie,Ward,julie.ward@gmail.com,Indianapolis,Premium Shopper
4123,CUST_04123,Amanda,Thompson,amanda.thompson@yahoo.com,Los Angeles,Churn Risk
4124,CUST_04124,Kelly,Barker,kelly.barker@outlook.com,Houston,Budget Shopper
4125,CUST_04125,James,Kim,james.kim@gmail.com,Detroit,Premium Shopper
4126,CUST_04126,Rodney,Vance,rodney.vance@outlook.com,Mesa,High Value
4127,CUST_04127,Kristin,Rivera,kristin.rivera@outlook.com,Seattle,High Value
4128,CUST_04128,Allison,Davenport,allison.davenport@gmail.com,Los Angeles,Budget Shopper
4129,CUST_04129,Joseph,Walker,joseph.walker@gmail.com,Austin,In-Store Regular
4130,CUST_04130,Kayla,Smith,kayla.smith@yahoo.com,Chicago,Online Shopper
4131,CUST_04131,Philip,Murray,philip.murray@gmail.com,Kansas City,Churn Risk
4132,CUST_04132,Tara,Williams,tara.williams@yahoo.com,San Jose,Premium Shopper
4133,CUST_04133,Shannon,Thomas,shannon.thomas@outlook.com,Minneapolis,High Value
4134,CUST_04134,Beth,Watson,beth.watson@gmail.com,San Diego,High Value
4135,CUST_04135,Leslie,Miller,leslie.miller@yahoo.com,Miami,Premium Shopper
4136,CUST_04136,Mary,Madden,mary.madden@gmail.com,New York,Premium Shopper
4137,CUST_04137,Terri,Tran,terri.tran@outlook.com,New York,Premium Shopper
4138,CUST_04138,Stacey,Smith,stacey.smith@outlook.com,Charlotte,First-time Buyer
4139,CUST_04139,Wayne,Scott,wayne.scott@outlook.com,Charlotte,Churn Risk
4140,CUST_04140,Dalton,Lee,dalton.lee@gmail.com,Nashville,Churn Risk
4141,CUST_04141,Bryan,Sparks,bryan.sparks@yahoo.com,Arlington,First-time Buyer
4142,CUST_04142,Donald,Hughes,donald.hughes@outlook.com,San Jose,Loyal Customer
4143,CUST_04143,Sarah,Ball,sarah.ball@gmail.com,Nashville,Online Shopper
4144,CUST_04144,George,Fitzgerald,george.fitzgerald@gmail.com,New York,Budget Shopper
4145,CUST_04145,Jessica,Williams,jessica.williams@gmail.com,Phoenix,Churn Risk
4146,CUST_04146,Sherri,Stephens,sherri.stephens@outlook.com,Colorado Springs,Budget Shopper
4147,CUST_04147,Jill,Buckley,jill.buckley@gmail.com,Omaha,Churn Risk
4148,CUST_04148,Alyssa,Zavala,alyssa.zavala@gmail.com,Portland,Occasional Shopper
4149,CUST_04149,Dana,Stephens,dana.stephens@outlook.com,Denver,Churn Risk
4150,CUST_04150,Autumn,Davila,autumn.davila@gmail.com,Las Vegas,Online Shopper
4151,CUST_04151,Tammie,Ware,tammie.ware@outlook.com,Houston,Churn Risk
4152,CUST_04152,Kelly,Schwartz,kelly.schwartz@outlook.com,Sacramento,In-Store Regular
4153,CUST_04153,Adam,Armstrong,adam.armstrong@outlook.com,Oakland,In-Store Regular
4154,CUST_04154,Emily,Duarte,emily.duarte@gmail.com,San Antonio,High Value
4155,CUST_04155,Andrea,Grant,andrea.grant@gmail.com,Fresno,Occasional Shopper
4156,CUST_04156,John,Robertson,john.robertson@gmail.com,San Antonio,Budget Shopper
4157,CUST_04157,William,Hawkins,william.hawkins@outlook.com,New Orleans,Premium Shopper
4158,CUST_04158,Robert,Alvarez,robert.alvarez@gmail.com,Austin,High Value
4159,CUST_04159,Calvin,Hampton,calvin.hampton@gmail.com,Phoenix,Loyal Customer
4160,CUST_04160,Christopher,Hansen,christopher.hansen@yahoo.com,Philadelphia,Budget Shopper
4161,CUST_04161,Jamie,Powell,jamie.powell@gmail.com,Tulsa,Deal Seeker
4162,CUST_04162,Daniel,Anderson,daniel.anderson@outlook.com,Detroit,First-time Buyer
4163,CUST_04163,Abigail,Keller,abigail.keller@outlook.com,El Paso,Budget Shopper
4164,CUST_04164,Melanie,Thomas,melanie.thomas@gmail.com,San Jose,High Value
4165,CUST_04165,William,Washington,william.washington@yahoo.com,Tampa,Deal Seeker
4166,CUST_04166,Christopher,Williams,christopher.williams@gmail.com,New York,Deal Seeker
4167,CUST_04167,Pam,Williams,pam.williams@gmail.com,Phoenix,Budget Shopper
4168,CUST_04168,Robert,Freeman,robert.freeman@outlook.com,Kansas City,Deal Seeker
4169,CUST_04169,Lori,May,lori.may@gmail.com,Fort Worth,Budget Shopper
4170,CUST_04170,Amber,Davis,amber.davis@yahoo.com,Miami,Occasional Shopper
4171,CUST_04171,Colin,Barajas,colin.barajas@gmail.com,New York,First-time Buyer
4172,CUST_04172,Jessica,Ramirez,jessica.ramirez@yahoo.com,San Antonio,Premium Shopper
4173,CUST_04173,Angelica,Harris,angelica.harris@gmail.com,El Paso,Churn Risk
4174,CUST_04174,Kendra,Reyes,kendra.reyes@gmail.com,Tulsa,First-time Buyer
4175,CUST_04175,Sarah,Dillon,sarah.dillon@outlook.com,Charlotte,First-time Buyer
4176,CUST_04176,Joseph,Wilson,joseph.wilson@yahoo.com,Tulsa,Loyal Customer
4177,CUST_04177,Kathleen,Preston,kathleen.preston@yahoo.com,Indianapolis,Churn Risk
4178,CUST_04178,Rebecca,Johnson,rebecca.johnson@yahoo.com,Kansas City,First-time Buyer
4179,CUST_04179,Dana,Stone,dana.stone@yahoo.com,Nashville,Budget Shopper
4180,CUST_04180,Susan,Ramsey,susan.ramsey@yahoo.com,Boston,High Value
4181,CUST_04181,Meagan,Clark,meagan.clark@gmail.com,Philadelphia,Premium Shopper
4182,CUST_04182,Christopher,Figueroa,christopher.figueroa@yahoo.com,Mesa,Premium Shopper
4183,CUST_04183,Michael,Wu,michael.wu@outlook.com,Oakland,First-time Buyer
4184,CUST_04184,David,Garcia,david.garcia@outlook.com,Detroit,High Value
4185,CUST_04185,Samantha,Roberts,samantha.roberts@gmail.com,Colorado Springs,Premium Shopper
4186,CUST_04186,Eric,Smith,eric.smith@yahoo.com,Mesa,Online Shopper
4187,CUST_04187,Alan,Sellers,alan.sellers@yahoo.com,Sacramento,In-Store Regular
4188,CUST_04188,Collin,Carter,collin.carter@yahoo.com,Tucson,Budget Shopper
4189,CUST_04189,Joe,Henderson,joe.henderson@yahoo.com,Boston,Churn Risk
4190,CUST_04190,Timothy,Freeman,timothy.freeman@outlook.com,Charlotte,In-Store Regular
4191,CUST_04191,Jennifer,Bailey,jennifer.bailey@yahoo.com,Sacramento,High Value
4192,CUST_04192,Christopher,Harrison,christopher.harrison@gmail.com,Oklahoma City,In-Store Regular
4193,CUST_04193,David,Escobar,david.escobar@outlook.com,Fort Worth,First-time Buyer
4194,CUST_04194,Nicholas,Norton,nicholas.norton@outlook.com,Chicago,In-Store Regular
4195,CUST_04195,Rebecca,Kennedy,rebecca.kennedy@gmail.com,Oklahoma City,Occasional Shopper
4196,CUST_04196,Jonathan,Ritter,jonathan.ritter@gmail.com,Chicago,In-Store Regular
4197,CUST_04197,Randy,Rodriguez,randy.rodriguez@yahoo.com,Philadelphia,Churn Risk
4198,CUST_04198,Jason,Cherry,jason.cherry@gmail.com,Mesa,Occasional Shopper
4199,CUST_04199,Thomas,Thomas,thomas.thomas@yahoo.com,New York,Online Shopper
4200,CUST_04200,Manuel,Harris,manuel.harris@yahoo.com,Indianapolis,High Value
4201,CUST_04201,Heidi,Manning,heidi.manning@outlook.com,Portland,Occasional Shopper
4202,CUST_04202,Michael,Wilson,michael.wilson@yahoo.com,Fresno,Loyal Customer
4203,CUST_04203,Nancy,Lopez,nancy.lopez@outlook.com,Detroit,First-time Buyer
4204,CUST_04204,Daniel,Webb,daniel.webb@outlook.com,Memphis,Online Shopper
4205,CUST_04205,Alexandra,Johnson,alexandra.johnson@outlook.com,San Francisco,Budget Shopper
4206,CUST_04206,Gregory,Smith,gregory.smith@outlook.com,Milwaukee,Loyal Customer
4207,CUST_04207,Kimberly,Perkins,kimberly.perkins@outlook.com,Omaha,Online Shopper
4208,CUST_04208,Heather,Curtis,heather.curtis@outlook.com,Milwaukee,Online Shopper
4209,CUST_04209,Ashley,Stone,ashley.stone@yahoo.com,El Paso,Budget Shopper
4210,CUST_04210,Jennifer,Williams,jennifer.williams@yahoo.com,Colorado Springs,In-Store Regular
4211,CUST_04211,Joshua,Smith,joshua.smith@yahoo.com,San Diego,In-Store Regular
4212,CUST_04212,Sara,Strong,sara.strong@yahoo.com,Jacksonville,First-time Buyer
4213,CUST_04213,Valerie,Harris,valerie.harris@yahoo.com,Phoenix,Loyal Customer
4214,CUST_04214,Blake,Murphy,blake.murphy@yahoo.com,Minneapolis,Loyal Customer
4215,CUST_04215,Jennifer,Brown,jennifer.brown@outlook.com,Milwaukee,Deal Seeker
4216,CUST_04216,Jennifer,Barber,jennifer.barber@gmail.com,Colorado Springs,In-Store Regular
4217,CUST_04217,David,Gross,david.gross@yahoo.com,Columbus,Occasional Shopper
4218,CUST_04218,Katrina,Leonard,katrina.leonard@yahoo.com,Washington,Deal Seeker
4219,CUST_04219,Eduardo,Johns,eduardo.johns@outlook.com,New York,Churn Risk
4220,CUST_04220,Charles,Jones,charles.jones@outlook.com,Fresno,High Value
4221,CUST_04221,Joanne,Fitzpatrick,joanne.fitzpatrick@yahoo.com,Long Beach,Occasional Shopper
4222,CUST_04222,Robert,Herman,robert.herman@yahoo.com,Arlington,High Value
4223,CUST_04223,William,Fleming,william.fleming@outlook.com,Tulsa,Deal Seeker
4224,CUST_04224,Becky,Estrada,becky.estrada@gmail.com,New Orleans,Premium Shopper
4225,CUST_04225,Amanda,Hart,amanda.hart@outlook.com,Louisville,Churn Risk
4226,CUST_04226,Paul,Fisher,paul.fisher@yahoo.com,Long Beach,Budget Shopper
4227,CUST_04227,Grace,Williams,grace.williams@gmail.com,Tampa,High Value
4228,CUST_04228,Kendra,Smith,kendra.smith@yahoo.com,New York,Budget Shopper
4229,CUST_04229,Jeremy,Goodman,jeremy.goodman@outlook.com,Memphis,In-Store Regular
4230,CUST_04230,Eric,Osborne,eric.osborne@gmail.com,Austin,In-Store Regular
4231,CUST_04231,Alexandra,Lopez,alexandra.lopez@gmail.com,Washington,Churn Risk
4232,CUST_04232,Alexander,Arias,alexander.arias@yahoo.com,Milwaukee,High Value
4233,CUST_04233,Ryan,Goodwin,ryan.goodwin@outlook.com,Austin,In-Store Regular
4234,CUST_04234,Amanda,King,amanda.king@yahoo.com,Washington,Loyal Customer
4235,CUST_04235,William,Abbott,william.abbott@yahoo.com,Chicago,Premium Shopper
4236,CUST_04236,Tonya,Miller,tonya.miller@gmail.com,Oakland,Premium Shopper
4237,CUST_04237,Morgan,Poole,morgan.poole@yahoo.com,Kansas City,Online Shopper
4238,CUST_04238,Brittany,Walsh,brittany.walsh@gmail.com,Fort Worth,Loyal Customer
4239,CUST_04239,Bradley,Mcfarland,bradley.mcfarland@outlook.com,Arlington,First-time Buyer
4240,CUST_04240,Samuel,Baker,samuel.baker@yahoo.com,Miami,Online Shopper
4241,CUST_04241,Justin,Williams,justin.williams@yahoo.com,Indianapolis,Online Shopper
4242,CUST_04242,Jason,Meza,jason.meza@gmail.com,Miami,Occasional Shopper
4243,CUST_04243,Andrea,Wall,andrea.wall@yahoo.com,Omaha,High Value
4244,CUST_04244,Seth,Baird,seth.baird@gmail.com,Seattle,Loyal Customer
4245,CUST_04245,Caroline,Garrett,caroline.garrett@yahoo.com,Phoenix,Premium Shopper
4246,CUST_04246,Melissa,Jones,melissa.jones@yahoo.com,Colorado Springs,Occasional Shopper
4247,CUST_04247,Sean,Irwin,sean.irwin@yahoo.com,Portland,Deal Seeker
4248,CUST_04248,Christopher,Lopez,christopher.lopez@outlook.com,Indianapolis,Churn Risk
4249,CUST_04249,David,Delgado,david.delgado@outlook.com,Chicago,Online Shopper
4250,CUST_04250,Frank,Peters,frank.peters@outlook.com,Indianapolis,Deal Seeker
4251,CUST_04251,Katie,Taylor,katie.taylor@outlook.com,Washington,Churn Risk
4252,CUST_04252,Sara,Johnson,sara.johnson@outlook.com,Nashville,High Value
4253,CUST_04253,George,Kline,george.kline@gmail.com,Philadelphia,Budget Shopper
4254,CUST_04254,Heidi,Acosta,heidi.acosta@outlook.com,New York,Online Shopper
4255,CUST_04255,Phyllis,Castaneda,phyllis.castaneda@yahoo.com,Minneapolis,In-Store Regular
4256,CUST_04256,Robert,Vasquez,robert.vasquez@yahoo.com,Austin,Churn Risk
4257,CUST_04257,Andre,Banks,andre.banks@gmail.com,Atlanta,Occasional Shopper
4258,CUST_04258,Ronald,Lee,ronald.lee@gmail.com,Tucson,First-time Buyer
4259,CUST_04259,Jennifer,Woods,jennifer.woods@outlook.com,Mesa,In-Store Regular
4260,CUST_04260,Keith,Mcdonald,keith.mcdonald@outlook.com,Milwaukee,High Value
4261,CUST_04261,Thomas,Short,thomas.short@gmail.com,New Orleans,In-Store Regular
4262,CUST_04262,Jon,Weiss,jon.weiss@gmail.com,Milwaukee,Budget Shopper
4263,CUST_04263,Tyler,Sims,tyler.sims@yahoo.com,San Diego,First-time Buyer
4264,CUST_04264,Shannon,Mendez,shannon.mendez@yahoo.com,Oklahoma City,Deal Seeker
4265,CUST_04265,Patrick,Peck,patrick.peck@yahoo.com,New York,In-Store Regular
4266,CUST_04266,Amanda,Graves,amanda.graves@gmail.com,Portland,Loyal Customer
4267,CUST_04267,Kent,Wilson,kent.wilson@outlook.com,Phoenix,Deal Seeker
4268,CUST_04268,Carol,Williams,carol.williams@outlook.com,El Paso,Loyal Customer
4269,CUST_04269,Elizabeth,Johnson,elizabeth.johnson@outlook.com,Raleigh,High Value
4270,CUST_04270,Joseph,Bell,joseph.bell@outlook.com,Atlanta,Occasional Shopper
4271,CUST_04271,Richard,Adams,richard.adams@gmail.com,Long Beach,Budget Shopper
4272,CUST_04272,Alexander,Miller,alexander.miller@gmail.com,Austin,Churn Risk
4273,CUST_04273,Mary,Miller,mary.miller@yahoo.com,Omaha,Online Shopper
4274,CUST_04274,Robert,Graves,robert.graves@outlook.com,Arlington,Occasional Shopper
4275,CUST_04275,Kendra,Smith,kendra.smith@gmail.com,Colorado Springs,In-Store Regular
4276,CUST_04276,Robert,Harris,robert.harris@outlook.com,Sacramento,Online Shopper
4277,CUST_04277,Erin,Thomas,erin.thomas@outlook.com,Tampa,Loyal Customer
4278,CUST_04278,Lisa,Smith,lisa.smith@gmail.com,Fort Worth,Occasional Shopper
4279,CUST_04279,Anthony,Flores,anthony.flores@gmail.com,San Francisco,Occasional Shopper
4280,CUST_04280,Natalie,Adams,natalie.adams@gmail.com,Miami,In-Store Regular
4281,CUST_04281,Megan,Hernandez,megan.hernandez@yahoo.com,Washington,Churn Risk
4282,CUST_04282,Katie,Bryant,katie.bryant@yahoo.com,Chicago,First-time Buyer
4283,CUST_04283,Samantha,Alexander,samantha.alexander@gmail.com,Phoenix,Occasional Shopper
4284,CUST_04284,Cole,Patel,cole.patel@yahoo.com,Fresno,Churn Risk
4285,CUST_04285,Katherine,Rowe,katherine.rowe@outlook.com,Dallas,Premium Shopper
4286,CUST_04286,Shelby,Hudson,shelby.hudson@gmail.com,Houston,Loyal Customer
4287,CUST_04287,Diana,Duncan,diana.duncan@gmail.com,Nashville,Premium Shopper
4288,CUST_04288,Stephanie,Caldwell,stephanie.caldwell@gmail.com,Colorado Springs,Churn Risk
4289,CUST_04289,Jeffery,Hernandez,jeffery.hernandez@yahoo.com,Atlanta,Online Shopper
4290,CUST_04290,Andrew,Mueller,andrew.mueller@yahoo.com,Tucson,Loyal Customer
4291,CUST_04291,Cindy,Lewis,cindy.lewis@gmail.com,Arlington,In-Store Regular
4292,CUST_04292,Andrew,Kramer,andrew.kramer@yahoo.com,Arlington,Loyal Customer
4293,CUST_04293,Nicholas,Figueroa,nicholas.figueroa@gmail.com,Detroit,Loyal Customer
4294,CUST_04294,Catherine,Tucker,catherine.tucker@yahoo.com,San Diego,Churn Risk
4295,CUST_04295,Andrew,Cordova,andrew.cordova@yahoo.com,Boston,First-time Buyer
4296,CUST_04296,Kayla,Mooney,kayla.mooney@gmail.com,Phoenix,First-time Buyer
4297,CUST_04297,Colleen,Clark,colleen.clark@gmail.com,San Francisco,Budget Shopper
4298,CUST_04298,Richard,Davis,richard.davis@gmail.com,Mesa,Churn Risk
4299,CUST_04299,William,Kim,william.kim@yahoo.com,Tampa,Deal Seeker
4300,CUST_04300,Ryan,Jackson,ryan.jackson@yahoo.com,Los Angeles,High Value
4301,CUST_04301,Donald,Velasquez,donald.velasquez@yahoo.com,Memphis,Online Shopper
4302,CUST_04302,Hannah,Gordon,hannah.gordon@yahoo.com,San Jose,First-time Buyer
4303,CUST_04303,Joanne,Walton,joanne.walton@yahoo.com,San Antonio,Budget Shopper
4304,CUST_04304,John,Williams,john.williams@outlook.com,Memphis,Occasional Shopper
4305,CUST_04305,William,Larsen,william.larsen@yahoo.com,Detroit,Online Shopper
4306,CUST_04306,Donna,Allen,donna.allen@outlook.com,Seattle,Churn Risk
4307,CUST_04307,Michael,Brown,michael.brown@yahoo.com,Oakland,Loyal Customer
4308,CUST_04308,Stephen,Patel,stephen.patel@gmail.com,Austin,Occasional Shopper
4309,CUST_04309,James,Cruz,james.cruz@yahoo.com,Sacramento,Online Shopper
4310,CUST_04310,William,Lee,william.lee@gmail.com,Tucson,Online Shopper
4311,CUST_04311,Jessica,Sparks,jessica.sparks@outlook.com,Tucson,Loyal Customer
4312,CUST_04312,Shawn,Turner,shawn.turner@outlook.com,Houston,In-Store Regular
4313,CUST_04313,April,Adams,april.adams@yahoo.com,Milwaukee,Premium Shopper
4314,CUST_04314,Donald,Smith,donald.smith@outlook.com,Arlington,In-Store Regular
4315,CUST_04315,Vernon,White,vernon.white@gmail.com,Denver,Budget Shopper
4316,CUST_04316,Hayley,Stuart,hayley.stuart@gmail.com,Denver,First-time Buyer
4317,CUST_04317,Robert,Johnson,robert.johnson@gmail.com,El Paso,High Value
4318,CUST_04318,Frank,Jackson,frank.jackson@gmail.com,Tampa,Premium Shopper
4319,CUST_04319,Patrick,Clay,patrick.clay@gmail.com,Kansas City,Premium Shopper
4320,CUST_04320,Melissa,Baker,melissa.baker@outlook.com,Detroit,In-Store Regular
4321,CUST_04321,Matthew,Bush,matthew.bush@outlook.com,Charlotte,Budget Shopper
4322,CUST_04322,Jeffrey,Carter,jeffrey.carter@yahoo.com,San Diego,Budget Shopper
4323,CUST_04323,Morgan,Tran,morgan.tran@gmail.com,Philadelphia,First-time Buyer
4324,CUST_04324,Vincent,Perry,vincent.perry@outlook.com,Raleigh,Occasional Shopper
4325,CUST_04325,Brian,Taylor,brian.taylor@outlook.com,Boston,Premium Shopper
4326,CUST_04326,Krystal,Carroll,krystal.carroll@yahoo.com,San Diego,High Value
4327,CUST_04327,Raven,Luna,raven.luna@gmail.com,Columbus,Premium Shopper
4328,CUST_04328,Elizabeth,Baker,elizabeth.baker@gmail.com,Las Vegas,In-Store Regular
4329,CUST_04329,Christopher,Nichols,christopher.nichols@yahoo.com,Washington,High Value
4330,CUST_04330,Jorge,Jones,jorge.jones@yahoo.com,New York,Deal Seeker
4331,CUST_04331,Sara,Harris,sara.harris@outlook.com,Albuquerque,Budget Shopper
4332,CUST_04332,Jennifer,Moore,jennifer.moore@gmail.com,Los Angeles,Premium Shopper
4333,CUST_04333,Shirley,Massey,shirley.massey@yahoo.com,Los Angeles,Occasional Shopper
4334,CUST_04334,Carol,Daniels,carol.daniels@yahoo.com,Oklahoma City,Premium Shopper
4335,CUST_04335,Carrie,Davis,carrie.davis@gmail.com,San Antonio,Deal Seeker
4336,CUST_04336,Anthony,Johnson,anthony.johnson@yahoo.com,Washington,First-time Buyer
4337,CUST_04337,Eric,Luna,eric.luna@outlook.com,Phoenix,Online Shopper
4338,CUST_04338,Meredith,Fitzgerald,meredith.fitzgerald@gmail.com,Denver,Deal Seeker
4339,CUST_04339,Kim,Green,kim.green@yahoo.com,Los Angeles,High Value
4340,CUST_04340,Ana,Lozano,ana.lozano@yahoo.com,Nashville,Churn Risk
4341,CUST_04341,Phillip,Adkins,phillip.adkins@yahoo.com,Milwaukee,Premium Shopper
4342,CUST_04342,Laura,Oconnor,laura.oconnor@yahoo.com,Houston,Deal Seeker
4343,CUST_04343,Martin,Lawrence,martin.lawrence@yahoo.com,Tampa,High Value
4344,CUST_04344,Michael,Swanson,michael.swanson@outlook.com,Columbus,Loyal Customer
4345,CUST_04345,Lauren,Hunter,lauren.hunter@yahoo.com,Louisville,Loyal Customer
4346,CUST_04346,Jessica,Mathews,jessica.mathews@yahoo.com,Virginia Beach,Budget Shopper
4347,CUST_04347,William,Choi,william.choi@gmail.com,Austin,High Value
4348,CUST_04348,Gregory,Thompson,gregory.thompson@yahoo.com,Austin,Online Shopper
4349,CUST_04349,Susan,Walker,susan.walker@yahoo.com,Tucson,First-time Buyer
4350,CUST_04350,Leah,Trevino,leah.trevino@yahoo.com,Minneapolis,In-Store Regular
4351,CUST_04351,Jamie,Roy,jamie.roy@gmail.com,Detroit,Occasional Shopper
4352,CUST_04352,Diana,Wiley,diana.wiley@gmail.com,Sacramento,In-Store Regular
4353,CUST_04353,Margaret,Ruiz,margaret.ruiz@gmail.com,Washington,Budget Shopper
4354,CUST_04354,Tyler,Keller,tyler.keller@gmail.com,Miami,High Value
4355,CUST_04355,Arthur,Washington,arthur.washington@gmail.com,Chicago,In-Store Regular
4356,CUST_04356,Kathryn,Murphy,kathryn.murphy@outlook.com,Boston,First-time Buyer
4357,CUST_04357,Alex,Tucker,alex.tucker@gmail.com,San Francisco,Premium Shopper
4358,CUST_04358,Stacey,Butler,stacey.butler@gmail.com,Boston,Occasional Shopper
4359,CUST_04359,Robert,Wells,robert.wells@yahoo.com,Denver,Online Shopper
4360,CUST_04360,Kristy,Hood,kristy.hood@gmail.com,Kansas City,Deal Seeker
4361,CUST_04361,Corey,Myers,corey.myers@outlook.com,Charlotte,In-Store Regular
4362,CUST_04362,Victoria,Schaefer,victoria.schaefer@yahoo.com,Atlanta,Loyal Customer
4363,CUST_04363,Jimmy,Rogers,jimmy.rogers@outlook.com,Seattle,Deal Seeker
4364,CUST_04364,Gregory,Adkins,gregory.adkins@yahoo.com,Detroit,Deal Seeker
4365,CUST_04365,Marissa,Vazquez,marissa.vazquez@gmail.com,Oakland,Churn Risk
4366,CUST_04366,Stacie,Scott,stacie.scott@gmail.com,Louisville,Loyal Customer
4367,CUST_04367,John,Barnett,john.barnett@yahoo.com,Tulsa,Online Shopper
4368,CUST_04368,Sherry,Barnes,sherry.barnes@outlook.com,Minneapolis,Deal Seeker
4369,CUST_04369,Kimberly,Smith,kimberly.smith@outlook.com,Fort Worth,Budget Shopper
4370,CUST_04370,David,Mayo,david.mayo@gmail.com,Washington,In-Store Regular
4371,CUST_04371,Tara,Murphy,tara.murphy@gmail.com,Dallas,High Value
4372,CUST_04372,Jeffery,Morales,jeffery.morales@outlook.com,Dallas,First-time Buyer
4373,CUST_04373,Jessica,Armstrong,jessica.armstrong@outlook.com,Memphis,Loyal Customer
4374,CUST_04374,Robert,Bray,robert.bray@outlook.com,Miami,In-Store Regular
4375,CUST_04375,Veronica,Lee,veronica.lee@yahoo.com,Atlanta,First-time Buyer
4376,CUST_04376,Justin,Jordan,justin.jordan@yahoo.com,San Diego,Occasional Shopper
4377,CUST_04377,Daniel,Freeman,daniel.freeman@outlook.com,San Antonio,Loyal Customer
4378,CUST_04378,Kelly,Donaldson,kelly.donaldson@outlook.com,Tampa,Loyal Customer
4379,CUST_04379,Natalie,Hahn,natalie.hahn@gmail.com,Omaha,First-time Buyer
4380,CUST_04380,Daniel,Matthews,daniel.matthews@gmail.com,Kansas City,Premium Shopper
4381,CUST_04381,Todd,Jimenez,todd.jimenez@outlook.com,Columbus,First-time Buyer
4382,CUST_04382,Jasmin,Ruiz,jasmin.ruiz@yahoo.com,New York,Premium Shopper
4383,CUST_04383,Justin,Turner,justin.turner@gmail.com,Mesa,Premium Shopper
4384,CUST_04384,Nicole,Garza,nicole.garza@gmail.com,Louisville,High Value
4385,CUST_04385,Kevin,Smith,kevin.smith@gmail.com,Los Angeles,Premium Shopper
4386,CUST_04386,Tina,Shaw,tina.shaw@yahoo.com,Baltimore,Deal Seeker
4387,CUST_04387,Jeremiah,Wright,jeremiah.wright@outlook.com,Milwaukee,In-Store Regular
4388,CUST_04388,Carla,Lynch,carla.lynch@yahoo.com,San Antonio,Churn Risk
4389,CUST_04389,Shannon,Maldonado,shannon.maldonado@yahoo.com,Colorado Springs,In-Store Regular
4390,CUST_04390,Ryan,Conley,ryan.conley@yahoo.com,Dallas,Occasional Shopper
4391,CUST_04391,Michele,Jones,michele.jones@gmail.com,Colorado Springs,High Value
4392,CUST_04392,Jamie,Johnson,jamie.johnson@outlook.com,Arlington,Online Shopper
4393,CUST_04393,Amanda,Miller,amanda.miller@gmail.com,Baltimore,In-Store Regular
4394,CUST_04394,Veronica,Parker,veronica.parker@outlook.com,Fort Worth,In-Store Regular
4395,CUST_04395,Barbara,Drake,barbara.drake@gmail.com,Tulsa,Budget Shopper
4396,CUST_04396,Shawn,Mckee,shawn.mckee@gmail.com,Dallas,Budget Shopper
4397,CUST_04397,Erin,Todd,erin.todd@gmail.com,Long Beach,Deal Seeker
4398,CUST_04398,Jodi,Mejia,jodi.mejia@gmail.com,Kansas City,Budget Shopper
4399,CUST_04399,Glenda,Reed,glenda.reed@yahoo.com,Raleigh,Budget Shopper
4400,CUST_04400,Anna,Gonzalez,anna.gonzalez@yahoo.com,Minneapolis,Budget Shopper
4401,CUST_04401,Paul,Martinez,paul.martinez@gmail.com,Mesa,Online Shopper
4402,CUST_04402,Luis,Hicks,luis.hicks@outlook.com,Atlanta,Deal Seeker
4403,CUST_04403,Jessica,Davis,jessica.davis@yahoo.com,New York,Loyal Customer
4404,CUST_04404,Amy,Harris,amy.harris@outlook.com,Philadelphia,Loyal Customer
4405,CUST_04405,Brandon,Lam,brandon.lam@gmail.com,Fresno,Online Shopper
4406,CUST_04406,Susan,Spence,susan.spence@yahoo.com,Colorado Springs,In-Store Regular
4407,CUST_04407,Keith,Barrett,keith.barrett@outlook.com,Minneapolis,Online Shopper
4408,CUST_04408,Justin,Parker,justin.parker@outlook.com,Las Vegas,In-Store Regular
4409,CUST_04409,Thomas,Jones,thomas.jones@outlook.com,Minneapolis,Loyal Customer
4410,CUST_04410,John,Clay,john.clay@yahoo.com,Fort Worth,Premium Shopper
4411,CUST_04411,Brittany,Dickerson,brittany.dickerson@yahoo.com,Washington,Online Shopper
4412,CUST_04412,Joel,Ramsey,joel.ramsey@gmail.com,Indianapolis,First-time Buyer
4413,CUST_04413,Yolanda,Barry,yolanda.barry@outlook.com,Indianapolis,Loyal Customer
4414,CUST_04414,Cory,Stephenson,cory.stephenson@yahoo.com,Fort Worth,Loyal Customer
4415,CUST_04415,Ashley,Bell,ashley.bell@yahoo.com,Raleigh,Deal Seeker
4416,CUST_04416,Connor,Underwood,connor.underwood@outlook.com,Washington,Premium Shopper
4417,CUST_04417,Michael,Johnson,michael.johnson@yahoo.com,Louisville,Loyal Customer
4418,CUST_04418,Jason,Patel,jason.patel@yahoo.com,Louisville,High Value
4419,CUST_04419,Jennifer,Acosta,jennifer.acosta@outlook.com,Detroit,Premium Shopper
4420,CUST_04420,Reginald,Cook,reginald.cook@gmail.com,Houston,Occasional Shopper
4421,CUST_04421,Jason,Gibson,jason.gibson@yahoo.com,Phoenix,High Value
4422,CUST_04422,Gregory,Gomez,gregory.gomez@gmail.com,Dallas,Budget Shopper
4423,CUST_04423,Sarah,Arroyo,sarah.arroyo@gmail.com,Denver,First-time Buyer
4424,CUST_04424,Michael,Mckee,michael.mckee@outlook.com,Seattle,Loyal Customer
4425,CUST_04425,Brian,Gonzales,brian.gonzales@gmail.com,Arlington,Deal Seeker
4426,CUST_04426,Tara,Landry,tara.landry@gmail.com,Atlanta,In-Store Regular
4427,CUST_04427,James,Williams,james.williams@gmail.com,Fort Worth,Premium Shopper
4428,CUST_04428,Tina,Nielsen,tina.nielsen@gmail.com,Los Angeles,High Value
4429,CUST_04429,Eric,Gordon,eric.gordon@outlook.com,New York,Premium Shopper
4430,CUST_04430,Peter,Hood,peter.hood@yahoo.com,Tampa,High Value
4431,CUST_04431,Christopher,Flynn,christopher.flynn@gmail.com,San Antonio,In-Store Regular
4432,CUST_04432,Jorge,Matthews,jorge.matthews@gmail.com,Milwaukee,First-time Buyer
4433,CUST_04433,Cynthia,West,cynthia.west@gmail.com,Arlington,Premium Shopper
4434,CUST_04434,Shawna,Thompson,shawna.thompson@outlook.com,Dallas,Online Shopper
4435,CUST_04435,Leah,Hart,leah.hart@gmail.com,El Paso,Online Shopper
4436,CUST_04436,Kim,Edwards,kim.edwards@outlook.com,Austin,Deal Seeker
4437,CUST_04437,Daniel,White,daniel.white@yahoo.com,Philadelphia,Online Shopper
4438,CUST_04438,Danielle,Davis,danielle.davis@outlook.com,Houston,Online Shopper
4439,CUST_04439,Christine,Arnold,christine.arnold@outlook.com,Albuquerque,First-time Buyer
4440,CUST_04440,Michael,Mills,michael.mills@yahoo.com,New York,Loyal Customer
4441,CUST_04441,Marvin,Bean,marvin.bean@gmail.com,Oklahoma City,In-Store Regular
4442,CUST_04442,Linda,Bender,linda.bender@outlook.com,El Paso,Loyal Customer
4443,CUST_04443,Veronica,Mendez,veronica.mendez@gmail.com,Austin,Loyal Customer
4444,CUST_04444,James,King,james.king@yahoo.com,Charlotte,Churn Risk
4445,CUST_04445,Joseph,Anthony,joseph.anthony@outlook.com,Arlington,In-Store Regular
4446,CUST_04446,Ryan,Martinez,ryan.martinez@gmail.com,Arlington,High Value
4447,CUST_04447,Jacob,Brooks,jacob.brooks@outlook.com,Milwaukee,Loyal Customer
4448,CUST_04448,Ricardo,Young,ricardo.young@yahoo.com,Columbus,High Value
4449,CUST_04449,Destiny,Thompson,destiny.thompson@gmail.com,Philadelphia,Occasional Shopper
4450,CUST_04450,Kyle,Davis,kyle.davis@outlook.com,Omaha,Budget Shopper
4451,CUST_04451,Anthony,Rodriguez,anthony.rodriguez@yahoo.com,Dallas,High Value
4452,CUST_04452,Lisa,Murphy,lisa.murphy@gmail.com,Charlotte,Loyal Customer
4453,CUST_04453,Sharon,Smith,sharon.smith@yahoo.com,Oakland,Budget Shopper
4454,CUST_04454,Michael,Terry,michael.terry@yahoo.com,Jacksonville,Deal Seeker
4455,CUST_04455,Michael,Chung,michael.chung@gmail.com,San Francisco,Occasional Shopper
4456,CUST_04456,Kristin,Leach,kristin.leach@yahoo.com,Tampa,Deal Seeker
4457,CUST_04457,Sarah,Jones,sarah.jones@yahoo.com,Sacramento,Deal Seeker
4458,CUST_04458,Ricardo,Kennedy,ricardo.kennedy@outlook.com,Oklahoma City,Loyal Customer
4459,CUST_04459,Douglas,Coleman,douglas.coleman@gmail.com,Atlanta,In-Store Regular
4460,CUST_04460,Jeffery,Robertson,jeffery.robertson@outlook.com,Louisville,Deal Seeker
4461,CUST_04461,Joanne,Bailey,joanne.bailey@gmail.com,Philadelphia,First-time Buyer
4462,CUST_04462,Tiffany,Smith,tiffany.smith@gmail.com,Jacksonville,Occasional Shopper
4463,CUST_04463,Amber,Gallegos,amber.gallegos@outlook.com,Chicago,In-Store Regular
4464,CUST_04464,Wayne,Caldwell,wayne.caldwell@outlook.com,Atlanta,Occasional Shopper
4465,CUST_04465,Colleen,Taylor,colleen.taylor@outlook.com,Oakland,Premium Shopper
4466,CUST_04466,Pamela,Stewart,pamela.stewart@outlook.com,Jacksonville,Budget Shopper
4467,CUST_04467,Carrie,Mckay,carrie.mckay@yahoo.com,Columbus,Premium Shopper
4468,CUST_04468,James,Cole,james.cole@outlook.com,Atlanta,Deal Seeker
4469,CUST_04469,Ruth,Holland,ruth.holland@yahoo.com,Omaha,Online Shopper
4470,CUST_04470,Paula,Bowers,paula.bowers@outlook.com,Omaha,Churn Risk
4471,CUST_04471,Michael,Mueller,michael.mueller@yahoo.com,Jacksonville,Premium Shopper
4472,CUST_04472,Luis,Ward,luis.ward@gmail.com,Seattle,Premium Shopper
4473,CUST_04473,Kathy,Frazier,kathy.frazier@gmail.com,Louisville,Online Shopper
4474,CUST_04474,Anthony,Campbell,anthony.campbell@outlook.com,Jacksonville,Deal Seeker
4475,CUST_04475,William,Walsh,william.walsh@outlook.com,Charlotte,Churn Risk
4476,CUST_04476,Brett,Morgan,brett.morgan@outlook.com,Kansas City,Deal Seeker
4477,CUST_04477,Christina,Smith,christina.smith@outlook.com,San Antonio,High Value
4478,CUST_04478,Dorothy,Gilbert,dorothy.gilbert@gmail.com,Charlotte,Occasional Shopper
4479,CUST_04479,Nicholas,Jones,nicholas.jones@yahoo.com,Dallas,Online Shopper
4480,CUST_04480,Joe,Weeks,joe.weeks@gmail.com,Philadelphia,Premium Shopper
4481,CUST_04481,Richard,Torres,richard.torres@outlook.com,Louisville,Loyal Customer
4482,CUST_04482,Timothy,Franklin,timothy.franklin@gmail.com,Portland,Budget Shopper
4483,CUST_04483,Christopher,Baker,christopher.baker@outlook.com,San Francisco,Online Shopper
4484,CUST_04484,Anna,Williams,anna.williams@gmail.com,Arlington,In-Store Regular
4485,CUST_04485,Ryan,Garcia,ryan.garcia@yahoo.com,Oklahoma City,Churn Risk
4486,CUST_04486,Christian,Crane,christian.crane@outlook.com,New Orleans,Budget Shopper
4487,CUST_04487,Jennifer,Chandler,jennifer.chandler@outlook.com,Las Vegas,Loyal Customer
4488,CUST_04488,Laura,Moore,laura.moore@yahoo.com,Chicago,High Value
4489,CUST_04489,Leah,Luna,leah.luna@yahoo.com,Memphis,Premium Shopper
4490,CUST_04490,Ruth,Moore,ruth.moore@gmail.com,Fort Worth,High Value
4491,CUST_04491,Earl,Barron,earl.barron@gmail.com,Tampa,First-time Buyer
4492,CUST_04492,Wendy,Cummings,wendy.cummings@yahoo.com,Jacksonville,Budget Shopper
4493,CUST_04493,Tracy,Soto,tracy.soto@outlook.com,Houston,Budget Shopper
4494,CUST_04494,Chelsea,Lin,chelsea.lin@yahoo.com,Portland,First-time Buyer
4495,CUST_04495,David,Salazar,david.salazar@outlook.com,Los Angeles,Occasional Shopper
4496,CUST_04496,Nicholas,Hardin,nicholas.hardin@gmail.com,Arlington,High Value
4497,CUST_04497,Caitlin,Benson,caitlin.benson@gmail.com,Oakland,Churn Risk
4498,CUST_04498,Gregory,Bowman,gregory.bowman@outlook.com,Omaha,Occasional Shopper
4499,CUST_04499,Angel,Mcconnell,angel.mcconnell@gmail.com,Oakland,Churn Risk
4500,CUST_04500,Heather,Bailey,heather.bailey@gmail.com,New Orleans,Online Shopper
4501,CUST_04501,Jennifer,Holland,jennifer.holland@yahoo.com,Atlanta,In-Store Regular
4502,CUST_04502,Adam,Farmer,adam.farmer@gmail.com,Tulsa,Online Shopper
4503,CUST_04503,Krista,Ellis,krista.ellis@gmail.com,Boston,In-Store Regular
4504,CUST_04504,Joseph,Roberts,joseph.roberts@gmail.com,Charlotte,Loyal Customer
4505,CUST_04505,Kristi,Johnson,kristi.johnson@yahoo.com,Columbus,Loyal Customer
4506,CUST_04506,Brenda,Howard,brenda.howard@outlook.com,Portland,Churn Risk
4507,CUST_04507,Paula,Pierce,paula.pierce@outlook.com,New York,Churn Risk
4508,CUST_04508,Calvin,Davis,calvin.davis@gmail.com,Arlington,Churn Risk
4509,CUST_04509,Sara,Ward,sara.ward@outlook.com,Tulsa,Deal Seeker
4510,CUST_04510,Christopher,Smith,christopher.smith@gmail.com,Albuquerque,Budget Shopper
4511,CUST_04511,Brandon,Stewart,brandon.stewart@outlook.com,Tulsa,In-Store Regular
4512,CUST_04512,Billy,Ingram,billy.ingram@outlook.com,Long Beach,Loyal Customer
4513,CUST_04513,Marcus,Wilkerson,marcus.wilkerson@outlook.com,Mesa,Online Shopper
4514,CUST_04514,Haley,Jackson,haley.jackson@yahoo.com,Indianapolis,Budget Shopper
4515,CUST_04515,Ryan,Miller,ryan.miller@gmail.com,Charlotte,Online Shopper
4516,CUST_04516,Joseph,Greene,joseph.greene@gmail.com,San Antonio,Online Shopper
4517,CUST_04517,Victoria,Ramirez,victoria.ramirez@outlook.com,San Francisco,Online Shopper
4518,CUST_04518,Nicole,Thompson,nicole.thompson@outlook.com,Louisville,Churn Risk
4519,CUST_04519,Kimberly,Ramirez,kimberly.ramirez@gmail.com,Miami,First-time Buyer
4520,CUST_04520,Frederick,Davis,frederick.davis@outlook.com,Detroit,First-time Buyer
4521,CUST_04521,Elizabeth,Smith,elizabeth.smith@yahoo.com,Philadelphia,In-Store Regular
4522,CUST_04522,Sherry,Brock,sherry.brock@outlook.com,Phoenix,Budget Shopper
4523,CUST_04523,Stephanie,Maddox,stephanie.maddox@outlook.com,Detroit,Churn Risk
4524,CUST_04524,Cathy,Webb,cathy.webb@yahoo.com,Raleigh,Online Shopper
4525,CUST_04525,Donald,Mitchell,donald.mitchell@outlook.com,Memphis,Deal Seeker
4526,CUST_04526,Grace,Miller,grace.miller@gmail.com,Oakland,High Value
4527,CUST_04527,Cynthia,Barber,cynthia.barber@outlook.com,Oklahoma City,Occasional Shopper
4528,CUST_04528,Jeanne,Jones,jeanne.jones@yahoo.com,Charlotte,Deal Seeker
4529,CUST_04529,Peggy,Jones,peggy.jones@gmail.com,Detroit,Budget Shopper
4530,CUST_04530,Daniel,Blevins,daniel.blevins@yahoo.com,Mesa,Budget Shopper
4531,CUST_04531,Cynthia,Meyer,cynthia.meyer@yahoo.com,Mesa,Occasional Shopper
4532,CUST_04532,Stephen,Rivas,stephen.rivas@yahoo.com,San Jose,High Value
4533,CUST_04533,Sharon,Carter,sharon.carter@yahoo.com,Detroit,First-time Buyer
4534,CUST_04534,Joseph,Perez,joseph.perez@gmail.com,Charlotte,Premium Shopper
4535,CUST_04535,Valerie,Levine,valerie.levine@yahoo.com,New York,Premium Shopper
4536,CUST_04536,Erin,Durham,erin.durham@gmail.com,Louisville,First-time Buyer
4537,CUST_04537,Deborah,Garcia,deborah.garcia@outlook.com,Los Angeles,In-Store Regular
4538,CUST_04538,Tammy,Paul,tammy.paul@yahoo.com,New York,High Value
4539,CUST_04539,James,Johnson,james.johnson@yahoo.com,Portland,High Value
4540,CUST_04540,Justin,Murphy,justin.murphy@yahoo.com,Phoenix,Deal Seeker
4541,CUST_04541,Kevin,Suarez,kevin.suarez@yahoo.com,Louisville,Loyal Customer
4542,CUST_04542,Destiny,Ellis,destiny.ellis@yahoo.com,Los Angeles,Online Shopper
4543,CUST_04543,Jessica,Adams,jessica.adams@outlook.com,Boston,Deal Seeker
4544,CUST_04544,Jordan,Strickland,jordan.strickland@yahoo.com,San Diego,Loyal Customer
4545,CUST_04545,Elizabeth,Walker,elizabeth.walker@yahoo.com,Detroit,Deal Seeker
4546,CUST_04546,Debbie,Brown,debbie.brown@outlook.com,Austin,Budget Shopper
4547,CUST_04547,Rachel,Carey,rachel.carey@yahoo.com,Fort Worth,Budget Shopper
4548,CUST_04548,Brenda,Murray,brenda.murray@outlook.com,Raleigh,High Value
4549,CUST_04549,Valerie,Newton,valerie.newton@outlook.com,Philadelphia,First-time Buyer
4550,CUST_04550,Gina,Miller,gina.miller@gmail.com,Seattle,In-Store Regular
4551,CUST_04551,Alexis,Larson,alexis.larson@gmail.com,Albuquerque,Budget Shopper
4552,CUST_04552,Laura,Swanson,laura.swanson@gmail.com,Milwaukee,Budget Shopper
4553,CUST_04553,Steven,Irwin,steven.irwin@gmail.com,Fort Worth,Budget Shopper
4554,CUST_04554,Mary,Wilson,mary.wilson@outlook.com,Memphis,First-time Buyer
4555,CUST_04555,Sandra,Arnold,sandra.arnold@gmail.com,Austin,High Value
4556,CUST_04556,William,Munoz,william.munoz@yahoo.com,Jacksonville,Budget Shopper
4557,CUST_04557,Kara,Johnson,kara.johnson@outlook.com,Omaha,First-time Buyer
4558,CUST_04558,Madison,Hernandez,madison.hernandez@outlook.com,Minneapolis,Budget Shopper
4559,CUST_04559,Adrienne,Brown,adrienne.brown@yahoo.com,Philadelphia,Loyal Customer
4560,CUST_04560,Nicole,Elliott,nicole.elliott@gmail.com,Atlanta,Budget Shopper
4561,CUST_04561,Sarah,Williams,sarah.williams@outlook.com,Omaha,High Value
4562,CUST_04562,Ashley,Reyes,ashley.reyes@yahoo.com,Jacksonville,Premium Shopper
4563,CUST_04563,John,Reyes,john.reyes@gmail.com,San Jose,Churn Risk
4564,CUST_04564,Kelly,Carey,kelly.carey@yahoo.com,Mesa,Budget Shopper
4565,CUST_04565,Carol,Brown,carol.brown@gmail.com,Minneapolis,Occasional Shopper
4566,CUST_04566,Melanie,Fernandez,melanie.fernandez@outlook.com,Arlington,High Value
4567,CUST_04567,Amber,Anderson,amber.anderson@gmail.com,Tucson,Churn Risk
4568,CUST_04568,Wayne,Henry,wayne.henry@yahoo.com,Milwaukee,Deal Seeker
4569,CUST_04569,Anita,Larsen,anita.larsen@yahoo.com,Tucson,Budget Shopper
4570,CUST_04570,Jose,Haas,jose.haas@outlook.com,San Diego,In-Store Regular
4571,CUST_04571,Amy,Sutton,amy.sutton@yahoo.com,Fresno,High Value
4572,CUST_04572,Terry,Burnett,terry.burnett@yahoo.com,Kansas City,Deal Seeker
4573,CUST_04573,April,Turner,april.turner@outlook.com,Kansas City,High Value
4574,CUST_04574,Tammy,Fletcher,tammy.fletcher@outlook.com,Omaha,Premium Shopper
4575,CUST_04575,Victor,Hernandez,victor.hernandez@gmail.com,Tulsa,Online Shopper
4576,CUST_04576,Paige,Mills,paige.mills@outlook.com,Albuquerque,Premium Shopper
4577,CUST_04577,Lisa,Jackson,lisa.jackson@outlook.com,El Paso,In-Store Regular
4578,CUST_04578,Joshua,Thomas,joshua.thomas@yahoo.com,Indianapolis,First-time Buyer
4579,CUST_04579,Jodi,Barnett,jodi.barnett@outlook.com,Colorado Springs,Budget Shopper
4580,CUST_04580,Matthew,Hunt,matthew.hunt@outlook.com,Los Angeles,In-Store Regular
4581,CUST_04581,Henry,Wolfe,henry.wolfe@outlook.com,Albuquerque,Deal Seeker
4582,CUST_04582,Makayla,Wilson,makayla.wilson@outlook.com,Tulsa,Churn Risk
4583,CUST_04583,Jesse,Navarro,jesse.navarro@gmail.com,Milwaukee,Churn Risk
4584,CUST_04584,Thomas,Turner,thomas.turner@outlook.com,Milwaukee,High Value
4585,CUST_04585,David,Brown,david.brown@outlook.com,Arlington,Churn Risk
4586,CUST_04586,Jennifer,Jackson,jennifer.jackson@yahoo.com,Boston,In-Store Regular
4587,CUST_04587,David,Thomas,david.thomas@outlook.com,Kansas City,In-Store Regular
4588,CUST_04588,Nicole,Martinez,nicole.martinez@yahoo.com,Louisville,Occasional Shopper
4589,CUST_04589,Kyle,Moreno,kyle.moreno@gmail.com,Virginia Beach,Deal Seeker
4590,CUST_04590,Leslie,Richmond,leslie.richmond@gmail.com,Columbus,Premium Shopper
4591,CUST_04591,Maria,Brooks,maria.brooks@yahoo.com,Charlotte,First-time Buyer
4592,CUST_04592,Barbara,Bowers,barbara.bowers@yahoo.com,Oakland,Churn Risk
4593,CUST_04593,Stephen,Garrett,stephen.garrett@yahoo.com,Milwaukee,In-Store Regular
4594,CUST_04594,Brian,Peterson,brian.peterson@yahoo.com,Virginia Beach,Occasional Shopper
4595,CUST_04595,Gabriel,Walker,gabriel.walker@yahoo.com,Phoenix,Deal Seeker
4596,CUST_04596,Michelle,Briggs,michelle.briggs@outlook.com,Houston,Occasional Shopper
4597,CUST_04597,Gary,Flores,gary.flores@outlook.com,Portland,First-time Buyer
4598,CUST_04598,Claudia,Murray,claudia.murray@yahoo.com,Columbus,High Value
4599,CUST_04599,Adam,Curtis,adam.curtis@outlook.com,San Francisco,High Value
4600,CUST_04600,Rachel,Hogan,rachel.hogan@gmail.com,Arlington,Premium Shopper
4601,CUST_04601,Scott,Collins,scott.collins@outlook.com,Charlotte,First-time Buyer
4602,CUST_04602,Samantha,Hoffman,samantha.hoffman@outlook.com,Oakland,First-time Buyer
4603,CUST_04603,Tiffany,Hughes,tiffany.hughes@outlook.com,Los Angeles,In-Store Regular
4604,CUST_04604,Diana,Gutierrez,diana.gutierrez@yahoo.com,Long Beach,In-Store Regular
4605,CUST_04605,Nicole,Skinner,nicole.skinner@gmail.com,San Antonio,Loyal Customer
4606,CUST_04606,Dana,Gomez,dana.gomez@outlook.com,Seattle,Churn Risk
4607,CUST_04607,Troy,Williams,troy.williams@outlook.com,Albuquerque,Premium Shopper
4608,CUST_04608,Sarah,Osborn,sarah.osborn@outlook.com,Austin,Deal Seeker
4609,CUST_04609,Angela,Brewer,angela.brewer@gmail.com,Philadelphia,Churn Risk
4610,CUST_04610,Diane,Leach,diane.leach@gmail.com,Portland,Budget Shopper
4611,CUST_04611,Allison,Howell,allison.howell@outlook.com,Philadelphia,Budget Shopper
4612,CUST_04612,Matthew,Griffith,matthew.griffith@gmail.com,Denver,Budget Shopper
4613,CUST_04613,Melissa,Coleman,melissa.coleman@outlook.com,Los Angeles,First-time Buyer
4614,CUST_04614,Jose,Swanson,jose.swanson@outlook.com,Milwaukee,In-Store Regular
4615,CUST_04615,Lauren,Robinson,lauren.robinson@outlook.com,Boston,Budget Shopper
4616,CUST_04616,Brianna,Dixon,brianna.dixon@yahoo.com,Columbus,First-time Buyer
4617,CUST_04617,Samuel,King,samuel.king@gmail.com,Kansas City,Occasional Shopper
4618,CUST_04618,Peter,Ryan,peter.ryan@yahoo.com,Boston,First-time Buyer
4619,CUST_04619,Katherine,Thomas,katherine.thomas@outlook.com,Jacksonville,Occasional Shopper
4620,CUST_04620,Linda,White,linda.white@yahoo.com,Colorado Springs,Online Shopper
4621,CUST_04621,Parker,Brock,parker.brock@yahoo.com,New Orleans,Premium Shopper
4622,CUST_04622,Diana,Foster,diana.foster@outlook.com,Fort Worth,Churn Risk
4623,CUST_04623,Bradley,Maldonado,bradley.maldonado@yahoo.com,Minneapolis,First-time Buyer
4624,CUST_04624,Joseph,Allen,joseph.allen@outlook.com,Chicago,Budget Shopper
4625,CUST_04625,Amanda,Marshall,amanda.marshall@outlook.com,Tampa,Loyal Customer
4626,CUST_04626,Rebekah,Higgins,rebekah.higgins@yahoo.com,Albuquerque,Deal Seeker
4627,CUST_04627,Jasmine,Trujillo,jasmine.trujillo@yahoo.com,Columbus,Occasional Shopper
4628,CUST_04628,Frank,Thomas,frank.thomas@gmail.com,Raleigh,Budget Shopper
4629,CUST_04629,Madison,Arias,madison.arias@outlook.com,Long Beach,Churn Risk
4630,CUST_04630,Alex,Sanders,alex.sanders@yahoo.com,San Jose,Online Shopper
4631,CUST_04631,Larry,Barajas,larry.barajas@gmail.com,San Jose,In-Store Regular
4632,CUST_04632,Calvin,Acosta,calvin.acosta@gmail.com,Jacksonville,Deal Seeker
4633,CUST_04633,Jennifer,Johnson,jennifer.johnson@gmail.com,Baltimore,First-time Buyer
4634,CUST_04634,Corey,Arnold,corey.arnold@gmail.com,Houston,First-time Buyer
4635,CUST_04635,Charles,Chavez,charles.chavez@yahoo.com,Albuquerque,Churn Risk
4636,CUST_04636,Brett,Carter,brett.carter@yahoo.com,Charlotte,High Value
4637,CUST_04637,Casey,Hayes,casey.hayes@yahoo.com,Jacksonville,First-time Buyer
4638,CUST_04638,Rebecca,Wolf,rebecca.wolf@yahoo.com,Denver,Premium Shopper
4639,CUST_04639,Richard,Morris,richard.morris@outlook.com,Detroit,Online Shopper
4640,CUST_04640,Jason,Castillo,jason.castillo@outlook.com,Fresno,High Value
4641,CUST_04641,Christopher,Cox,christopher.cox@outlook.com,New York,First-time Buyer
4642,CUST_04642,Valerie,White,valerie.white@gmail.com,Oklahoma City,Loyal Customer
4643,CUST_04643,Larry,Hayes,larry.hayes@gmail.com,Nashville,First-time Buyer
4644,CUST_04644,Cindy,Jimenez,cindy.jimenez@gmail.com,Dallas,Deal Seeker
4645,CUST_04645,Christine,Ritter,christine.ritter@yahoo.com,El Paso,Deal Seeker
4646,CUST_04646,Charles,Morales,charles.morales@outlook.com,El Paso,High Value
4647,CUST_04647,Sarah,Brown,sarah.brown@gmail.com,Raleigh,High Value
4648,CUST_04648,Chelsea,Baldwin,chelsea.baldwin@yahoo.com,Fresno,Premium Shopper
4649,CUST_04649,Stephanie,Pitts,stephanie.pitts@outlook.com,Columbus,Churn Risk
4650,CUST_04650,Steven,Morris,steven.morris@outlook.com,Arlington,Deal Seeker
4651,CUST_04651,Misty,Cochran,misty.cochran@outlook.com,San Francisco,Churn Risk
4652,CUST_04652,Jennifer,Conner,jennifer.conner@yahoo.com,Tulsa,Occasional Shopper
4653,CUST_04653,Sherry,Johnson,sherry.johnson@yahoo.com,Philadelphia,First-time Buyer
4654,CUST_04654,Matthew,Miller,matthew.miller@yahoo.com,Las Vegas,Premium Shopper
4655,CUST_04655,Tonya,Cuevas,tonya.cuevas@yahoo.com,Washington,Budget Shopper
4656,CUST_04656,Anna,Cochran,anna.cochran@gmail.com,San Jose,Occasional Shopper
4657,CUST_04657,Benjamin,Gomez,benjamin.gomez@yahoo.com,Austin,First-time Buyer
4658,CUST_04658,Austin,Hobbs,austin.hobbs@gmail.com,El Paso,Online Shopper
4659,CUST_04659,Elizabeth,Rodgers,elizabeth.rodgers@gmail.com,Denver,Loyal Customer
4660,CUST_04660,Tammie,Marshall,tammie.marshall@yahoo.com,Baltimore,First-time Buyer
4661,CUST_04661,Jennifer,Gibson,jennifer.gibson@gmail.com,Seattle,Premium Shopper
4662,CUST_04662,Katherine,Brown,katherine.brown@outlook.com,Boston,Deal Seeker
4663,CUST_04663,Susan,Michael,susan.michael@outlook.com,San Antonio,Premium Shopper
4664,CUST_04664,Megan,Henry,megan.henry@outlook.com,Oakland,Online Shopper
4665,CUST_04665,Catherine,Underwood,catherine.underwood@gmail.com,Albuquerque,In-Store Regular
4666,CUST_04666,Ashley,Taylor,ashley.taylor@outlook.com,Memphis,First-time Buyer
4667,CUST_04667,Julie,Jones,julie.jones@gmail.com,San Antonio,High Value
4668,CUST_04668,Thomas,Holder,thomas.holder@gmail.com,Oakland,First-time Buyer
4669,CUST_04669,Daniel,Guzman,daniel.guzman@outlook.com,Virginia Beach,Deal Seeker
4670,CUST_04670,Oscar,Nelson,oscar.nelson@gmail.com,San Diego,Online Shopper
4671,CUST_04671,Kristy,Daniels,kristy.daniels@outlook.com,San Antonio,Churn Risk
4672,CUST_04672,Kyle,Deleon,kyle.deleon@gmail.com,New Orleans,Churn Risk
4673,CUST_04673,Andrew,Sloan,andrew.sloan@gmail.com,Arlington,Occasional Shopper
4674,CUST_04674,Clarence,Charles,clarence.charles@yahoo.com,Portland,Online Shopper
4675,CUST_04675,Samantha,Wong,samantha.wong@gmail.com,New York,Occasional Shopper
4676,CUST_04676,Christopher,Black,christopher.black@outlook.com,New Orleans,Premium Shopper
4677,CUST_04677,Andrea,Anderson,andrea.anderson@yahoo.com,Portland,Occasional Shopper
4678,CUST_04678,Russell,Davis,russell.davis@gmail.com,Portland,In-Store Regular
4679,CUST_04679,Nina,Gallegos,nina.gallegos@gmail.com,Seattle,Occasional Shopper
4680,CUST_04680,James,Acosta,james.acosta@gmail.com,Albuquerque,Churn Risk
4681,CUST_04681,Scott,Bowers,scott.bowers@outlook.com,Jacksonville,In-Store Regular
4682,CUST_04682,Craig,Cook,craig.cook@outlook.com,Oakland,High Value
4683,CUST_04683,Taylor,Hernandez,taylor.hernandez@yahoo.com,Albuquerque,Online Shopper
4684,CUST_04684,Kathleen,Perry,kathleen.perry@gmail.com,Long Beach,Loyal Customer
4685,CUST_04685,Judith,Lee,judith.lee@gmail.com,Seattle,Budget Shopper
4686,CUST_04686,Diane,Allen,diane.allen@gmail.com,Sacramento,Churn Risk
4687,CUST_04687,David,Jackson,david.jackson@gmail.com,El Paso,Churn Risk
4688,CUST_04688,Andrea,Glover,andrea.glover@yahoo.com,Louisville,Deal Seeker
4689,CUST_04689,Michael,Lopez,michael.lopez@outlook.com,Tucson,Premium Shopper
4690,CUST_04690,Jade,Cisneros,jade.cisneros@gmail.com,Omaha,Deal Seeker
4691,CUST_04691,Brenda,Robinson,brenda.robinson@yahoo.com,Virginia Beach,Churn Risk
4692,CUST_04692,Briana,Rosales,briana.rosales@gmail.com,Oklahoma City,Deal Seeker
4693,CUST_04693,Mary,Robinson,mary.robinson@yahoo.com,Oakland,Deal Seeker
4694,CUST_04694,Jennifer,Bennett,jennifer.bennett@outlook.com,El Paso,Churn Risk
4695,CUST_04695,Jill,Baker,jill.baker@yahoo.com,Memphis,In-Store Regular
4696,CUST_04696,Maria,Montgomery,maria.montgomery@outlook.com,San Francisco,High Value
4697,CUST_04697,Samantha,Hendricks,samantha.hendricks@yahoo.com,Fresno,Deal Seeker
4698,CUST_04698,Robert,Williams,robert.williams@yahoo.com,Chicago,In-Store Regular
4699,CUST_04699,Matthew,Flores,matthew.flores@gmail.com,Portland,Online Shopper
4700,CUST_04700,Kimberly,Mejia,kimberly.mejia@yahoo.com,Austin,In-Store Regular
4701,CUST_04701,Joseph,Reyes,joseph.reyes@outlook.com,San Francisco,Churn Risk
4702,CUST_04702,Phillip,Smith,phillip.smith@gmail.com,Phoenix,Loyal Customer
4703,CUST_04703,Crystal,Mendez,crystal.mendez@gmail.com,Raleigh,Churn Risk
4704,CUST_04704,Courtney,Johnson,courtney.johnson@outlook.com,San Jose,Loyal Customer
4705,CUST_04705,Brittany,Chavez,brittany.chavez@yahoo.com,Tulsa,High Value
4706,CUST_04706,Wanda,Cameron,wanda.cameron@yahoo.com,Indianapolis,Deal Seeker
4707,CUST_04707,Michael,Arias,michael.arias@gmail.com,Philadelphia,In-Store Regular
4708,CUST_04708,Andrew,Freeman,andrew.freeman@yahoo.com,Dallas,Loyal Customer
4709,CUST_04709,Barbara,Hughes,barbara.hughes@gmail.com,Detroit,Occasional Shopper
4710,CUST_04710,Javier,Ferguson,javier.ferguson@yahoo.com,Oklahoma City,High Value
4711,CUST_04711,Zachary,Dickson,zachary.dickson@gmail.com,Las Vegas,Premium Shopper
4712,CUST_04712,Paul,Mcdowell,paul.mcdowell@yahoo.com,Sacramento,Churn Risk
4713,CUST_04713,Leonard,Weaver,leonard.weaver@yahoo.com,Denver,First-time Buyer
4714,CUST_04714,Kristi,Webster,kristi.webster@gmail.com,Miami,Deal Seeker
4715,CUST_04715,Abigail,Juarez,abigail.juarez@gmail.com,El Paso,First-time Buyer
4716,CUST_04716,Kathleen,Johnson,kathleen.johnson@gmail.com,San Francisco,Loyal Customer
4717,CUST_04717,Sarah,Hernandez,sarah.hernandez@outlook.com,Tucson,Occasional Shopper
4718,CUST_04718,Sylvia,Krause,sylvia.krause@gmail.com,Fresno,First-time Buyer
4719,CUST_04719,James,Navarro,james.navarro@yahoo.com,Jacksonville,Deal Seeker
4720,CUST_04720,Jack,Russell,jack.russell@yahoo.com,El Paso,Online Shopper
4721,CUST_04721,Erika,Washington,erika.washington@gmail.com,Fresno,Deal Seeker
4722,CUST_04722,Steven,Dunlap,steven.dunlap@yahoo.com,San Jose,Deal Seeker
4723,CUST_04723,Joel,Jordan,joel.jordan@outlook.com,Seattle,In-Store Regular
4724,CUST_04724,Zachary,Miller,zachary.miller@outlook.com,Oakland,High Value
4725,CUST_04725,Justin,Jones,justin.jones@outlook.com,Charlotte,Occasional Shopper
4726,CUST_04726,Kathleen,Mora,kathleen.mora@yahoo.com,Tampa,Deal Seeker
4727,CUST_04727,Nicole,May,nicole.may@outlook.com,Mesa,Budget Shopper
4728,CUST_04728,Willie,Brown,willie.brown@yahoo.com,Arlington,Budget Shopper
4729,CUST_04729,Cynthia,Stevens,cynthia.stevens@yahoo.com,Tampa,In-Store Regular
4730,CUST_04730,Mary,James,mary.james@yahoo.com,Philadelphia,In-Store Regular
4731,CUST_04731,Barbara,Ingram,barbara.ingram@gmail.com,Dallas,Budget Shopper
4732,CUST_04732,Wayne,Williams,wayne.williams@yahoo.com,Washington,In-Store Regular
4733,CUST_04733,Amy,Stephens,amy.stephens@outlook.com,Mesa,Deal Seeker
4734,CUST_04734,Kevin,Coleman,kevin.coleman@yahoo.com,Austin,Budget Shopper
4735,CUST_04735,Elizabeth,Landry,elizabeth.landry@outlook.com,Houston,Occasional Shopper
4736,CUST_04736,Laura,Morris,laura.morris@gmail.com,Miami,Online Shopper
4737,CUST_04737,Monica,Walsh,monica.walsh@gmail.com,Las Vegas,Premium Shopper
4738,CUST_04738,Lisa,Curry,lisa.curry@yahoo.com,Detroit,First-time Buyer
4739,CUST_04739,Alex,Nelson,alex.nelson@outlook.com,Dallas,Online Shopper
4740,CUST_04740,Holly,Garcia,holly.garcia@outlook.com,San Diego,Churn Risk
4741,CUST_04741,Henry,Osborne,henry.osborne@gmail.com,Tampa,Loyal Customer
4742,CUST_04742,Brian,Morris,brian.morris@yahoo.com,El Paso,Occasional Shopper
4743,CUST_04743,Donna,Brown,donna.brown@yahoo.com,Dallas,Loyal Customer
4744,CUST_04744,Ashley,Sharp,ashley.sharp@outlook.com,Nashville,Loyal Customer
4745,CUST_04745,Angela,Chan,angela.chan@yahoo.com,New Orleans,Deal Seeker
4746,CUST_04746,Jonathan,Patterson,jonathan.patterson@gmail.com,Jacksonville,In-Store Regular
4747,CUST_04747,Michael,Price,michael.price@outlook.com,Sacramento,First-time Buyer
4748,CUST_04748,Katherine,Rosario,katherine.rosario@yahoo.com,New Orleans,Online Shopper
4749,CUST_04749,Amy,Gordon,amy.gordon@gmail.com,Fresno,Churn Risk
4750,CUST_04750,Anne,Stevens,anne.stevens@gmail.com,Colorado Springs,First-time Buyer
4751,CUST_04751,Sara,Smith,sara.smith@gmail.com,Albuquerque,Deal Seeker
4752,CUST_04752,Darren,Reynolds,darren.reynolds@yahoo.com,Louisville,Occasional Shopper
4753,CUST_04753,James,Williams,james.williams@outlook.com,Indianapolis,In-Store Regular
4754,CUST_04754,Cassandra,Myers,cassandra.myers@gmail.com,Louisville,Premium Shopper
4755,CUST_04755,Shannon,Williams,shannon.williams@outlook.com,Atlanta,High Value
4756,CUST_04756,Craig,Petty,craig.petty@gmail.com,Detroit,Occasional Shopper
4757,CUST_04757,Katrina,Hughes,katrina.hughes@gmail.com,San Antonio,Occasional Shopper
4758,CUST_04758,George,Martin,george.martin@yahoo.com,Minneapolis,High Value
4759,CUST_04759,Justin,Vaughn,justin.vaughn@outlook.com,Long Beach,Budget Shopper
4760,CUST_04760,Victoria,Morgan,victoria.morgan@outlook.com,Las Vegas,Loyal Customer
4761,CUST_04761,Steven,Kane,steven.kane@gmail.com,Memphis,Loyal Customer
4762,CUST_04762,Joshua,Rivera,joshua.rivera@yahoo.com,Phoenix,High Value
4763,CUST_04763,Keith,Stanley,keith.stanley@outlook.com,Nashville,Online Shopper
4764,CUST_04764,Renee,Curtis,renee.curtis@gmail.com,Oklahoma City,High Value
4765,CUST_04765,James,Hanson,james.hanson@yahoo.com,Milwaukee,Online Shopper
4766,CUST_04766,Jamie,Kelley,jamie.kelley@gmail.com,Minneapolis,High Value
4767,CUST_04767,Michelle,Conley,michelle.conley@outlook.com,Fort Worth,Online Shopper
4768,CUST_04768,Daniel,Jones,daniel.jones@outlook.com,Detroit,Loyal Customer
4769,CUST_04769,Kristine,Barr,kristine.barr@gmail.com,Mesa,Budget Shopper
4770,CUST_04770,Gwendolyn,Rogers,gwendolyn.rogers@outlook.com,Indianapolis,High Value
4771,CUST_04771,Stacey,Garner,stacey.garner@yahoo.com,Philadelphia,Occasional Shopper
4772,CUST_04772,Jorge,Blankenship,jorge.blankenship@gmail.com,Baltimore,Budget Shopper
4773,CUST_04773,Margaret,Wyatt,margaret.wyatt@gmail.com,New York,In-Store Regular
4774,CUST_04774,Diane,Cuevas,diane.cuevas@outlook.com,New York,Budget Shopper
4775,CUST_04775,Hayley,Murray,hayley.murray@outlook.com,Tampa,In-Store Regular
4776,CUST_04776,Michelle,Scott,michelle.scott@yahoo.com,Detroit,Occasional Shopper
4777,CUST_04777,Angela,Long,angela.long@outlook.com,Charlotte,Churn Risk
4778,CUST_04778,George,Jackson,george.jackson@outlook.com,Raleigh,Premium Shopper
4779,CUST_04779,Eric,Melton,eric.melton@gmail.com,Albuquerque,First-time Buyer
4780,CUST_04780,Brandi,Andrews,brandi.andrews@outlook.com,Kansas City,Loyal Customer
4781,CUST_04781,Nicole,Jones,nicole.jones@outlook.com,Oakland,Premium Shopper
4782,CUST_04782,Catherine,Holmes,catherine.holmes@gmail.com,Atlanta,Occasional Shopper
4783,CUST_04783,Lucas,Marsh,lucas.marsh@gmail.com,Louisville,Budget Shopper
4784,CUST_04784,Ray,Jones,ray.jones@outlook.com,Minneapolis,In-Store Regular
4785,CUST_04785,Jessica,Crawford,jessica.crawford@outlook.com,Oakland,Deal Seeker
4786,CUST_04786,Cynthia,Burnett,cynthia.burnett@outlook.com,Austin,Deal Seeker
4787,CUST_04787,Alejandra,Rice,alejandra.rice@gmail.com,Jacksonville,Deal Seeker
4788,CUST_04788,Sherry,Townsend,sherry.townsend@yahoo.com,Albuquerque,Occasional Shopper
4789,CUST_04789,Kristy,Hudson,kristy.hudson@gmail.com,Detroit,First-time Buyer
4790,CUST_04790,Nicole,Clarke,nicole.clarke@gmail.com,Washington,Premium Shopper
4791,CUST_04791,Bill,Walker,bill.walker@yahoo.com,San Antonio,Deal Seeker
4792,CUST_04792,Rodney,Blackburn,rodney.blackburn@gmail.com,Kansas City,First-time Buyer
4793,CUST_04793,Joshua,Gallegos,joshua.gallegos@gmail.com,Philadelphia,Loyal Customer
4794,CUST_04794,Stacy,Carter,stacy.carter@gmail.com,San Francisco,First-time Buyer
4795,CUST_04795,John,Pena,john.pena@gmail.com,Fort Worth,Deal Seeker
4796,CUST_04796,Kimberly,Ortiz,kimberly.ortiz@gmail.com,Jacksonville,Budget Shopper
4797,CUST_04797,Dawn,Herman,dawn.herman@yahoo.com,Kansas City,High Value
4798,CUST_04798,Ashley,Scott,ashley.scott@yahoo.com,Sacramento,Online Shopper
4799,CUST_04799,Douglas,Welch,douglas.welch@outlook.com,Seattle,First-time Buyer
4800,CUST_04800,Ryan,Osborn,ryan.osborn@outlook.com,El Paso,Premium Shopper
4801,CUST_04801,Joseph,Ball,joseph.ball@gmail.com,San Francisco,Occasional Shopper
4802,CUST_04802,Stacy,Barnes,stacy.barnes@yahoo.com,Denver,Churn Risk
4803,CUST_04803,Kathleen,Rasmussen,kathleen.rasmussen@yahoo.com,Oklahoma City,In-Store Regular
4804,CUST_04804,Justin,Brooks,justin.brooks@yahoo.com,Albuquerque,First-time Buyer
4805,CUST_04805,Kevin,Ortiz,kevin.ortiz@gmail.com,Tucson,First-time Buyer
4806,CUST_04806,Wanda,Whitehead,wanda.whitehead@gmail.com,El Paso,First-time Buyer
4807,CUST_04807,Christina,Warren,christina.warren@gmail.com,Raleigh,Occasional Shopper
4808,CUST_04808,Julian,Dixon,julian.dixon@outlook.com,Atlanta,First-time Buyer
4809,CUST_04809,Samantha,Dalton,samantha.dalton@yahoo.com,Nashville,In-Store Regular
4810,CUST_04810,Jennifer,Leach,jennifer.leach@outlook.com,Louisville,First-time Buyer
4811,CUST_04811,Sarah,Mckee,sarah.mckee@gmail.com,Jacksonville,Budget Shopper
4812,CUST_04812,Juan,Klein,juan.klein@outlook.com,Dallas,Loyal Customer
4813,CUST_04813,Justin,Brown,justin.brown@yahoo.com,Colorado Springs,Occasional Shopper
4814,CUST_04814,Samantha,James,samantha.james@gmail.com,Oakland,Premium Shopper
4815,CUST_04815,Kathryn,Richardson,kathryn.richardson@yahoo.com,Chicago,Deal Seeker
4816,CUST_04816,Robert,Medina,robert.medina@outlook.com,Tampa,Premium Shopper
4817,CUST_04817,Madison,Savage,madison.savage@yahoo.com,Houston,Deal Seeker
4818,CUST_04818,Kevin,Mcgee,kevin.mcgee@gmail.com,Tulsa,Budget Shopper
4819,CUST_04819,Savannah,Pratt,savannah.pratt@yahoo.com,San Antonio,High Value
4820,CUST_04820,Sharon,Adams,sharon.adams@yahoo.com,Denver,Occasional Shopper
4821,CUST_04821,Gregory,Ruiz,gregory.ruiz@outlook.com,Las Vegas,Online Shopper
4822,CUST_04822,Brittany,Ellison,brittany.ellison@outlook.com,Nashville,Online Shopper
4823,CUST_04823,Amanda,Flores,amanda.flores@outlook.com,Washington,Loyal Customer
4824,CUST_04824,Katherine,Thomas,katherine.thomas@yahoo.com,San Diego,Deal Seeker
4825,CUST_04825,Lisa,Davis,lisa.davis@outlook.com,San Diego,Loyal Customer
4826,CUST_04826,Jeremy,Cooper,jeremy.cooper@yahoo.com,Las Vegas,Budget Shopper
4827,CUST_04827,Steven,Stokes,steven.stokes@outlook.com,Tulsa,Budget Shopper
4828,CUST_04828,Tyler,Michael,tyler.michael@gmail.com,Denver,Occasional Shopper
4829,CUST_04829,Samantha,Hayes,samantha.hayes@yahoo.com,Jacksonville,Loyal Customer
4830,CUST_04830,Anthony,Williams,anthony.williams@outlook.com,Philadelphia,Deal Seeker
4831,CUST_04831,Peter,Hancock,peter.hancock@gmail.com,Omaha,First-time Buyer
4832,CUST_04832,Tamara,Taylor,tamara.taylor@yahoo.com,Austin,High Value
4833,CUST_04833,Paul,Davidson,paul.davidson@gmail.com,Boston,Churn Risk
4834,CUST_04834,Jordan,Medina,jordan.medina@yahoo.com,Phoenix,Premium Shopper
4835,CUST_04835,Lee,Williams,lee.williams@outlook.com,Arlington,High Value
4836,CUST_04836,Kiara,Little,kiara.little@yahoo.com,Fresno,Premium Shopper
4837,CUST_04837,Vicki,Schmidt,vicki.schmidt@yahoo.com,Arlington,In-Store Regular
4838,CUST_04838,Christy,Henderson,christy.henderson@outlook.com,Nashville,Budget Shopper
4839,CUST_04839,Andrew,Davis,andrew.davis@outlook.com,Louisville,Premium Shopper
4840,CUST_04840,Randall,Schneider,randall.schneider@outlook.com,Tucson,First-time Buyer
4841,CUST_04841,Chad,Brown,chad.brown@yahoo.com,Colorado Springs,Loyal Customer
4842,CUST_04842,Madison,Smith,madison.smith@outlook.com,Portland,Premium Shopper
4843,CUST_04843,Joseph,Combs,joseph.combs@yahoo.com,Phoenix,In-Store Regular
4844,CUST_04844,Lori,Shelton,lori.shelton@outlook.com,San Jose,Online Shopper
4845,CUST_04845,Alyssa,Booth,alyssa.booth@yahoo.com,New York,In-Store Regular
4846,CUST_04846,Monica,Brown,monica.brown@yahoo.com,Los Angeles,Online Shopper
4847,CUST_04847,Tina,Yoder,tina.yoder@gmail.com,Miami,Budget Shopper
4848,CUST_04848,Justin,Porter,justin.porter@outlook.com,Atlanta,Loyal Customer
4849,CUST_04849,Judith,Gutierrez,judith.gutierrez@outlook.com,Detroit,First-time Buyer
4850,CUST_04850,Teresa,Kennedy,teresa.kennedy@gmail.com,Milwaukee,High Value
4851,CUST_04851,Linda,Webb,linda.webb@yahoo.com,San Antonio,Premium Shopper
4852,CUST_04852,Randy,Burns,randy.burns@yahoo.com,Las Vegas,High Value
4853,CUST_04853,Tracy,Moran,tracy.moran@outlook.com,Washington,Budget Shopper
4854,CUST_04854,Jeremy,Campbell,jeremy.campbell@outlook.com,San Jose,Occasional Shopper
4855,CUST_04855,Timothy,Brown,timothy.brown@gmail.com,Albuquerque,Loyal Customer
4856,CUST_04856,Lisa,Le,lisa.le@yahoo.com,New York,Deal Seeker
4857,CUST_04857,Andrea,Chung,andrea.chung@yahoo.com,Indianapolis,Budget Shopper
4858,CUST_04858,Patricia,Hansen,patricia.hansen@gmail.com,Colorado Springs,Deal Seeker
4859,CUST_04859,Tonya,Harrison,tonya.harrison@yahoo.com,Washington,Loyal Customer
4860,CUST_04860,Gary,Murray,gary.murray@gmail.com,Baltimore,In-Store Regular
4861,CUST_04861,Joanna,Newton,joanna.newton@yahoo.com,Seattle,In-Store Regular
4862,CUST_04862,Tammy,Nunez,tammy.nunez@outlook.com,Tucson,High Value
4863,CUST_04863,Tiffany,Davis,tiffany.davis@yahoo.com,Colorado Springs,Occasional Shopper
4864,CUST_04864,Brian,Clark,brian.clark@yahoo.com,San Jose,High Value
4865,CUST_04865,Sharon,Davis,sharon.davis@yahoo.com,Washington,Churn Risk
4866,CUST_04866,Devin,Davis,devin.davis@gmail.com,Colorado Springs,Budget Shopper
4867,CUST_04867,Jessica,Larsen,jessica.larsen@gmail.com,Jacksonville,Occasional Shopper
4868,CUST_04868,Leslie,Barnes,leslie.barnes@yahoo.com,Mesa,High Value
4869,CUST_04869,Mark,Fletcher,mark.fletcher@yahoo.com,Sacramento,Loyal Customer
4870,CUST_04870,Larry,Vance,larry.vance@outlook.com,Raleigh,Deal Seeker
4871,CUST_04871,Gerald,Mccarthy,gerald.mccarthy@gmail.com,Philadelphia,High Value
4872,CUST_04872,Jennifer,Hernandez,jennifer.hernandez@yahoo.com,Colorado Springs,Online Shopper
4873,CUST_04873,Jenny,Hughes,jenny.hughes@gmail.com,Tucson,Loyal Customer
4874,CUST_04874,Morgan,Morrison,morgan.morrison@outlook.com,Louisville,Premium Shopper
4875,CUST_04875,Kathy,Barry,kathy.barry@gmail.com,Houston,Occasional Shopper
4876,CUST_04876,Meghan,Monroe,meghan.monroe@outlook.com,Oakland,High Value
4877,CUST_04877,Robert,Bryant,robert.bryant@outlook.com,Oklahoma City,Deal Seeker
4878,CUST_04878,Jamie,Sanford,jamie.sanford@yahoo.com,New Orleans,High Value
4879,CUST_04879,Alan,Hughes,alan.hughes@outlook.com,Mesa,First-time Buyer
4880,CUST_04880,Richard,Patel,richard.patel@yahoo.com,Tulsa,Premium Shopper
4881,CUST_04881,Rose,Taylor,rose.taylor@yahoo.com,Jacksonville,First-time Buyer
4882,CUST_04882,Darlene,Kim,darlene.kim@outlook.com,Nashville,Budget Shopper
4883,CUST_04883,Heather,Aguilar,heather.aguilar@outlook.com,Seattle,Online Shopper
4884,CUST_04884,Angelica,Ball,angelica.ball@yahoo.com,New York,Churn Risk
4885,CUST_04885,Vanessa,Lowe,vanessa.lowe@gmail.com,Tulsa,High Value
4886,CUST_04886,Jasmine,Ruiz,jasmine.ruiz@yahoo.com,Minneapolis,Loyal Customer
4887,CUST_04887,Ronald,Reyes,ronald.reyes@yahoo.com,Mesa,Occasional Shopper
4888,CUST_04888,David,Bauer,david.bauer@outlook.com,Charlotte,Online Shopper
4889,CUST_04889,Travis,Garcia,travis.garcia@yahoo.com,Milwaukee,Online Shopper
4890,CUST_04890,Michael,Anderson,michael.anderson@yahoo.com,Los Angeles,Loyal Customer
4891,CUST_04891,Connie,Gonzalez,connie.gonzalez@gmail.com,Louisville,In-Store Regular
4892,CUST_04892,Nathan,Gilbert,nathan.gilbert@outlook.com,Denver,Occasional Shopper
4893,CUST_04893,Cynthia,Evans,cynthia.evans@gmail.com,Colorado Springs,Budget Shopper
4894,CUST_04894,Charles,Hopkins,charles.hopkins@outlook.com,Houston,Premium Shopper
4895,CUST_04895,Brandon,Harrington,brandon.harrington@yahoo.com,Miami,Premium Shopper
4896,CUST_04896,Matthew,Miranda,matthew.miranda@gmail.com,Tucson,Occasional Shopper
4897,CUST_04897,Nancy,Petty,nancy.petty@outlook.com,Austin,Budget Shopper
4898,CUST_04898,Lisa,Williams,lisa.williams@outlook.com,Miami,Churn Risk
4899,CUST_04899,Michael,Meadows,michael.meadows@gmail.com,San Francisco,Deal Seeker
4900,CUST_04900,Jordan,Rogers,jordan.rogers@yahoo.com,Long Beach,Deal Seeker
4901,CUST_04901,Patricia,James,patricia.james@outlook.com,Milwaukee,In-Store Regular
4902,CUST_04902,Alexander,Taylor,alexander.taylor@gmail.com,Kansas City,Occasional Shopper
4903,CUST_04903,Brittany,Hill,brittany.hill@gmail.com,San Diego,High Value
4904,CUST_04904,Samuel,Collins,samuel.collins@outlook.com,Charlotte,High Value
4905,CUST_04905,Michael,Brown,michael.brown@yahoo.com,San Diego,First-time Buyer
4906,CUST_04906,Tammie,Simmons,tammie.simmons@yahoo.com,Mesa,Loyal Customer
4907,CUST_04907,Carol,Brooks,carol.brooks@outlook.com,San Antonio,In-Store Regular
4908,CUST_04908,Robert,Hurst,robert.hurst@gmail.com,Boston,Deal Seeker
4909,CUST_04909,Jennifer,Burton,jennifer.burton@outlook.com,Albuquerque,In-Store Regular
4910,CUST_04910,Anne,Gutierrez,anne.gutierrez@outlook.com,Memphis,Loyal Customer
4911,CUST_04911,Rachel,Sloan,rachel.sloan@gmail.com,Arlington,Deal Seeker
4912,CUST_04912,Joel,Butler,joel.butler@outlook.com,Mesa,High Value
4913,CUST_04913,Amanda,Hines,amanda.hines@outlook.com,Chicago,Budget Shopper
4914,CUST_04914,Christina,Lewis,christina.lewis@gmail.com,Los Angeles,Budget Shopper
4915,CUST_04915,Lisa,Fowler,lisa.fowler@outlook.com,Oklahoma City,Deal Seeker
4916,CUST_04916,Robert,Moore,robert.moore@yahoo.com,Tulsa,Loyal Customer
4917,CUST_04917,Chad,Carter,chad.carter@yahoo.com,San Francisco,Deal Seeker
4918,CUST_04918,Mark,Delacruz,mark.delacruz@outlook.com,Jacksonville,In-Store Regular
4919,CUST_04919,Jaime,Carroll,jaime.carroll@gmail.com,San Francisco,Loyal Customer
4920,CUST_04920,Benjamin,Holland,benjamin.holland@outlook.com,Phoenix,Online Shopper
4921,CUST_04921,Sarah,Garner,sarah.garner@gmail.com,Philadelphia,Deal Seeker
4922,CUST_04922,Logan,Weaver,logan.weaver@outlook.com,Virginia Beach,Budget Shopper
4923,CUST_04923,Shannon,Ortega,shannon.ortega@gmail.com,Dallas,In-Store Regular
4924,CUST_04924,Jamie,Grimes,jamie.grimes@yahoo.com,Atlanta,Online Shopper
4925,CUST_04925,Levi,Jackson,levi.jackson@gmail.com,Albuquerque,In-Store Regular
4926,CUST_04926,Maria,Stewart,maria.stewart@gmail.com,Phoenix,Occasional Shopper
4927,CUST_04927,Kimberly,Roberson,kimberly.roberson@outlook.com,Las Vegas,Budget Shopper
4928,CUST_04928,Sharon,Noble,sharon.noble@gmail.com,Louisville,Churn Risk
4929,CUST_04929,Deborah,Garcia,deborah.garcia@gmail.com,Portland,Loyal Customer
4930,CUST_04930,Stacy,Gray,stacy.gray@yahoo.com,Raleigh,Occasional Shopper
4931,CUST_04931,Jeffrey,Bright,jeffrey.bright@yahoo.com,Jacksonville,First-time Buyer
4932,CUST_04932,Loretta,Holmes,loretta.holmes@yahoo.com,Milwaukee,Premium Shopper
4933,CUST_04933,Allison,Campbell,allison.campbell@gmail.com,Louisville,Loyal Customer
4934,CUST_04934,Alexis,Eaton,alexis.eaton@gmail.com,Long Beach,Churn Risk
4935,CUST_04935,Jeremy,Foley,jeremy.foley@gmail.com,Miami,First-time Buyer
4936,CUST_04936,Charles,Carter,charles.carter@outlook.com,Virginia Beach,In-Store Regular
4937,CUST_04937,Anthony,Cortez,anthony.cortez@gmail.com,Milwaukee,Occasional Shopper
4938,CUST_04938,Michael,Mcgrath,michael.mcgrath@yahoo.com,Tucson,Occasional Shopper
4939,CUST_04939,Kelly,Riley,kelly.riley@yahoo.com,Detroit,Deal Seeker
4940,CUST_04940,Luke,Fletcher,luke.fletcher@yahoo.com,Los Angeles,Loyal Customer
4941,CUST_04941,Jason,Foster,jason.foster@outlook.com,Phoenix,Premium Shopper
4942,CUST_04942,Susan,Murillo,susan.murillo@outlook.com,Kansas City,Premium Shopper
4943,CUST_04943,Amy,Clark,amy.clark@gmail.com,Fort Worth,High Value
4944,CUST_04944,Corey,Dean,corey.dean@yahoo.com,Washington,First-time Buyer
4945,CUST_04945,Jason,Watkins,jason.watkins@gmail.com,Boston,Churn Risk
4946,CUST_04946,Michael,Grant,michael.grant@outlook.com,Houston,Budget Shopper
4947,CUST_04947,Steven,Hart,steven.hart@yahoo.com,Milwaukee,Churn Risk
4948,CUST_04948,Angela,Hunter,angela.hunter@gmail.com,Tucson,Premium Shopper
4949,CUST_04949,Nancy,Smith,nancy.smith@yahoo.com,New Orleans,Loyal Customer
4950,CUST_04950,Ryan,Scott,ryan.scott@gmail.com,Memphis,Deal Seeker
4951,CUST_04951,Gabrielle,Hopkins,gabrielle.hopkins@gmail.com,New York,First-time Buyer
4952,CUST_04952,Jeremy,Mercer,jeremy.mercer@gmail.com,Memphis,Churn Risk
4953,CUST_04953,Scott,Wells,scott.wells@gmail.com,Mesa,First-time Buyer
4954,CUST_04954,Andre,Jordan,andre.jordan@yahoo.com,Portland,First-time Buyer
4955,CUST_04955,Brandon,Rich,brandon.rich@yahoo.com,Fresno,Budget Shopper
4956,CUST_04956,Julie,Coleman,julie.coleman@gmail.com,Memphis,Budget Shopper
4957,CUST_04957,Michael,Pierce,michael.pierce@outlook.com,Tampa,First-time Buyer
4958,CUST_04958,Corey,Olson,corey.olson@outlook.com,Washington,Online Shopper
4959,CUST_04959,Anthony,Peterson,anthony.peterson@yahoo.com,Sacramento,Churn Risk
4960,CUST_04960,Elizabeth,Jefferson,elizabeth.jefferson@gmail.com,Baltimore,High Value
4961,CUST_04961,John,Thomas,john.thomas@yahoo.com,Jacksonville,Online Shopper
4962,CUST_04962,Amber,Frazier,amber.frazier@outlook.com,New Orleans,Deal Seeker
4963,CUST_04963,Kyle,Crawford,kyle.crawford@gmail.com,Detroit,Premium Shopper
4964,CUST_04964,Amy,Weeks,amy.weeks@gmail.com,Milwaukee,Premium Shopper
4965,CUST_04965,Nicole,Russell,nicole.russell@gmail.com,Tulsa,First-time Buyer
4966,CUST_04966,Caleb,Mendoza,caleb.mendoza@yahoo.com,Sacramento,Online Shopper
4967,CUST_04967,Mary,Baldwin,mary.baldwin@outlook.com,Baltimore,High Value
4968,CUST_04968,Cathy,Petersen,cathy.petersen@outlook.com,Baltimore,First-time Buyer
4969,CUST_04969,Eric,Strickland,eric.strickland@outlook.com,Detroit,Premium Shopper
4970,CUST_04970,Michael,Clark,michael.clark@gmail.com,Seattle,High Value
4971,CUST_04971,James,Kennedy,james.kennedy@outlook.com,Milwaukee,Churn Risk
4972,CUST_04972,Brian,Stewart,brian.stewart@yahoo.com,Washington,Premium Shopper
4973,CUST_04973,Richard,Silva,richard.silva@outlook.com,Boston,First-time Buyer
4974,CUST_04974,Timothy,Yoder,timothy.yoder@gmail.com,Jacksonville,Loyal Customer
4975,CUST_04975,Pamela,Williams,pamela.williams@gmail.com,New York,High Value
4976,CUST_04976,Melissa,Silva,melissa.silva@yahoo.com,Atlanta,Occasional Shopper
4977,CUST_04977,Nicole,Weaver,nicole.weaver@gmail.com,Minneapolis,Premium Shopper
4978,CUST_04978,James,Taylor,james.taylor@outlook.com,Denver,In-Store Regular
4979,CUST_04979,Robert,White,robert.white@outlook.com,Chicago,High Value
4980,CUST_04980,Natalie,Horton,natalie.horton@gmail.com,Jacksonville,Budget Shopper
4981,CUST_04981,Suzanne,Evans,suzanne.evans@yahoo.com,Fresno,Loyal Customer
4982,CUST_04982,Craig,Andrews,craig.andrews@yahoo.com,Milwaukee,First-time Buyer
4983,CUST_04983,Samantha,Miller,samantha.miller@yahoo.com,Los Angeles,In-Store Regular
4984,CUST_04984,Steven,Smith,steven.smith@yahoo.com,Memphis,Loyal Customer
4985,CUST_04985,Michael,Thompson,michael.thompson@outlook.com,Chicago,Churn Risk
4986,CUST_04986,Margaret,Scott,margaret.scott@outlook.com,Philadelphia,Churn Risk
4987,CUST_04987,Tammy,Martinez,tammy.martinez@outlook.com,Kansas City,Occasional Shopper
4988,CUST_04988,Jocelyn,Cameron,jocelyn.cameron@yahoo.com,Portland,Budget Shopper
4989,CUST_04989,Natalie,Luna,natalie.luna@outlook.com,Minneapolis,Loyal Customer
4990,CUST_04990,Sharon,Young,sharon.young@gmail.com,San Jose,Budget Shopper
4991,CUST_04991,Felicia,Griffin,felicia.griffin@outlook.com,Las Vegas,Loyal Customer
4992,CUST_04992,Paul,Brooks,paul.brooks@yahoo.com,San Jose,Premium Shopper
4993,CUST_04993,Erin,Phelps,erin.phelps@gmail.com,Las Vegas,High Value
4994,CUST_04994,Shannon,West,shannon.west@yahoo.com,Portland,Deal Seeker
4995,CUST_04995,Lonnie,Bridges,lonnie.bridges@yahoo.com,Raleigh,Deal Seeker
4996,CUST_04996,Jacqueline,Martinez,jacqueline.martinez@outlook.com,Kansas City,In-Store Regular
4997,CUST_04997,Joseph,Ochoa,joseph.ochoa@yahoo.com,Jacksonville,Churn Risk
4998,CUST_04998,James,Rios,james.rios@gmail.com,Indianapolis,Budget Shopper
4999,CUST_04999,Donna,Nelson,donna.nelson@yahoo.com,Milwaukee,In-Store Regular
