sales_sk,sales_id,customer_sk,product_sk,store_sk,salesperson_sk,campaign_sk,sales_date,total_amount
739,SALES_0000739,1,161,346,14,1,2024-02-08T14:22:50,4962.4
2513,SALES_0002513,2,192,159,52,1,2024-02-08T09:02:53,1694.81
2246,SALES_0002246,3,96,250,56,1,2024-02-09T03:05:57,4958.44
318,SALES_0000318,4,101,160,75,1,2024-02-08T04:44:29,2328.8
1584,SALES_0001584,5,108,336,75,1,2024-02-06T17:45:53,2323
1307,SALES_0001307,6,84,458,102,1,2024-02-06T05:37:22,4114.01
3601,SALES_0003601,7,180,233,112,1,2024-02-10T07:41:15,4044.46
353,SALES_0000353,8,117,449,121,1,2024-02-10T02:59:35,3212.46
3259,SALES_0003259,9,44,418,123,1,2024-02-06T06:47:48,3024.82
4373,SALES_0004373,10,92,66,131,1,2024-02-06T13:27:13,4369.01
4101,SALES_0004101,11,146,173,173,1,2024-02-10T13:00:03,4354.08
4098,SALES_0004098,12,210,293,195,1,2024-02-07T09:37:27,4209.65
1628,SALES_0001628,13,75,236,242,1,2024-02-10T17:58:42,4271.15
2908,SALES_0002908,14,198,299,255,1,2024-02-06T09:25:07,4482.66
3398,SALES_0003398,15,182,403,322,1,2024-02-06T16:16:53,4256.68
2033,SALES_0002033,16,62,309,330,1,2024-02-06T08:30:04,2454.16
4173,SALES_0004173,17,106,252,336,1,2024-02-07T18:55:02,2634.29
3911,SALES_0003911,18,172,332,342,1,2024-02-06T23:48:37,4579.7
2868,SALES_0002868,19,86,213,348,1,2024-02-07T21:30:46,1048.14
1888,SALES_0001888,20,11,302,352,1,2024-02-08T03:20:57,3319.55
2989,SALES_0002989,21,99,111,368,1,2024-02-10T23:59:47,628.98
1481,SALES_0001481,22,48,66,389,1,2024-02-07T20:23:55,4122.58
759,SALES_0000759,23,177,291,389,1,2024-02-06T15:06:11,1923.02
1997,SALES_0001997,24,182,330,395,1,2024-02-09T19:42:45,3437.17
642,SALES_0000642,25,161,407,396,1,2024-02-07T01:39:14,4785.62
1931,SALES_0001931,26,35,26,414,1,2024-02-09T01:04:23,3164.7
3247,SALES_0003247,27,152,158,414,1,2024-02-07T12:54:08,4644.4
3523,SALES_0003523,28,182,174,420,1,2024-02-07T18:36:34,2101.2
1889,SALES_0001889,29,185,394,476,1,2024-02-10T20:40:05,3487.17
3445,SALES_0003445,30,26,232,485,1,2024-02-09T03:55:10,599.58
4153,SALES_0004153,31,143,439,537,1,2024-02-07T18:52:16,1505.53
1348,SALES_0001348,32,102,280,538,1,2024-02-09T10:41:36,3036.71
430,SALES_0000430,33,85,104,547,1,2024-02-06T16:57:46,2570
3293,SALES_0003293,34,3,337,558,1,2024-02-10T22:49:52,3567.04
4809,SALES_0004809,35,210,357,559,1,2024-02-09T23:16:56,2176.32
3326,SALES_0003326,36,40,209,569,1,2024-02-07T04:22:20,3320.83
399,SALES_0000399,37,7,363,569,1,2024-02-08T22:23:19,1543.57
1855,SALES_0001855,38,204,270,592,1,2024-02-09T21:52:34,4514.32
3809,SALES_0003809,39,166,476,599,1,2024-02-08T11:16:09,3963.15
2727,SALES_0002727,40,78,206,624,1,2024-02-09T15:05:45,3524.42
1225,SALES_0001225,41,160,161,639,1,2024-02-08T10:51:22,4378.07
3923,SALES_0003923,42,7,282,669,1,2024-02-08T00:25:46,4393.46
3607,SALES_0003607,43,181,398,688,1,2024-02-10T09:07:05,4357.4
1022,SALES_0001022,44,174,438,691,1,2024-02-10T22:41:34,876.33
3657,SALES_0003657,45,62,220,757,1,2024-02-06T10:45:19,2312.83
1288,SALES_0001288,46,18,249,772,1,2024-02-10T08:40:52,4729.33
3243,SALES_0003243,47,61,374,774,1,2024-02-09T13:03:10,617.72
2119,SALES_0002119,48,48,169,802,1,2024-02-06T11:12:03,3245.31
4805,SALES_0004805,49,113,99,805,1,2024-02-06T20:23:56,3316.88
2087,SALES_0002087,50,122,311,809,1,2024-02-07T15:25:38,3684.87
4299,SALES_0004299,51,90,397,820,1,2024-02-06T16:14:11,1174.97
4838,SALES_0004838,52,81,47,840,1,2024-02-08T21:14:36,2502.38
3333,SALES_0003333,53,62,316,844,1,2024-02-06T03:35:13,3184.28
2781,SALES_0002781,54,127,119,882,1,2024-02-08T05:58:00,3754.4
4969,SALES_0004969,55,29,431,917,1,2024-02-07T07:36:56,3952.54
1549,SALES_0001549,56,107,154,932,1,2024-02-10T19:19:30,1427.07
3775,SALES_0003775,57,56,318,1000,1,2024-02-09T04:52:52,3924.61
4236,SALES_0004236,58,152,397,1002,1,2024-02-10T21:52:08,3943.91
1069,SALES_0001069,59,66,463,1030,1,2024-02-07T14:47:31,3745.21
3290,SALES_0003290,60,159,260,1042,1,2024-02-09T06:47:31,3664.92
4436,SALES_0004436,61,146,310,1044,1,2024-02-09T11:52:24,957.65
146,SALES_0000146,62,203,288,1064,1,2024-02-10T22:25:12,638.67
3939,SALES_0003939,63,9,285,1079,1,2024-02-08T06:21:26,3651.23
1250,SALES_0001250,64,28,125,1089,1,2024-02-08T23:15:47,4914.62
4430,SALES_0004430,65,122,91,1091,1,2024-02-09T23:02:20,2475.02
4807,SALES_0004807,66,69,202,1117,1,2024-02-07T11:48:38,3968.33
266,SALES_0000266,67,116,315,1135,1,2024-02-07T20:09:30,4467.62
2660,SALES_0002660,68,65,339,1167,1,2024-02-06T05:41:20,4662.71
2410,SALES_0002410,69,122,53,1170,1,2024-02-06T08:19:58,616.65
4692,SALES_0004692,70,65,52,1187,1,2024-02-06T03:38:14,2634.56
897,SALES_0000897,71,104,394,1210,1,2024-02-08T00:56:16,2210.58
4281,SALES_0004281,72,35,271,1244,1,2024-02-10T08:41:02,4931.35
1459,SALES_0001459,73,27,306,1246,1,2024-02-09T09:22:36,1021.48
893,SALES_0000893,74,166,20,1273,1,2024-02-08T21:23:46,2655.73
363,SALES_0000363,75,109,165,1282,1,2024-02-10T09:33:22,3648.61
3967,SALES_0003967,76,157,374,1317,1,2024-02-09T06:14:15,4610.56
1756,SALES_0001756,77,58,159,1336,1,2024-02-06T01:58:58,4858.24
1195,SALES_0001195,78,175,135,1340,1,2024-02-06T16:41:43,4715.42
1042,SALES_0001042,79,51,467,1341,1,2024-02-08T19:01:38,1694.98
2568,SALES_0002568,80,29,177,1353,1,2024-02-10T06:59:20,578.19
3887,SALES_0003887,81,107,73,1376,1,2024-02-08T21:49:17,2890.54
1448,SALES_0001448,82,115,113,1380,1,2024-02-10T17:05:00,4513.35
913,SALES_0000913,83,193,300,1389,1,2024-02-08T08:41:23,4514.75
4901,SALES_0004901,84,119,366,1428,1,2024-02-06T15:49:46,4288.4
4613,SALES_0004613,85,176,268,1468,1,2024-02-07T11:27:24,4530.29
1264,SALES_0001264,86,73,410,1480,1,2024-02-10T13:32:47,1552.24
4426,SALES_0004426,87,180,244,1482,1,2024-02-09T22:58:52,1204.82
3767,SALES_0003767,88,9,98,1497,1,2024-02-07T18:25:45,3161.96
3424,SALES_0003424,89,162,388,1525,1,2024-02-07T00:12:42,3543.4
4657,SALES_0004657,90,194,473,1536,1,2024-02-09T23:38:46,4309.36
3965,SALES_0003965,91,50,477,1536,1,2024-02-06T06:36:42,1614.2
4009,SALES_0004009,92,196,322,1547,1,2024-02-08T12:31:31,2230.28
2493,SALES_0002493,93,179,252,1552,1,2024-02-10T13:58:52,2258.87
4215,SALES_0004215,94,85,227,1564,1,2024-02-10T03:27:49,2602.98
4514,SALES_0004514,95,141,331,1569,1,2024-02-07T11:10:53,3961.34
3740,SALES_0003740,96,135,457,1574,1,2024-02-10T03:09:52,1877.8
2265,SALES_0002265,97,152,11,1611,1,2024-02-09T17:37:06,4436.16
4448,SALES_0004448,98,69,82,1634,1,2024-02-08T02:06:22,2962.15
1439,SALES_0001439,99,39,200,1637,1,2024-02-06T17:16:24,674.08
4478,SALES_0004478,100,20,366,1638,1,2024-02-09T16:50:57,4743.1
613,SALES_0000613,101,173,429,1677,1,2024-02-08T18:50:56,1091.93
1595,SALES_0001595,102,185,472,1698,1,2024-02-07T19:29:56,1452.98
431,SALES_0000431,103,4,434,1708,1,2024-02-09T06:01:18,3845.45
1446,SALES_0001446,104,20,430,1748,1,2024-02-09T09:25:50,4636.89
4787,SALES_0004787,105,28,237,1820,1,2024-02-08T17:27:11,4063.47
4722,SALES_0004722,106,2,177,1838,1,2024-02-08T00:28:44,2456.88
1933,SALES_0001933,107,64,496,1840,1,2024-02-10T12:28:51,4829.44
377,SALES_0000377,108,92,96,1849,1,2024-02-06T20:05:39,4900.03
4750,SALES_0004750,109,40,70,1896,1,2024-02-10T04:54:48,4576.19
4496,SALES_0004496,110,32,120,1926,1,2024-02-06T11:17:51,857.63
72,SALES_0000072,111,185,350,1975,1,2024-02-06T12:22:48,880.57
2889,SALES_0002889,112,106,376,22,2,2024-02-13T11:36:31,4373.02
3283,SALES_0003283,113,32,475,26,2,2024-02-04T10:02:38,2996.78
4840,SALES_0004840,114,167,374,48,2,2024-02-01T00:43:42,1328.34
4817,SALES_0004817,115,137,426,55,2,2024-02-24T02:12:03,1786.92
2650,SALES_0002650,116,126,351,58,2,2024-02-18T07:05:45,4410.59
3694,SALES_0003694,117,179,291,93,2,2024-02-14T18:15:56,1473.36
2658,SALES_0002658,118,155,483,106,2,2024-01-29T18:59:07,3210.81
1739,SALES_0001739,119,178,51,115,2,2024-01-27T11:20:56,2031.21
1016,SALES_0001016,120,153,188,116,2,2024-02-12T03:59:13,561.13
2997,SALES_0002997,121,175,83,191,2,2024-02-07T18:40:15,772.53
2730,SALES_0002730,122,84,360,205,2,2024-02-01T17:49:07,1262.28
3302,SALES_0003302,123,38,388,235,2,2024-02-02T14:37:03,846.31
1291,SALES_0001291,124,152,213,291,2,2024-01-27T22:00:53,2641.83
1024,SALES_0001024,125,198,406,301,2,2024-02-10T15:00:10,2784.52
3353,SALES_0003353,126,151,398,311,2,2024-02-21T22:13:07,3737.78
160,SALES_0000160,127,30,257,335,2,2024-02-09T06:24:10,3325.42
816,SALES_0000816,128,129,377,351,2,2024-02-06T12:42:51,3392.31
4520,SALES_0004520,129,37,214,370,2,2024-01-31T20:01:05,1059.5
2662,SALES_0002662,130,32,64,434,2,2024-02-03T21:33:13,3678.35
1339,SALES_0001339,131,66,124,436,2,2024-02-20T11:38:06,1340.54
4679,SALES_0004679,132,148,268,468,2,2024-02-21T08:59:10,4363.79
3918,SALES_0003918,133,206,193,484,2,2024-02-15T01:40:33,1861.52
102,SALES_0000102,134,147,206,567,2,2024-02-15T19:02:28,1458.99
4206,SALES_0004206,135,187,499,570,2,2024-02-22T22:24:19,4400.21
35,SALES_0000035,136,108,429,581,2,2024-02-08T13:01:21,3099.26
2358,SALES_0002358,137,158,386,584,2,2024-02-01T21:35:19,3186.22
3856,SALES_0003856,138,132,413,630,2,2024-02-12T19:38:45,1259.06
2796,SALES_0002796,139,49,147,632,2,2024-01-31T13:49:58,3723.05
3153,SALES_0003153,140,122,137,703,2,2024-02-24T20:49:23,715.12
2697,SALES_0002697,141,207,113,710,2,2024-02-08T04:39:45,853.48
3264,SALES_0003264,142,126,470,759,2,2024-02-11T23:43:47,952.7
309,SALES_0000309,143,208,40,786,2,2024-02-10T16:44:06,3811.21
167,SALES_0000167,144,48,73,799,2,2024-02-10T02:30:57,2810.99
865,SALES_0000865,145,125,279,840,2,2024-02-23T06:24:50,2044.15
988,SALES_0000988,146,177,339,898,2,2024-02-09T19:24:57,2335.84
3315,SALES_0003315,147,29,122,901,2,2024-02-10T07:52:59,3488.72
498,SALES_0000498,148,12,375,902,2,2024-02-06T06:52:08,2822.23
3739,SALES_0003739,149,151,100,930,2,2024-02-06T05:13:10,2186.86
343,SALES_0000343,150,125,222,937,2,2024-02-14T21:16:06,2012.97
2748,SALES_0002748,151,161,175,949,2,2024-02-20T11:13:34,3274.65
2062,SALES_0002062,152,51,126,971,2,2024-01-30T08:00:08,2523.17
2307,SALES_0002307,153,166,430,986,2,2024-02-06T17:29:36,2120.94
4176,SALES_0004176,154,20,462,1013,2,2024-01-29T22:10:25,4498.62
233,SALES_0000233,155,168,117,1015,2,2024-02-23T08:51:29,4473.22
3616,SALES_0003616,156,193,463,1038,2,2024-02-10T16:31:44,1720.85
364,SALES_0000364,157,45,485,1049,2,2024-01-27T04:02:28,1111.15
111,SALES_0000111,158,20,428,1056,2,2024-02-19T15:56:28,1091.34
116,SALES_0000116,159,59,442,1057,2,2024-02-03T21:25:25,2663.26
409,SALES_0000409,160,126,280,1107,2,2024-02-19T05:47:02,2251.03
4290,SALES_0004290,161,182,101,1137,2,2024-02-03T06:33:00,3845.27
4088,SALES_0004088,162,204,286,1142,2,2024-02-15T10:54:19,4048.84
4925,SALES_0004925,163,5,41,1174,2,2024-01-27T23:35:06,4525.27
605,SALES_0000605,164,89,119,1186,2,2024-02-04T20:08:29,1128.02
2416,SALES_0002416,165,176,360,1187,2,2024-01-27T00:43:29,3304.86
142,SALES_0000142,166,104,380,1211,2,2024-02-13T11:52:47,1197.1
1557,SALES_0001557,167,58,280,1215,2,2024-02-19T18:24:30,3300.59
684,SALES_0000684,168,81,396,1229,2,2024-02-08T09:22:27,3215.8
1272,SALES_0001272,169,164,4,1252,2,2024-02-15T13:47:58,867.13
540,SALES_0000540,170,87,375,1269,2,2024-01-28T04:27:27,3859.89
1757,SALES_0001757,171,144,182,1272,2,2024-02-03T20:43:26,3402.34
4936,SALES_0004936,172,191,294,1316,2,2024-02-20T10:47:46,814.16
3137,SALES_0003137,173,123,186,1319,2,2024-02-13T16:58:06,4866.72
2945,SALES_0002945,174,92,456,1319,2,2024-02-24T14:42:31,1403.21
4195,SALES_0004195,175,34,244,1330,2,2024-01-27T00:39:53,1090.6
2978,SALES_0002978,176,144,50,1334,2,2024-02-11T08:33:09,4458.13
3999,SALES_0003999,177,44,74,1340,2,2024-01-28T11:15:53,3842.87
4662,SALES_0004662,178,182,309,1368,2,2024-02-21T01:54:49,2975.42
2183,SALES_0002183,179,37,413,1373,2,2024-02-15T12:54:45,3562.55
4406,SALES_0004406,180,177,56,1394,2,2024-02-10T05:01:02,2459.82
1407,SALES_0001407,181,93,158,1464,2,2024-02-07T18:44:13,1786.1
716,SALES_0000716,182,174,159,1486,2,2024-02-18T00:38:42,2706.43
1023,SALES_0001023,183,61,251,1506,2,2024-02-02T10:08:18,2117.23
980,SALES_0000980,184,146,294,1516,2,2024-02-07T13:36:29,584.5
2055,SALES_0002055,185,68,1,1518,2,2024-02-13T00:16:53,2236.36
2537,SALES_0002537,186,94,48,1536,2,2024-01-28T02:27:14,3476.07
2127,SALES_0002127,187,147,267,1593,2,2024-02-24T13:12:27,1108.69
2805,SALES_0002805,188,100,136,1637,2,2024-02-02T05:47:29,3398.34
4695,SALES_0004695,189,24,236,1639,2,2024-02-17T13:13:11,3911.87
1221,SALES_0001221,190,56,54,1657,2,2024-02-24T23:53:42,4825.8
421,SALES_0000421,191,195,239,1676,2,2024-02-09T01:53:53,778.8
3463,SALES_0003463,192,45,292,1681,2,2024-02-22T02:59:20,4408.89
4307,SALES_0004307,193,110,60,1738,2,2024-02-01T01:37:08,4015.07
3868,SALES_0003868,194,209,396,1740,2,2024-02-20T18:17:52,4450.76
1776,SALES_0001776,195,100,132,1751,2,2024-01-29T13:14:26,3305.08
3178,SALES_0003178,196,160,221,1755,2,2024-01-30T09:49:31,3542.43
2732,SALES_0002732,197,103,202,1768,2,2024-01-31T12:37:23,4075.48
4579,SALES_0004579,198,179,470,1787,2,2024-02-03T00:51:44,831.13
906,SALES_0000906,199,84,57,1798,2,2024-02-21T15:08:54,2189.58
1454,SALES_0001454,200,126,432,1825,2,2024-02-01T23:26:25,4797.26
1419,SALES_0001419,201,118,397,1827,2,2024-01-30T16:58:00,4544.13
2328,SALES_0002328,202,41,292,1831,2,2024-02-01T12:37:50,969.42
914,SALES_0000914,203,33,366,1926,2,2024-02-17T19:27:53,1071.88
3063,SALES_0003063,204,63,64,1928,2,2024-01-27T21:08:02,4170.67
4964,SALES_0004964,205,90,419,1940,2,2024-01-29T00:08:44,711.36
751,SALES_0000751,206,149,399,1946,2,2024-02-15T21:18:06,4749.29
4399,SALES_0004399,207,154,108,1978,2,2024-02-10T10:33:48,3485.58
1136,SALES_0001136,208,144,303,16,3,2024-02-02T23:55:12,518.03
3379,SALES_0003379,209,154,370,21,3,2024-03-15T16:49:43,979.8
961,SALES_0000961,210,185,265,63,3,2024-03-14T05:17:02,3237.35
3176,SALES_0003176,211,28,56,67,3,2024-02-11T01:50:38,4650.25
3717,SALES_0003717,212,107,224,67,3,2024-02-19T22:57:39,1842.83
1073,SALES_0001073,213,141,354,83,3,2024-03-14T20:04:58,3155.74
4819,SALES_0004819,214,46,464,94,3,2024-03-14T18:29:05,3462.33
223,SALES_0000223,215,61,127,101,3,2024-03-04T08:56:34,3498.14
3289,SALES_0003289,216,52,43,117,3,2024-03-04T10:00:52,1342.65
4429,SALES_0004429,217,40,427,184,3,2024-02-21T17:55:44,2679.33
1165,SALES_0001165,218,63,361,212,3,2024-02-01T10:44:57,3079.65
4759,SALES_0004759,219,16,372,213,3,2024-03-12T22:10:24,1645.4
4952,SALES_0004952,220,200,187,214,3,2024-02-02T17:04:32,2728.21
1162,SALES_0001162,221,132,249,245,3,2024-03-20T08:24:54,4269.33
863,SALES_0000863,222,65,312,245,3,2024-01-30T05:09:23,836.91
2931,SALES_0002931,223,139,396,283,3,2024-03-27T04:13:12,1259.13
2823,SALES_0002823,224,197,56,310,3,2024-03-05T14:19:00,3658.08
936,SALES_0000936,225,30,428,312,3,2024-03-08T05:38:03,695.34
476,SALES_0000476,226,31,438,313,3,2024-03-10T23:18:08,3280.78
898,SALES_0000898,227,19,19,324,3,2024-03-21T18:57:37,3106.44
3053,SALES_0003053,228,153,481,346,3,2024-02-16T00:21:40,607.68
4218,SALES_0004218,229,131,181,349,3,2024-03-29T04:41:14,1364.62
3992,SALES_0003992,230,184,394,372,3,2024-03-14T02:42:14,3063.95
4588,SALES_0004588,231,54,259,377,3,2024-03-30T13:53:19,4738.01
1155,SALES_0001155,232,35,238,389,3,2024-03-28T12:19:27,1724.85
1769,SALES_0001769,233,158,410,407,3,2024-03-31T01:11:26,4384.78
3482,SALES_0003482,234,54,457,457,3,2024-03-29T16:57:07,1500.73
460,SALES_0000460,235,171,24,460,3,2024-03-12T16:28:57,1125.26
1682,SALES_0001682,236,86,287,484,3,2024-03-03T11:43:41,571.99
43,SALES_0000043,237,205,104,492,3,2024-03-08T04:28:44,2084.32
95,SALES_0000095,238,82,297,541,3,2024-02-20T08:25:16,4475.02
4553,SALES_0004553,239,131,335,543,3,2024-03-19T09:26:30,2020.57
1435,SALES_0001435,240,201,10,556,3,2024-03-01T16:02:55,2877.34
2238,SALES_0002238,241,119,306,569,3,2024-03-22T05:17:25,755.44
3769,SALES_0003769,242,14,186,602,3,2024-03-04T22:31:42,1726.92
4026,SALES_0004026,243,188,18,614,3,2024-03-22T07:16:21,2398.56
1058,SALES_0001058,244,104,371,615,3,2024-03-13T11:18:30,4204.86
2313,SALES_0002313,245,55,381,648,3,2024-03-21T06:25:00,3903.78
4915,SALES_0004915,246,61,21,650,3,2024-02-15T13:13:32,3994.12
2193,SALES_0002193,247,115,46,675,3,2024-02-05T20:36:50,2804.84
4855,SALES_0004855,248,11,406,679,3,2024-01-30T21:32:20,3954.96
3416,SALES_0003416,249,124,241,702,3,2024-03-20T17:47:11,1956.48
563,SALES_0000563,250,10,136,716,3,2024-02-03T04:55:03,1940.59
3432,SALES_0003432,251,103,97,742,3,2024-03-02T23:16:03,3351.27
954,SALES_0000954,252,115,106,746,3,2024-02-14T21:04:33,2109.84
3287,SALES_0003287,253,36,488,760,3,2024-03-07T00:32:07,2072.11
3991,SALES_0003991,254,143,370,771,3,2024-02-26T19:35:16,732
1999,SALES_0001999,255,80,483,795,3,2024-02-24T08:29:16,1240.18
2460,SALES_0002460,256,131,78,824,3,2024-02-09T10:01:35,2671.22
1810,SALES_0001810,257,39,488,835,3,2024-03-05T14:26:00,3726.76
1444,SALES_0001444,258,88,279,841,3,2024-03-19T21:53:32,3855.43
4633,SALES_0004633,259,24,212,873,3,2024-03-02T19:52:49,2482.91
968,SALES_0000968,260,205,232,876,3,2024-03-22T18:32:36,2183.79
2790,SALES_0002790,261,120,429,926,3,2024-03-31T04:02:43,1799.57
4897,SALES_0004897,262,167,256,934,3,2024-01-31T01:00:09,2116.82
3526,SALES_0003526,263,89,278,934,3,2024-02-21T13:06:44,2005.43
3205,SALES_0003205,264,39,44,956,3,2024-03-15T07:49:12,2729.05
4262,SALES_0004262,265,49,143,973,3,2024-03-07T16:46:17,3945.88
2717,SALES_0002717,266,171,428,1010,3,2024-02-16T03:05:45,828.53
1356,SALES_0001356,267,18,130,1090,3,2024-02-16T13:23:12,3241.55
4826,SALES_0004826,268,11,231,1092,3,2024-03-03T21:26:12,3609.52
645,SALES_0000645,269,177,23,1132,3,2024-03-29T12:56:20,4253.92
1312,SALES_0001312,270,85,379,1134,3,2024-03-24T04:46:47,3422.24
4966,SALES_0004966,271,46,335,1163,3,2024-02-04T19:40:07,2739.93
718,SALES_0000718,272,195,189,1205,3,2024-02-02T11:00:25,2168.78
2714,SALES_0002714,273,60,221,1215,3,2024-03-08T03:44:40,3493.56
1044,SALES_0001044,274,6,47,1220,3,2024-03-21T14:46:46,4311.44
2147,SALES_0002147,275,198,321,1221,3,2024-02-12T13:28:32,4947.52
149,SALES_0000149,276,94,375,1235,3,2024-03-29T04:01:33,1528.81
1429,SALES_0001429,277,127,429,1236,3,2024-03-31T00:17:21,2799.84
2131,SALES_0002131,278,52,154,1256,3,2024-02-10T23:33:23,4423.15
109,SALES_0000109,279,81,18,1272,3,2024-02-26T19:37:51,1256.28
2867,SALES_0002867,280,172,484,1297,3,2024-02-14T16:33:14,1476.66
246,SALES_0000246,281,203,108,1303,3,2024-03-03T03:58:01,2522.61
2135,SALES_0002135,282,208,114,1309,3,2024-03-12T19:11:39,3102.32
935,SALES_0000935,283,61,466,1316,3,2024-02-17T11:55:19,4246.24
2703,SALES_0002703,284,91,320,1331,3,2024-03-28T06:25:28,1483.37
949,SALES_0000949,285,70,143,1340,3,2024-02-15T04:01:43,4486.72
4681,SALES_0004681,286,165,411,1354,3,2024-02-19T15:33:35,4058.46
2992,SALES_0002992,287,69,56,1356,3,2024-02-22T07:39:41,4936.37
1147,SALES_0001147,288,28,91,1360,3,2024-03-15T14:00:21,4971.72
4713,SALES_0004713,289,171,496,1364,3,2024-03-29T09:57:15,3898.37
582,SALES_0000582,290,128,32,1380,3,2024-03-18T03:49:46,4145.32
533,SALES_0000533,291,17,194,1411,3,2024-03-06T23:42:16,1136.89
3495,SALES_0003495,292,4,62,1419,3,2024-03-23T06:35:03,619.83
1,SALES_0000001,293,167,191,1442,3,2024-02-19T15:28:02,2421.54
3811,SALES_0003811,294,36,402,1466,3,2024-03-10T02:59:30,2722.11
80,SALES_0000080,295,168,219,1481,3,2024-02-25T23:50:32,3417.42
2567,SALES_0002567,296,34,432,1484,3,2024-02-24T04:07:26,3891.78
1229,SALES_0001229,297,173,415,1499,3,2024-03-07T09:01:17,4102.67
2797,SALES_0002797,298,109,186,1535,3,2024-02-09T14:30:20,3208.72
3615,SALES_0003615,299,55,282,1557,3,2024-02-14T14:26:14,1553.78
2810,SALES_0002810,300,62,392,1584,3,2024-03-26T23:21:25,1706.9
1635,SALES_0001635,301,167,391,1589,3,2024-03-23T19:57:10,1411.88
4118,SALES_0004118,302,31,23,1599,3,2024-02-03T19:12:33,1237.01
2612,SALES_0002612,303,110,92,1635,3,2024-03-05T23:40:17,2926.48
1703,SALES_0001703,304,185,229,1648,3,2024-02-05T14:40:37,2779.49
3578,SALES_0003578,305,209,439,1648,3,2024-03-08T17:58:24,1201.12
1161,SALES_0001161,306,196,28,1658,3,2024-02-28T18:23:38,3730.66
3173,SALES_0003173,307,95,20,1700,3,2024-03-22T13:15:25,994
2271,SALES_0002271,308,196,447,1716,3,2024-02-06T18:08:03,2866.12
1037,SALES_0001037,309,33,427,1740,3,2024-02-28T03:06:59,3829.32
2333,SALES_0002333,310,44,483,1778,3,2024-02-22T16:58:52,2176.87
2075,SALES_0002075,311,109,442,1825,3,2024-03-16T11:03:09,4225.12
4530,SALES_0004530,312,131,340,1858,3,2024-03-30T00:40:38,3000.22
558,SALES_0000558,313,193,136,1894,3,2024-03-26T05:31:01,4030.07
1597,SALES_0001597,314,154,34,1924,3,2024-03-15T12:16:17,4958.1
1004,SALES_0001004,315,152,339,1953,3,2024-03-06T00:54:16,3846.27
133,SALES_0000133,316,208,87,1962,3,2024-01-31T16:40:20,2184.92
512,SALES_0000512,317,91,139,1971,3,2024-02-06T02:27:25,720.22
4241,SALES_0004241,318,115,372,1976,3,2024-02-13T16:26:42,1332.67
314,SALES_0000314,319,186,138,1982,3,2024-03-05T15:41:15,2519.6
1149,SALES_0001149,320,89,211,1998,3,2024-02-02T00:51:10,3719.25
492,SALES_0000492,321,43,25,18,4,2024-03-16T10:11:57,1833.18
2920,SALES_0002920,322,169,405,40,4,2024-04-02T02:30:08,3834.42
3988,SALES_0003988,323,114,191,48,4,2024-02-28T10:15:40,2989.17
481,SALES_0000481,324,40,382,58,4,2024-02-20T02:44:52,2242.01
408,SALES_0000408,325,15,332,63,4,2024-02-14T22:49:38,4642.98
4909,SALES_0004909,326,142,72,110,4,2024-02-16T18:34:27,4697.41
271,SALES_0000271,327,86,299,120,4,2024-02-29T02:57:00,2740.72
2346,SALES_0002346,328,117,425,133,4,2024-02-21T15:28:34,1442.48
484,SALES_0000484,329,120,493,150,4,2024-01-27T01:34:00,1986.94
4278,SALES_0004278,330,47,236,161,4,2024-03-16T21:31:06,3818.02
1082,SALES_0001082,331,58,152,190,4,2024-02-23T02:06:15,1151.07
3405,SALES_0003405,332,88,303,199,4,2024-03-06T12:00:58,3263.38
3308,SALES_0003308,333,186,7,215,4,2024-03-25T15:08:29,1890.52
1980,SALES_0001980,334,68,164,233,4,2024-03-26T17:52:09,3560.2
1533,SALES_0001533,335,149,436,249,4,2024-01-18T06:52:38,3574.43
909,SALES_0000909,336,168,70,263,4,2024-03-11T19:35:21,4800.29
2847,SALES_0002847,337,34,427,276,4,2024-01-22T10:22:04,3356.42
1809,SALES_0001809,338,179,128,307,4,2024-03-31T12:35:29,3515.37
2301,SALES_0002301,339,105,281,320,4,2024-02-28T05:13:35,1956.34
107,SALES_0000107,340,118,119,333,4,2024-02-01T18:01:50,4659.78
4546,SALES_0004546,341,111,42,336,4,2024-03-01T21:02:49,4743.15
3013,SALES_0003013,342,185,496,336,4,2024-01-15T10:34:40,4741.94
2140,SALES_0002140,343,147,222,347,4,2024-03-23T21:25:47,3412.16
2162,SALES_0002162,344,105,434,348,4,2024-03-07T03:30:35,610.61
2408,SALES_0002408,345,97,471,383,4,2024-02-29T03:51:48,4204.52
3892,SALES_0003892,346,158,410,392,4,2024-01-23T07:45:53,1912.95
1803,SALES_0001803,347,42,298,393,4,2024-02-02T17:45:11,1989.62
697,SALES_0000697,348,84,204,422,4,2024-01-30T10:16:28,2523.97
2666,SALES_0002666,349,128,211,443,4,2024-03-08T05:46:11,4260.45
1870,SALES_0001870,350,40,220,447,4,2024-02-03T16:40:27,2184.43
1451,SALES_0001451,351,60,18,456,4,2024-02-22T21:21:50,1746.31
199,SALES_0000199,352,177,477,466,4,2024-02-12T00:55:02,4162.74
3573,SALES_0003573,353,100,299,488,4,2024-02-29T11:21:11,4900.64
4730,SALES_0004730,354,150,35,493,4,2024-02-21T23:21:20,2401.38
3941,SALES_0003941,355,64,84,503,4,2024-03-28T04:03:08,1956.56
4358,SALES_0004358,356,135,137,504,4,2024-01-20T18:46:57,3104.05
2673,SALES_0002673,357,23,285,505,4,2024-02-22T01:49:06,856.67
4381,SALES_0004381,358,136,246,508,4,2024-02-23T05:07:38,2359.31
3950,SALES_0003950,359,101,195,515,4,2024-02-18T16:22:15,827.37
2107,SALES_0002107,360,115,47,531,4,2024-01-17T20:08:30,3677.3
2507,SALES_0002507,361,65,377,566,4,2024-04-02T18:37:31,2065.04
2683,SALES_0002683,362,133,200,589,4,2024-02-02T14:08:59,2161.76
3659,SALES_0003659,363,84,137,590,4,2024-03-08T02:19:40,1132.59
2174,SALES_0002174,364,75,463,600,4,2024-02-18T14:41:24,897.96
4823,SALES_0004823,365,107,301,616,4,2024-02-12T10:08:41,2367.06
299,SALES_0000299,366,74,326,627,4,2024-01-26T10:25:35,753.83
3288,SALES_0003288,367,33,419,645,4,2024-03-12T07:11:18,3727.06
500,SALES_0000500,368,178,470,648,4,2024-02-15T16:10:05,1808.34
4296,SALES_0004296,369,22,121,651,4,2024-04-06T00:18:53,2013.71
2359,SALES_0002359,370,179,394,655,4,2024-03-25T04:04:39,1169.02
1811,SALES_0001811,371,109,354,695,4,2024-03-29T11:11:59,4709.66
4868,SALES_0004868,372,13,436,701,4,2024-04-02T10:13:19,3116.18
3886,SALES_0003886,373,117,367,765,4,2024-02-15T13:22:36,4861.11
2635,SALES_0002635,374,184,222,771,4,2024-02-26T18:07:47,1671.2
3209,SALES_0003209,375,115,406,791,4,2024-01-31T22:38:27,4685.15
778,SALES_0000778,376,64,482,794,4,2024-02-12T21:05:11,4022.42
2097,SALES_0002097,377,123,68,839,4,2024-03-14T19:11:30,1715.35
3975,SALES_0003975,378,107,28,864,4,2024-02-23T12:30:54,3032
4460,SALES_0004460,379,39,40,898,4,2024-02-28T04:26:11,1905.23
4853,SALES_0004853,380,178,448,911,4,2024-03-14T18:36:03,4684.63
4934,SALES_0004934,381,162,413,914,4,2024-03-27T05:15:00,4637.21
453,SALES_0000453,382,208,80,916,4,2024-03-06T06:04:33,3459.62
1837,SALES_0001837,383,42,279,950,4,2024-02-14T17:55:42,2896.28
2452,SALES_0002452,384,63,28,983,4,2024-03-15T12:13:35,2318.25
2113,SALES_0002113,385,49,438,1002,4,2024-04-04T03:12:18,746.84
3773,SALES_0003773,386,194,328,1055,4,2024-04-02T08:42:18,4721.45
3031,SALES_0003031,387,58,231,1090,4,2024-02-17T03:40:31,3486.22
3998,SALES_0003998,388,27,115,1138,4,2024-01-27T12:05:08,3387.42
2223,SALES_0002223,389,188,329,1196,4,2024-03-21T18:31:03,4917.61
506,SALES_0000506,390,43,321,1244,4,2024-03-08T07:36:59,1505.33
3241,SALES_0003241,391,58,39,1325,4,2024-03-06T08:33:30,556.96
4085,SALES_0004085,392,88,204,1328,4,2024-04-02T05:08:13,1255.38
130,SALES_0000130,393,159,451,1330,4,2024-02-07T22:13:34,2746.7
1284,SALES_0001284,394,182,199,1343,4,2024-02-01T22:04:47,4655.11
4839,SALES_0004839,395,7,445,1346,4,2024-03-03T04:03:24,2496.74
4493,SALES_0004493,396,93,334,1352,4,2024-02-07T18:20:38,4065.68
3301,SALES_0003301,397,207,385,1377,4,2024-03-23T13:22:30,2837.09
610,SALES_0000610,398,139,33,1379,4,2024-02-18T09:31:18,727.05
4644,SALES_0004644,399,22,366,1449,4,2024-02-15T12:19:35,3998.05
454,SALES_0000454,400,184,352,1461,4,2024-02-10T07:50:08,599.38
1699,SALES_0001699,401,47,317,1466,4,2024-02-13T00:10:20,3222.77
4945,SALES_0004945,402,80,156,1495,4,2024-03-12T10:39:10,1210.21
3604,SALES_0003604,403,65,36,1535,4,2024-03-16T14:59:08,2765.33
2528,SALES_0002528,404,17,188,1536,4,2024-02-13T15:44:53,3392.3
1328,SALES_0001328,405,187,176,1573,4,2024-03-17T23:50:52,3912.32
3097,SALES_0003097,406,51,70,1578,4,2024-02-23T14:05:01,2252.12
3073,SALES_0003073,407,108,156,1583,4,2024-03-21T20:44:39,3352.99
1864,SALES_0001864,408,65,390,1654,4,2024-02-24T22:34:41,1189.34
1847,SALES_0001847,409,36,481,1658,4,2024-03-11T14:52:25,4428.22
3764,SALES_0003764,410,17,306,1675,4,2024-02-11T15:50:29,4217.21
4272,SALES_0004272,411,61,341,1689,4,2024-03-16T02:18:55,814.96
4536,SALES_0004536,412,54,103,1708,4,2024-03-02T10:54:27,2548.71
957,SALES_0000957,413,89,117,1717,4,2024-03-04T15:20:27,4050.34
1709,SALES_0001709,414,106,283,1744,4,2024-02-19T11:41:23,968.38
581,SALES_0000581,415,87,410,1745,4,2024-01-17T20:51:27,3651.45
114,SALES_0000114,416,173,84,1758,4,2024-03-31T07:10:58,2422.35
572,SALES_0000572,417,66,268,1776,4,2024-03-01T16:51:25,509.5
1783,SALES_0001783,418,131,61,1800,4,2024-03-02T02:44:29,4188.33
2724,SALES_0002724,419,74,245,1808,4,2024-02-07T17:46:49,843.32
2774,SALES_0002774,420,106,406,1849,4,2024-02-11T21:24:41,1497.35
3503,SALES_0003503,421,163,485,1876,4,2024-01-26T21:58:41,2082.06
3749,SALES_0003749,422,127,150,1976,4,2024-02-02T21:28:40,925.25
2204,SALES_0002204,423,97,208,1992,4,2024-01-24T08:56:42,4362.05
1322,SALES_0001322,424,192,465,1997,4,2024-03-27T16:32:17,4566.26
3980,SALES_0003980,425,45,166,2,5,2024-05-15T20:13:30,4848.56
4872,SALES_0004872,426,144,312,3,5,2024-05-08T12:09:49,4555.99
1626,SALES_0001626,427,38,85,19,5,2024-04-28T20:53:57,3321.78
573,SALES_0000573,428,81,91,20,5,2024-05-05T16:26:47,4574.96
3812,SALES_0003812,429,199,117,45,5,2024-05-02T15:09:46,3636.37
131,SALES_0000131,430,36,439,46,5,2024-04-29T21:49:28,2351.82
379,SALES_0000379,431,89,73,76,5,2024-05-17T05:20:17,1537.12
3210,SALES_0003210,432,125,368,84,5,2024-05-17T07:40:39,3434.68
2573,SALES_0002573,433,58,88,133,5,2024-05-16T23:49:48,2966.65
4012,SALES_0004012,434,147,267,146,5,2024-05-13T04:19:33,1342.29
1317,SALES_0001317,435,19,450,158,5,2024-05-12T01:17:31,1783.82
3265,SALES_0003265,436,66,65,175,5,2024-05-07T07:51:00,2735.13
1913,SALES_0001913,437,200,171,190,5,2024-04-24T07:20:51,3621.35
1005,SALES_0001005,438,129,77,193,5,2024-05-03T22:40:55,3006.58
1358,SALES_0001358,439,41,106,204,5,2024-04-13T06:01:23,627.76
3517,SALES_0003517,440,142,262,253,5,2024-05-04T03:34:32,3340.46
24,SALES_0000024,441,106,128,260,5,2024-05-20T07:14:17,3106.96
1424,SALES_0001424,442,4,223,286,5,2024-05-11T15:37:03,3921.82
2937,SALES_0002937,443,102,178,292,5,2024-05-17T07:21:40,2688.88
2202,SALES_0002202,444,125,130,313,5,2024-04-25T23:33:57,516.77
4795,SALES_0004795,445,188,26,342,5,2024-04-30T12:12:09,544.6
2892,SALES_0002892,446,176,181,354,5,2024-05-16T19:04:18,3992.99
3582,SALES_0003582,447,169,189,371,5,2024-05-14T00:41:10,2795.71
200,SALES_0000200,448,158,233,403,5,2024-05-19T10:17:02,2761.5
2057,SALES_0002057,449,178,149,412,5,2024-05-06T04:38:31,565.62
2216,SALES_0002216,450,122,193,425,5,2024-05-05T23:04:21,674.95
3307,SALES_0003307,451,105,483,485,5,2024-05-11T16:57:14,3367.39
2447,SALES_0002447,452,28,397,495,5,2024-04-14T03:14:24,2114.82
3866,SALES_0003866,453,23,398,515,5,2024-05-13T15:22:36,2958.24
2373,SALES_0002373,454,160,64,520,5,2024-04-19T15:47:55,2394.94
1112,SALES_0001112,455,7,145,522,5,2024-04-21T05:03:31,1367.71
1450,SALES_0001450,456,26,53,537,5,2024-04-30T19:28:51,1450.49
244,SALES_0000244,457,128,496,604,5,2024-05-08T05:43:31,3365.35
598,SALES_0000598,458,81,422,609,5,2024-04-21T13:36:04,3019.95
198,SALES_0000198,459,190,425,615,5,2024-05-11T05:27:04,1073.84
3414,SALES_0003414,460,159,40,645,5,2024-05-19T10:53:12,1755.62
2285,SALES_0002285,461,134,125,683,5,2024-04-13T20:41:13,3567.97
8,SALES_0000008,462,113,74,710,5,2024-05-07T12:58:03,521.55
910,SALES_0000910,463,92,331,736,5,2024-05-08T18:39:33,3671.48
3090,SALES_0003090,464,2,467,742,5,2024-05-07T08:12:49,3002.21
3661,SALES_0003661,465,42,401,758,5,2024-04-19T13:03:36,2772.98
2873,SALES_0002873,466,91,10,773,5,2024-05-09T00:32:48,2521.47
3976,SALES_0003976,467,34,480,781,5,2024-04-23T12:28:54,3302.56
1522,SALES_0001522,468,100,192,797,5,2024-04-14T06:47:19,2260.2
801,SALES_0000801,469,97,494,832,5,2024-05-12T17:40:13,2290.67
372,SALES_0000372,470,63,336,847,5,2024-05-12T04:34:31,1700.49
1904,SALES_0001904,471,162,363,855,5,2024-05-06T01:52:30,2562.71
2691,SALES_0002691,472,119,484,855,5,2024-05-12T14:33:16,2122.95
1833,SALES_0001833,473,204,334,872,5,2024-04-17T10:24:22,1291.71
4369,SALES_0004369,474,145,281,873,5,2024-04-13T19:48:55,4869.16
2995,SALES_0002995,475,34,106,916,5,2024-04-16T01:53:34,2293.41
4081,SALES_0004081,476,42,384,942,5,2024-05-05T23:50:20,2162.8
926,SALES_0000926,477,70,113,944,5,2024-05-08T08:05:14,3136.98
2566,SALES_0002566,478,5,168,962,5,2024-04-23T10:09:59,4929.47
880,SALES_0000880,479,145,387,989,5,2024-04-27T16:38:48,1672.46
4386,SALES_0004386,480,89,372,1019,5,2024-04-19T03:26:02,3441.18
891,SALES_0000891,481,144,15,1027,5,2024-05-12T05:42:03,3547.25
3135,SALES_0003135,482,65,266,1058,5,2024-05-06T19:33:45,2301.43
960,SALES_0000960,483,159,24,1073,5,2024-05-01T12:41:26,537.06
186,SALES_0000186,484,41,239,1084,5,2024-05-06T18:56:05,1290.9
1696,SALES_0001696,485,56,96,1115,5,2024-04-17T19:36:35,4167.16
1204,SALES_0001204,486,2,220,1262,5,2024-05-10T22:58:58,3244.18
1763,SALES_0001763,487,114,429,1282,5,2024-04-14T07:38:18,4016.41
4314,SALES_0004314,488,202,238,1284,5,2024-05-02T14:41:18,4751.03
4880,SALES_0004880,489,107,209,1317,5,2024-05-07T01:23:58,3803.15
1748,SALES_0001748,490,28,359,1318,5,2024-05-02T06:45:46,2744.77
892,SALES_0000892,491,147,243,1320,5,2024-04-25T22:55:41,1527.01
4846,SALES_0004846,492,197,354,1353,5,2024-05-18T16:14:26,4605.14
4905,SALES_0004905,493,133,460,1359,5,2024-04-21T14:32:13,2140.38
902,SALES_0000902,494,25,28,1361,5,2024-04-29T04:28:55,1771.37
3486,SALES_0003486,495,119,217,1361,5,2024-04-18T20:36:18,537.93
196,SALES_0000196,496,60,172,1370,5,2024-05-05T19:42:31,2528.76
2306,SALES_0002306,497,210,161,1371,5,2024-05-17T02:39:51,1944.71
3119,SALES_0003119,498,76,294,1372,5,2024-05-03T21:32:35,2196.76
1832,SALES_0001832,499,208,15,1375,5,2024-05-12T15:22:32,3662.62
4394,SALES_0004394,500,38,382,1379,5,2024-04-25T16:17:54,2410.51
4287,SALES_0004287,501,184,118,1383,5,2024-05-12T21:00:33,3204.28
3042,SALES_0003042,502,1,86,1390,5,2024-04-17T21:34:57,1826.6
2906,SALES_0002906,503,193,259,1425,5,2024-05-07T10:34:26,899.84
1950,SALES_0001950,504,140,134,1428,5,2024-05-09T04:50:51,3871.17
4420,SALES_0004420,505,136,67,1464,5,2024-05-17T08:06:20,3504.81
4761,SALES_0004761,506,10,404,1466,5,2024-04-19T18:14:46,4604.24
256,SALES_0000256,507,43,212,1472,5,2024-05-16T19:20:21,1688.15
4144,SALES_0004144,508,49,93,1476,5,2024-05-13T18:34:56,1413.77
1637,SALES_0001637,509,37,103,1476,5,2024-05-13T18:01:37,2361.37
20,SALES_0000020,510,96,264,1485,5,2024-05-05T06:30:57,858.25
1043,SALES_0001043,511,1,466,1485,5,2024-04-14T19:56:23,1294.87
2907,SALES_0002907,512,58,328,1493,5,2024-04-16T22:46:18,583.25
3824,SALES_0003824,513,80,75,1503,5,2024-04-15T18:00:22,4909.54
4248,SALES_0004248,514,167,436,1577,5,2024-05-20T08:22:31,1096.33
71,SALES_0000071,515,58,384,1579,5,2024-04-18T03:51:08,4527.64
4636,SALES_0004636,516,89,228,1581,5,2024-04-16T14:30:08,1185.62
3462,SALES_0003462,517,204,260,1621,5,2024-05-04T20:44:34,3512.24
1511,SALES_0001511,518,99,419,1710,5,2024-05-03T08:01:43,4074.62
3823,SALES_0003823,519,14,102,1717,5,2024-04-29T23:14:46,4945.54
2490,SALES_0002490,520,183,337,1741,5,2024-04-13T18:30:01,2317.48
1254,SALES_0001254,521,83,151,1760,5,2024-05-15T08:19:24,1025.02
2417,SALES_0002417,522,175,45,1761,5,2024-04-16T15:12:07,3647.42
507,SALES_0000507,523,198,47,1839,5,2024-05-08T13:00:36,2208.37
658,SALES_0000658,524,31,462,1922,5,2024-05-15T20:36:21,524.8
2820,SALES_0002820,525,41,107,1965,5,2024-04-18T04:48:53,1441.81
4720,SALES_0004720,526,44,9,1970,5,2024-05-07T19:36:35,2284.96
4935,SALES_0004935,527,196,127,1975,5,2024-04-25T20:01:10,3505.22
4037,SALES_0004037,528,106,226,1977,5,2024-05-05T01:15:48,4234.37
3142,SALES_0003142,529,27,411,1994,5,2024-05-10T11:35:35,3956.42
1504,SALES_0001504,530,76,282,10,6,2024-04-17T01:31:35,1508.54
3185,SALES_0003185,531,36,469,37,6,2024-04-15T20:01:23,4004.07
4006,SALES_0004006,532,25,122,76,6,2024-05-02T11:23:14,4327.25
1096,SALES_0001096,533,129,410,77,6,2024-05-16T15:32:25,1530.38
3098,SALES_0003098,534,86,232,85,6,2024-05-10T15:37:11,4950.71
3677,SALES_0003677,535,178,280,113,6,2024-05-03T22:32:21,1716.93
3547,SALES_0003547,536,127,146,114,6,2024-05-09T09:49:20,2650.42
1025,SALES_0001025,537,137,495,135,6,2024-05-04T13:56:44,4144.68
918,SALES_0000918,538,163,236,146,6,2024-04-08T19:53:29,1941.5
3603,SALES_0003603,539,64,150,149,6,2024-04-23T02:03:10,1132.97
1392,SALES_0001392,540,71,370,172,6,2024-04-10T02:24:00,2601.38
855,SALES_0000855,541,5,409,219,6,2024-05-19T13:38:45,1707.3
2663,SALES_0002663,542,83,484,233,6,2024-05-16T01:58:05,887.11
3451,SALES_0003451,543,125,368,245,6,2024-04-15T02:23:47,1675.46
2946,SALES_0002946,544,151,57,247,6,2024-04-09T09:40:27,3341.45
3730,SALES_0003730,545,144,81,254,6,2024-05-04T01:28:43,3648.31
3785,SALES_0003785,546,184,140,311,6,2024-04-02T14:10:25,509.61
2948,SALES_0002948,547,73,143,319,6,2024-04-23T11:40:18,1090.47
4269,SALES_0004269,548,118,496,319,6,2024-05-18T12:42:43,1946.77
3255,SALES_0003255,549,95,28,337,6,2024-05-18T22:31:26,4627.76
300,SALES_0000300,550,170,290,338,6,2024-04-29T03:23:59,4900.3
4208,SALES_0004208,551,19,168,341,6,2024-04-30T08:08:58,2373.73
2665,SALES_0002665,552,16,295,361,6,2024-04-07T19:15:26,2195.36
2232,SALES_0002232,553,91,252,367,6,2024-04-08T04:20:31,4723.34
2723,SALES_0002723,554,11,434,435,6,2024-05-21T08:47:14,3843.29
1430,SALES_0001430,555,205,355,437,6,2024-04-14T13:11:08,4128.84
4133,SALES_0004133,556,35,278,446,6,2024-04-11T15:37:47,4745.94
2898,SALES_0002898,557,122,162,454,6,2024-04-11T17:59:03,3528.13
1984,SALES_0001984,558,45,137,481,6,2024-04-08T08:00:50,1879.01
4294,SALES_0004294,559,44,290,481,6,2024-04-02T18:44:23,2633.23
1453,SALES_0001453,560,204,364,501,6,2024-04-26T18:23:17,2570.71
4792,SALES_0004792,561,153,202,521,6,2024-05-15T18:30:53,3521.31
1605,SALES_0001605,562,91,7,527,6,2024-04-13T09:51:19,1982.66
3011,SALES_0003011,563,69,419,594,6,2024-04-14T21:44:40,4198.25
3295,SALES_0003295,564,160,494,607,6,2024-04-20T07:26:58,1791.09
3931,SALES_0003931,565,65,12,613,6,2024-04-06T13:07:34,4744.81
4637,SALES_0004637,566,98,162,634,6,2024-04-12T11:55:52,4167.61
3565,SALES_0003565,567,109,88,663,6,2024-05-07T09:48:32,4062.84
1465,SALES_0001465,568,112,143,669,6,2024-05-08T03:06:37,4554.63
3206,SALES_0003206,569,175,338,675,6,2024-04-24T06:38:44,1821.19
4010,SALES_0004010,570,134,424,682,6,2024-05-11T19:58:00,1808.81
1685,SALES_0001685,571,199,345,686,6,2024-04-07T00:23:36,1225.67
4249,SALES_0004249,572,80,495,714,6,2024-04-30T15:08:39,1380.25
1760,SALES_0001760,573,92,173,720,6,2024-05-08T16:04:41,1745.89
3940,SALES_0003940,574,6,235,732,6,2024-05-18T15:20:39,2006.83
1490,SALES_0001490,575,78,203,752,6,2024-04-26T02:16:03,2676.74
2625,SALES_0002625,576,60,407,753,6,2024-05-12T07:39:26,1740.15
177,SALES_0000177,577,143,105,836,6,2024-04-17T20:17:22,4970.29
4802,SALES_0004802,578,210,123,844,6,2024-05-03T06:50:53,1389.66
3399,SALES_0003399,579,115,288,896,6,2024-04-05T20:18:54,3661
1959,SALES_0001959,580,106,317,913,6,2024-05-07T12:29:35,4285.84
2132,SALES_0002132,581,75,491,921,6,2024-04-05T05:09:01,4868.27
3368,SALES_0003368,582,170,30,937,6,2024-05-02T07:51:02,4850.04
2511,SALES_0002511,583,193,251,937,6,2024-04-09T13:32:48,4211.28
1361,SALES_0001361,584,154,35,1026,6,2024-05-03T22:36:57,4781.59
1376,SALES_0001376,585,86,415,1033,6,2024-04-10T23:09:17,622.74
2150,SALES_0002150,586,146,85,1125,6,2024-05-09T00:14:14,4272.61
1489,SALES_0001489,587,95,453,1134,6,2024-04-29T20:27:26,1757.17
412,SALES_0000412,588,182,238,1159,6,2024-05-14T02:18:14,4027.19
4,SALES_0000004,589,137,242,1211,6,2024-05-06T20:17:06,4086.9
2598,SALES_0002598,590,187,145,1220,6,2024-05-08T12:41:31,4850.41
105,SALES_0000105,591,136,359,1227,6,2024-04-09T02:04:44,1415.97
799,SALES_0000799,592,19,18,1265,6,2024-04-13T07:49:29,511.57
3794,SALES_0003794,593,113,417,1266,6,2024-04-25T16:30:59,2887.97
4902,SALES_0004902,594,40,396,1286,6,2024-05-02T05:49:14,2456.89
4388,SALES_0004388,595,15,295,1306,6,2024-05-21T22:42:40,3797.19
1432,SALES_0001432,596,18,160,1327,6,2024-04-15T08:17:59,2396.34
227,SALES_0000227,597,12,297,1333,6,2024-04-11T05:54:09,1926.01
3280,SALES_0003280,598,73,181,1340,6,2024-04-04T19:20:36,1207.5
2640,SALES_0002640,599,19,435,1350,6,2024-04-26T11:27:47,3901.74
2114,SALES_0002114,600,210,342,1352,6,2024-05-03T20:23:56,2021.87
4623,SALES_0004623,601,140,192,1389,6,2024-04-28T11:39:11,3689.73
1297,SALES_0001297,602,146,481,1389,6,2024-04-19T17:52:23,4736.25
1060,SALES_0001060,603,93,442,1408,6,2024-05-22T21:26:25,4823.1
1924,SALES_0001924,604,37,397,1417,6,2024-05-20T23:58:05,4938.1
1304,SALES_0001304,605,172,97,1434,6,2024-04-02T22:26:49,4354.28
4202,SALES_0004202,606,72,161,1444,6,2024-04-24T13:20:40,1137.21
195,SALES_0000195,607,118,334,1447,6,2024-04-08T12:27:30,4977.25
2110,SALES_0002110,608,59,205,1465,6,2024-04-24T19:55:03,2512.03
3498,SALES_0003498,609,207,254,1475,6,2024-04-05T11:17:48,2143.28
4442,SALES_0004442,610,142,247,1480,6,2024-04-05T11:58:51,4357.48
1774,SALES_0001774,611,146,26,1504,6,2024-04-07T23:52:46,2781.65
2082,SALES_0002082,612,147,292,1511,6,2024-05-18T12:43:07,2516.26
447,SALES_0000447,613,3,89,1514,6,2024-04-24T22:59:09,4838.63
4942,SALES_0004942,614,120,462,1518,6,2024-05-20T06:08:53,2838.37
1486,SALES_0001486,615,107,131,1546,6,2024-04-19T17:45:27,2314.09
1907,SALES_0001907,616,136,194,1572,6,2024-04-16T03:57:54,3831.98
3589,SALES_0003589,617,147,468,1611,6,2024-04-27T22:28:30,4479.18
4018,SALES_0004018,618,98,56,1617,6,2024-04-15T23:44:38,4951.45
4953,SALES_0004953,619,50,86,1617,6,2024-05-22T21:12:46,1717.51
1122,SALES_0001122,620,110,20,1623,6,2024-05-14T14:52:37,632.16
2815,SALES_0002815,621,100,173,1629,6,2024-05-04T06:21:56,1443.82
261,SALES_0000261,622,149,277,1651,6,2024-05-09T12:02:46,1621.75
389,SALES_0000389,623,106,406,1664,6,2024-04-28T20:57:08,3428.15
4622,SALES_0004622,624,79,157,1681,6,2024-05-24T23:49:37,4396.74
1825,SALES_0001825,625,151,419,1724,6,2024-05-10T10:12:52,964.06
3372,SALES_0003372,626,91,228,1732,6,2024-04-29T02:52:08,1478
376,SALES_0000376,627,181,457,1742,6,2024-05-22T21:20:14,3378.25
3763,SALES_0003763,628,192,247,1751,6,2024-04-25T04:57:28,3038.67
940,SALES_0000940,629,186,450,1751,6,2024-04-10T12:27:58,2857.7
3741,SALES_0003741,630,87,245,1789,6,2024-05-12T23:02:24,1109.59
4630,SALES_0004630,631,206,309,1797,6,2024-04-09T23:31:07,3260.59
469,SALES_0000469,632,76,275,1805,6,2024-05-06T00:29:47,4036.59
4446,SALES_0004446,633,184,404,1827,6,2024-04-28T08:02:50,3290.32
2437,SALES_0002437,634,179,64,1862,6,2024-04-05T22:39:08,3453.65
3654,SALES_0003654,635,140,166,1862,6,2024-05-20T18:28:08,3384.38
1600,SALES_0001600,636,204,105,1876,6,2024-05-20T10:05:35,2473.24
1377,SALES_0001377,637,145,218,1933,6,2024-04-19T18:10:06,2431.37
1918,SALES_0001918,638,164,284,1951,6,2024-04-29T06:35:59,2712.6
2763,SALES_0002763,639,71,372,1958,6,2024-05-17T21:35:00,2118.59
1828,SALES_0001828,640,23,280,1971,6,2024-05-10T12:49:45,1840.48
609,SALES_0000609,641,171,448,1985,6,2024-04-11T22:14:26,1771.2
84,SALES_0000084,642,135,73,38,7,2024-01-25T06:17:41,4357.57
4663,SALES_0004663,643,196,24,45,7,2024-05-25T09:00:16,2791.33
27,SALES_0000027,644,8,189,62,7,2024-04-07T04:23:21,1977.04
537,SALES_0000537,645,73,1,84,7,2024-01-31T12:20:52,4864.47
4923,SALES_0004923,646,152,418,86,7,2024-03-11T16:48:49,2938.17
3005,SALES_0003005,647,65,258,99,7,2024-05-07T21:06:48,2144.55
1526,SALES_0001526,648,38,397,133,7,2024-04-29T14:06:51,4231.99
1438,SALES_0001438,649,59,6,177,7,2024-02-17T14:11:36,838.4
1063,SALES_0001063,650,45,104,181,7,2024-02-03T03:30:59,2664.6
3278,SALES_0003278,651,106,360,186,7,2024-04-15T16:17:21,1646.95
1239,SALES_0001239,652,158,379,270,7,2024-04-09T07:09:27,4814.67
2368,SALES_0002368,653,138,87,366,7,2024-01-18T05:42:31,3699.62
2155,SALES_0002155,654,136,430,383,7,2024-03-28T05:16:48,1275.51
3783,SALES_0003783,655,180,438,389,7,2024-05-10T14:12:35,4505.2
1031,SALES_0001031,656,41,318,405,7,2024-02-28T06:26:40,3227.63
3350,SALES_0003350,657,61,474,406,7,2024-01-14T16:09:53,984.32
659,SALES_0000659,658,209,79,416,7,2024-05-25T08:51:01,550.11
3813,SALES_0003813,659,86,11,422,7,2024-02-13T11:09:57,3265.35
4933,SALES_0004933,660,7,248,441,7,2024-03-16T19:58:50,4155.65
4285,SALES_0004285,661,108,448,454,7,2024-05-11T03:42:29,3991.31
1017,SALES_0001017,662,195,210,473,7,2024-06-09T22:37:40,4873
4052,SALES_0004052,663,95,342,477,7,2024-03-14T02:06:10,3075.87
761,SALES_0000761,664,146,218,478,7,2024-04-20T09:01:12,4560.29
1038,SALES_0001038,665,184,235,479,7,2024-05-31T10:30:10,4914.56
4279,SALES_0004279,666,149,24,497,7,2024-06-03T15:16:24,4020.27
4449,SALES_0004449,667,90,114,506,7,2024-02-14T03:58:36,2947.63
136,SALES_0000136,668,80,439,520,7,2024-02-23T10:35:13,3653.81
2325,SALES_0002325,669,15,64,548,7,2024-04-29T02:45:27,1251.26
4564,SALES_0004564,670,93,225,563,7,2024-05-27T00:02:07,4583.4
3406,SALES_0003406,671,166,386,624,7,2024-04-27T15:46:45,3387.07
3337,SALES_0003337,672,85,22,641,7,2024-02-23T18:31:23,2074.21
3581,SALES_0003581,673,97,397,651,7,2024-03-19T23:22:23,1267.92
4591,SALES_0004591,674,155,70,658,7,2024-02-13T06:52:30,2029.43
2818,SALES_0002818,675,99,23,683,7,2024-05-07T10:28:07,4231.01
2893,SALES_0002893,676,24,196,689,7,2024-02-11T14:23:04,3929.48
2047,SALES_0002047,677,38,233,699,7,2024-02-23T00:27:05,3856.56
4748,SALES_0004748,678,82,381,710,7,2024-05-14T08:51:05,4227.42
4484,SALES_0004484,679,117,320,715,7,2024-01-17T10:33:54,4307.63
4231,SALES_0004231,680,194,258,739,7,2024-04-26T00:31:38,4051.78
4346,SALES_0004346,681,169,142,746,7,2024-05-10T13:52:20,514.07
2986,SALES_0002986,682,98,367,760,7,2024-01-16T20:11:00,3817.47
3139,SALES_0003139,683,97,200,792,7,2024-06-05T21:52:17,3425.59
4652,SALES_0004652,684,173,448,833,7,2024-03-19T20:25:27,2407.2
2833,SALES_0002833,685,20,126,850,7,2024-04-11T19:33:13,3626.14
1654,SALES_0001654,686,79,253,880,7,2024-02-24T15:44:12,2078.88
1227,SALES_0001227,687,116,134,898,7,2024-05-02T10:55:02,3861.7
1629,SALES_0001629,688,159,232,917,7,2024-02-09T15:27:21,3115.33
4559,SALES_0004559,689,17,325,934,7,2024-01-28T23:08:31,3106.93
1200,SALES_0001200,690,97,494,944,7,2024-05-30T23:37:39,2901.41
1095,SALES_0001095,691,121,371,961,7,2024-02-03T00:14:17,2277.7
3157,SALES_0003157,692,196,372,990,7,2024-04-04T19:30:24,2182.52
2069,SALES_0002069,693,13,480,1000,7,2024-03-12T11:57:28,1341.27
2653,SALES_0002653,694,19,101,1035,7,2024-03-24T02:21:19,2750.86
3402,SALES_0003402,695,197,382,1039,7,2024-02-18T16:04:58,1910.47
2696,SALES_0002696,696,110,430,1055,7,2024-06-08T14:26:46,4721.49
1321,SALES_0001321,697,73,92,1063,7,2024-04-28T01:54:36,4367.1
952,SALES_0000952,698,123,269,1070,7,2024-06-11T15:25:22,3171.2
2512,SALES_0002512,699,12,458,1099,7,2024-05-20T10:20:20,2864.32
1409,SALES_0001409,700,10,134,1104,7,2024-03-03T17:24:54,4877
4337,SALES_0004337,701,41,356,1108,7,2024-06-10T12:50:02,733.97
579,SALES_0000579,702,175,392,1110,7,2024-01-15T19:08:31,3463.75
404,SALES_0000404,703,113,11,1136,7,2024-04-04T21:44:18,4819.81
3699,SALES_0003699,704,107,454,1155,7,2024-04-03T16:43:26,685.87
1871,SALES_0001871,705,77,116,1193,7,2024-02-17T07:24:20,3309.91
4873,SALES_0004873,706,175,24,1209,7,2024-05-24T11:56:58,4995.79
3156,SALES_0003156,707,171,373,1216,7,2024-05-14T14:04:44,3009.26
3662,SALES_0003662,708,36,32,1217,7,2024-01-31T17:05:05,3104.26
2427,SALES_0002427,709,94,154,1227,7,2024-05-12T07:28:39,2112.68
451,SALES_0000451,710,199,34,1240,7,2024-04-12T12:09:51,2880.77
2819,SALES_0002819,711,195,165,1294,7,2024-01-21T11:56:16,2138.43
2895,SALES_0002895,712,141,77,1304,7,2024-04-25T01:13:06,2440.53
681,SALES_0000681,713,151,287,1336,7,2024-04-13T19:11:00,4950.99
2788,SALES_0002788,714,153,485,1347,7,2024-03-30T00:00:56,2527.99
4554,SALES_0004554,715,155,253,1360,7,2024-04-03T01:41:38,4209.93
2779,SALES_0002779,716,124,284,1361,7,2024-03-07T08:02:05,3332.38
808,SALES_0000808,717,65,383,1374,7,2024-03-21T21:01:46,4693.27
1422,SALES_0001422,718,182,387,1395,7,2024-05-27T08:59:52,3938.62
2380,SALES_0002380,719,107,175,1406,7,2024-05-26T11:25:25,4165.72
4970,SALES_0004970,720,107,120,1438,7,2024-04-14T15:22:11,1174.41
144,SALES_0000144,721,29,73,1456,7,2024-05-07T16:40:40,4183.85
1180,SALES_0001180,722,164,383,1460,7,2024-03-18T06:34:55,2079.23
2426,SALES_0002426,723,42,132,1478,7,2024-04-12T20:30:07,2901.75
1269,SALES_0001269,724,139,427,1494,7,2024-05-23T00:32:17,1187.97
4060,SALES_0004060,725,95,91,1498,7,2024-01-25T13:11:39,768.2
2901,SALES_0002901,726,30,150,1502,7,2024-04-26T07:04:07,2755.71
1720,SALES_0001720,727,80,169,1512,7,2024-01-30T10:53:59,1712.89
2159,SALES_0002159,728,22,292,1513,7,2024-03-17T05:33:15,2347.61
4737,SALES_0004737,729,139,334,1532,7,2024-05-20T23:55:36,3902.97
4011,SALES_0004011,730,3,387,1552,7,2024-05-05T13:53:04,2191.4
1975,SALES_0001975,731,59,337,1558,7,2024-03-14T00:02:29,747.69
4538,SALES_0004538,732,207,462,1580,7,2024-06-06T12:14:34,4848.27
371,SALES_0000371,733,179,411,1588,7,2024-04-27T17:11:22,3895.84
3167,SALES_0003167,734,126,180,1596,7,2024-03-23T04:49:26,2214.24
671,SALES_0000671,735,42,333,1598,7,2024-03-25T06:29:27,3851.86
1854,SALES_0001854,736,177,106,1605,7,2024-03-05T20:30:18,1968.55
3251,SALES_0003251,737,158,338,1619,7,2024-06-06T02:40:30,660.93
1892,SALES_0001892,738,75,25,1620,7,2024-05-31T18:00:02,661.27
1535,SALES_0001535,739,160,492,1637,7,2024-06-11T18:54:51,4236.51
1107,SALES_0001107,740,178,182,1644,7,2024-04-12T14:22:57,1183.24
4480,SALES_0004480,741,52,403,1669,7,2024-05-23T13:29:40,839.5
1795,SALES_0001795,742,38,335,1670,7,2024-01-17T17:10:08,4328.44
838,SALES_0000838,743,60,250,1673,7,2024-02-05T20:04:08,3968.44
4771,SALES_0004771,744,69,28,1688,7,2024-01-15T14:38:35,3873.11
2247,SALES_0002247,745,207,73,1690,7,2024-04-02T15:04:22,2530.93
165,SALES_0000165,746,53,458,1750,7,2024-04-07T11:40:04,2597.71
1482,SALES_0001482,747,59,313,1762,7,2024-02-03T01:16:28,4446.1
1841,SALES_0001841,748,41,169,1776,7,2024-03-31T03:09:13,1868.84
1271,SALES_0001271,749,60,343,1783,7,2024-02-23T23:15:16,1547.54
3056,SALES_0003056,750,63,479,1795,7,2024-03-09T13:38:27,3222.24
4445,SALES_0004445,751,72,88,1833,7,2024-05-17T09:46:18,1730.08
4815,SALES_0004815,752,58,301,1833,7,2024-01-22T15:25:51,4966.57
2749,SALES_0002749,753,160,497,1917,7,2024-02-17T19:30:21,3139.94
3753,SALES_0003753,754,107,461,1945,7,2024-02-20T23:29:43,4364.92
257,SALES_0000257,755,61,315,1968,7,2024-03-08T21:40:21,763.25
4751,SALES_0004751,756,169,181,1971,7,2024-05-31T02:10:04,4412.89
211,SALES_0000211,757,111,405,1994,7,2024-05-30T15:54:14,4337.49
2469,SALES_0002469,758,184,450,12,8,2024-02-23T14:00:53,3392.77
1836,SALES_0001836,759,44,355,43,8,2024-02-22T02:20:41,2659.58
3047,SALES_0003047,760,122,282,114,8,2024-06-03T00:17:12,3204.36
4882,SALES_0004882,761,169,151,117,8,2024-03-10T22:13:01,2819.32
1315,SALES_0001315,762,88,270,121,8,2024-04-21T13:00:38,3524.45
3475,SALES_0003475,763,41,417,122,8,2024-05-29T10:40:38,2983
2063,SALES_0002063,764,65,252,149,8,2024-04-28T21:58:30,2666.93
662,SALES_0000662,765,31,171,221,8,2024-02-21T18:37:07,1978.43
3618,SALES_0003618,766,126,495,230,8,2024-04-21T17:13:54,2273.23
3543,SALES_0003543,767,156,468,234,8,2024-04-18T23:24:10,2084.9
1545,SALES_0001545,768,156,50,236,8,2024-05-25T22:39:13,593.99
764,SALES_0000764,769,144,199,245,8,2024-03-03T03:01:28,2642.79
2940,SALES_0002940,770,60,381,254,8,2024-05-31T03:23:26,2690.75
41,SALES_0000041,771,65,17,265,8,2024-03-07T13:50:43,1941.26
599,SALES_0000599,772,41,181,286,8,2024-02-25T04:55:38,3438.83
290,SALES_0000290,773,176,284,340,8,2024-03-24T02:04:27,1270.22
45,SALES_0000045,774,59,333,357,8,2024-03-11T11:46:59,4386.43
4263,SALES_0004263,775,19,180,381,8,2024-05-20T09:48:50,4584.41
152,SALES_0000152,776,98,344,386,8,2024-04-18T19:02:38,949.27
1442,SALES_0001442,777,93,462,391,8,2024-06-09T02:09:49,1886.97
2874,SALES_0002874,778,62,452,414,8,2024-03-01T07:18:33,2186.4
1160,SALES_0001160,779,35,431,416,8,2024-05-31T00:42:45,2280.26
562,SALES_0000562,780,38,162,418,8,2024-04-15T03:39:44,1905.26
3242,SALES_0003242,781,114,485,449,8,2024-03-14T22:16:54,3788.12
1051,SALES_0001051,782,192,63,466,8,2024-02-23T03:44:51,4807.63
840,SALES_0000840,783,73,91,472,8,2024-05-01T10:43:42,2543.05
3348,SALES_0003348,784,151,3,482,8,2024-02-21T21:47:43,2830.9
2084,SALES_0002084,785,163,16,488,8,2024-03-15T00:55:47,3675.51
4452,SALES_0004452,786,49,352,490,8,2024-05-17T05:05:26,3074.96
2851,SALES_0002851,787,112,174,496,8,2024-04-24T11:00:49,3626.04
1201,SALES_0001201,788,144,482,515,8,2024-05-28T05:20:03,1609.81
461,SALES_0000461,789,95,179,586,8,2024-03-16T15:46:58,2368.7
4665,SALES_0004665,790,103,459,654,8,2024-03-17T00:34:05,4128.47
1772,SALES_0001772,791,188,427,665,8,2024-02-17T11:29:12,4495.35
693,SALES_0000693,792,180,68,690,8,2024-04-05T12:26:45,3491.72
950,SALES_0000950,793,151,19,706,8,2024-02-21T07:49:06,1395.84
4981,SALES_0004981,794,172,278,730,8,2024-06-05T03:26:09,4956.89
2015,SALES_0002015,795,207,452,731,8,2024-05-19T21:51:51,704.11
4015,SALES_0004015,796,209,312,741,8,2024-05-24T20:20:00,3143.29
1689,SALES_0001689,797,148,291,755,8,2024-06-02T12:03:20,2563.35
1243,SALES_0001243,798,7,380,760,8,2024-04-13T10:41:27,572.21
4929,SALES_0004929,799,97,53,777,8,2024-05-26T08:00:43,1631.72
277,SALES_0000277,800,13,233,782,8,2024-03-30T11:03:08,2982.11
3447,SALES_0003447,801,189,375,801,8,2024-03-04T13:28:07,3995.46
468,SALES_0000468,802,17,349,828,8,2024-02-25T18:56:27,1975.16
3789,SALES_0003789,803,185,227,868,8,2024-05-01T20:37:53,4342.4
3089,SALES_0003089,804,87,151,918,8,2024-03-19T19:38:43,4718.58
3968,SALES_0003968,805,197,79,948,8,2024-03-12T07:59:07,4120.69
3746,SALES_0003746,806,72,207,979,8,2024-04-03T02:31:23,1719.62
2564,SALES_0002564,807,2,270,985,8,2024-04-18T09:39:12,1256.84
1316,SALES_0001316,808,43,269,1041,8,2024-04-03T03:10:51,3998.08
2575,SALES_0002575,809,4,446,1043,8,2024-03-15T09:45:44,3268.72
4755,SALES_0004755,810,117,135,1061,8,2024-04-20T17:50:11,4187.52
4707,SALES_0004707,811,44,484,1062,8,2024-04-17T09:08:15,4080.4
2457,SALES_0002457,812,16,289,1122,8,2024-05-31T09:52:08,3348.65
170,SALES_0000170,813,58,421,1122,8,2024-03-25T20:34:34,2573.89
3932,SALES_0003932,814,31,401,1131,8,2024-06-14T22:57:37,904.59
4389,SALES_0004389,815,139,87,1147,8,2024-05-21T00:59:37,4844.78
4651,SALES_0004651,816,6,393,1163,8,2024-03-04T08:42:07,1208.64
3408,SALES_0003408,817,127,500,1166,8,2024-04-29T13:17:01,3433.56
2685,SALES_0002685,818,62,348,1178,8,2024-05-19T19:50:24,4597.07
1040,SALES_0001040,819,185,209,1203,8,2024-03-06T22:39:17,2038.99
4450,SALES_0004450,820,11,162,1223,8,2024-03-04T19:11:11,1638.66
4130,SALES_0004130,821,95,160,1229,8,2024-04-03T08:27:31,1344.89
21,SALES_0000021,822,87,346,1235,8,2024-05-26T18:47:20,4760.99
3808,SALES_0003808,823,106,198,1267,8,2024-02-25T12:25:20,4527.19
2585,SALES_0002585,824,179,48,1295,8,2024-04-03T00:51:27,2885.27
1101,SALES_0001101,825,169,326,1323,8,2024-04-16T09:48:29,602.47
2130,SALES_0002130,826,184,355,1334,8,2024-05-17T15:09:21,4727.6
4691,SALES_0004691,827,83,99,1345,8,2024-04-23T20:56:02,1555.32
2003,SALES_0002003,828,111,138,1391,8,2024-03-11T23:41:11,841.54
191,SALES_0000191,829,154,179,1423,8,2024-02-19T23:39:01,3521.13
3294,SALES_0003294,830,183,415,1430,8,2024-03-30T09:26:22,4562.22
432,SALES_0000432,831,23,154,1462,8,2024-05-10T16:13:05,3981.96
2149,SALES_0002149,832,176,89,1504,8,2024-04-19T07:02:18,1767.53
2972,SALES_0002972,833,6,141,1504,8,2024-04-24T08:06:28,3798.02
4728,SALES_0004728,834,38,490,1514,8,2024-03-18T22:19:01,1669.55
3092,SALES_0003092,835,105,252,1535,8,2024-02-29T22:05:53,2994.45
3509,SALES_0003509,836,21,356,1542,8,2024-04-21T04:22:39,4456.2
4531,SALES_0004531,837,201,241,1562,8,2024-03-21T21:33:04,2872.15
1367,SALES_0001367,838,67,151,1574,8,2024-05-16T20:05:08,4462.7
1300,SALES_0001300,839,193,291,1575,8,2024-05-27T02:05:30,2313.01
3819,SALES_0003819,840,163,73,1600,8,2024-02-17T23:27:14,1721.9
3172,SALES_0003172,841,170,54,1606,8,2024-02-23T15:28:34,3848.65
1329,SALES_0001329,842,48,158,1624,8,2024-06-14T12:40:55,1895.95
4140,SALES_0004140,843,142,102,1656,8,2024-04-03T07:57:49,2283.57
339,SALES_0000339,844,38,279,1665,8,2024-03-18T18:57:01,2712.68
3637,SALES_0003637,845,26,428,1672,8,2024-02-17T06:52:54,3028.17
708,SALES_0000708,846,24,408,1682,8,2024-05-10T16:07:24,4578.38
3450,SALES_0003450,847,153,359,1686,8,2024-04-19T05:22:00,1421.76
273,SALES_0000273,848,112,97,1688,8,2024-03-14T16:49:46,704.31
384,SALES_0000384,849,76,18,1764,8,2024-04-13T02:02:04,2624.01
2324,SALES_0002324,850,166,297,1801,8,2024-05-22T13:42:45,4098.11
3123,SALES_0003123,851,119,385,1832,8,2024-04-27T09:11:33,1477.85
3867,SALES_0003867,852,184,333,1845,8,2024-04-01T19:16:43,4829.7
2795,SALES_0002795,853,66,219,1876,8,2024-06-10T09:31:07,1991.69
4687,SALES_0004687,854,109,380,1879,8,2024-05-13T07:25:16,1309.79
1508,SALES_0001508,855,167,45,1880,8,2024-03-01T13:57:32,2166.76
242,SALES_0000242,856,192,108,1887,8,2024-05-10T06:54:54,4526.6
4918,SALES_0004918,857,93,239,1912,8,2024-03-06T08:57:00,1789.53
1235,SALES_0001235,858,4,27,1933,8,2024-05-18T23:23:07,3455.66
3574,SALES_0003574,859,32,406,1933,8,2024-05-30T19:41:20,3394.1
3217,SALES_0003217,860,65,433,1993,8,2024-06-10T10:41:01,2622.08
2,SALES_0000002,861,100,422,1996,8,2024-03-14T09:07:51,2487.22
1894,SALES_0001894,862,34,352,1998,8,2024-05-04T20:30:35,3058.37
4031,SALES_0004031,863,37,22,46,9,2024-06-01T18:18:46,3866.2
755,SALES_0000755,864,192,4,49,9,2024-05-23T02:16:05,1718.49
1775,SALES_0001775,865,122,262,138,9,2024-05-20T08:14:35,4225.53
1035,SALES_0001035,866,9,443,157,9,2024-05-27T21:40:13,3224.77
1313,SALES_0001313,867,27,9,174,9,2024-05-22T21:37:25,548.95
4946,SALES_0004946,868,11,462,174,9,2024-06-14T17:09:21,3461.41
919,SALES_0000919,869,118,142,182,9,2024-05-03T10:49:33,2937.3
2902,SALES_0002902,870,209,282,191,9,2024-05-16T12:26:07,4388.31
2776,SALES_0002776,871,5,272,228,9,2024-06-04T21:25:08,1722.38
654,SALES_0000654,872,14,93,281,9,2024-06-04T08:58:39,4306.6
375,SALES_0000375,873,59,160,292,9,2024-06-20T07:37:20,742.55
588,SALES_0000588,874,153,393,308,9,2024-05-15T04:47:28,1734.18
3489,SALES_0003489,875,25,470,329,9,2024-05-06T17:43:54,2403.15
2009,SALES_0002009,876,159,93,337,9,2024-06-20T08:30:19,1070.37
3159,SALES_0003159,877,51,178,354,9,2024-05-24T02:19:28,748.22
2571,SALES_0002571,878,18,80,367,9,2024-06-02T20:56:14,2765.47
1672,SALES_0001672,879,3,435,384,9,2024-05-14T13:54:33,913.48
4731,SALES_0004731,880,14,129,401,9,2024-05-03T15:13:30,1100.81
2894,SALES_0002894,881,121,358,452,9,2024-06-06T07:44:29,1381.88
4576,SALES_0004576,882,136,192,462,9,2024-05-06T17:25:13,2932.85
3800,SALES_0003800,883,98,59,474,9,2024-05-31T01:31:51,2219.84
104,SALES_0000104,884,61,269,488,9,2024-06-04T04:08:01,4849.08
2409,SALES_0002409,885,17,482,505,9,2024-05-17T13:17:56,2547.19
4048,SALES_0004048,886,130,224,513,9,2024-05-22T05:32:44,1038.81
58,SALES_0000058,887,81,57,557,9,2024-06-02T13:47:48,873.29
1539,SALES_0001539,888,62,239,578,9,2024-06-01T02:54:11,4799.35
544,SALES_0000544,889,26,35,588,9,2024-05-05T21:10:59,2910.17
3108,SALES_0003108,890,26,494,644,9,2024-05-13T02:32:56,3529.77
782,SALES_0000782,891,144,253,648,9,2024-05-07T06:22:38,1812.14
294,SALES_0000294,892,142,452,649,9,2024-06-11T05:10:43,2408.96
2048,SALES_0002048,893,84,400,650,9,2024-05-22T21:02:40,3376.37
4256,SALES_0004256,894,14,72,655,9,2024-05-24T08:25:54,3275.73
2964,SALES_0002964,895,82,425,665,9,2024-05-07T06:09:52,2951.07
4938,SALES_0004938,896,18,467,672,9,2024-05-10T18:46:30,3126.85
4267,SALES_0004267,897,19,100,681,9,2024-05-14T11:52:46,718.28
3684,SALES_0003684,898,200,270,749,9,2024-05-05T05:16:24,1810.54
4486,SALES_0004486,899,41,328,785,9,2024-05-29T22:19:55,637.7
4693,SALES_0004693,900,159,233,843,9,2024-06-18T05:55:39,3997.54
1658,SALES_0001658,901,104,313,884,9,2024-05-10T00:26:59,665.57
1029,SALES_0001029,902,151,285,886,9,2024-06-08T02:22:52,4067.1
1462,SALES_0001462,903,199,114,903,9,2024-05-04T22:00:02,2393.08
1677,SALES_0001677,904,175,418,909,9,2024-05-30T15:13:48,1574.77
1927,SALES_0001927,905,104,177,914,9,2024-05-27T04:17:02,2804.19
538,SALES_0000538,906,148,412,918,9,2024-06-05T21:09:53,3826.05
106,SALES_0000106,907,26,148,948,9,2024-06-11T16:26:57,1833.84
1491,SALES_0001491,908,83,356,950,9,2024-05-31T15:59:02,3611.5
1154,SALES_0001154,909,164,462,951,9,2024-06-09T12:58:49,3491.83
2405,SALES_0002405,910,176,230,966,9,2024-06-05T05:47:00,1515.76
1534,SALES_0001534,911,72,304,986,9,2024-05-16T08:48:36,3214.13
3220,SALES_0003220,912,130,294,1001,9,2024-05-06T13:13:01,4993.04
4620,SALES_0004620,913,198,456,1035,9,2024-05-07T18:24:03,2974.48
2502,SALES_0002502,914,105,386,1037,9,2024-05-10T17:41:31,3838.33
3857,SALES_0003857,915,28,300,1046,9,2024-06-02T08:32:21,4602.45
1378,SALES_0001378,916,152,58,1056,9,2024-05-15T16:34:04,3282.96
3735,SALES_0003735,917,154,214,1095,9,2024-05-10T00:33:23,3167.86
4160,SALES_0004160,918,97,330,1100,9,2024-05-16T19:33:45,1110.16
3862,SALES_0003862,919,51,227,1123,9,2024-05-31T00:45:41,2352.15
4124,SALES_0004124,920,110,268,1126,9,2024-06-04T01:16:30,2322.46
4397,SALES_0004397,921,132,181,1164,9,2024-06-12T19:46:38,3449.18
1527,SALES_0001527,922,191,222,1175,9,2024-06-01T19:31:51,1609.69
4977,SALES_0004977,923,163,413,1189,9,2024-05-08T17:00:32,1656.71
2308,SALES_0002308,924,208,185,1231,9,2024-06-16T18:45:37,4038.48
4866,SALES_0004866,925,200,176,1235,9,2024-05-05T23:14:24,3718.02
2357,SALES_0002357,926,4,121,1297,9,2024-06-10T02:26:17,2996.78
4093,SALES_0004093,927,98,343,1319,9,2024-05-31T08:15:42,1021.82
1389,SALES_0001389,928,140,137,1339,9,2024-05-15T20:13:02,2686.17
4704,SALES_0004704,929,149,424,1342,9,2024-06-06T07:45:36,1549.11
4705,SALES_0004705,930,74,206,1379,9,2024-05-15T00:33:10,2282.18
3567,SALES_0003567,931,113,437,1428,9,2024-05-21T15:36:59,1616.03
154,SALES_0000154,932,208,128,1430,9,2024-05-15T14:14:17,1621.12
3003,SALES_0003003,933,78,32,1457,9,2024-06-06T01:22:06,2933.62
2237,SALES_0002237,934,160,464,1463,9,2024-05-28T01:00:35,3512.56
288,SALES_0000288,935,126,230,1465,9,2024-06-17T11:12:46,2945.99
4700,SALES_0004700,936,184,320,1485,9,2024-05-25T13:00:14,1697.71
4888,SALES_0004888,937,9,332,1512,9,2024-06-18T16:24:45,2219.87
3008,SALES_0003008,938,180,228,1526,9,2024-06-06T23:56:34,647.97
3725,SALES_0003725,939,203,307,1562,9,2024-06-11T00:47:12,2142.68
2395,SALES_0002395,940,5,202,1588,9,2024-05-27T14:20:21,1310.4
736,SALES_0000736,941,117,300,1593,9,2024-06-19T17:30:21,2508.08
4967,SALES_0004967,942,16,397,1593,9,2024-06-10T01:22:42,2911.49
3214,SALES_0003214,943,57,14,1606,9,2024-05-21T15:03:33,3832.91
1068,SALES_0001068,944,204,416,1611,9,2024-05-27T12:29:37,2149.29
3067,SALES_0003067,945,53,174,1630,9,2024-05-21T12:45:19,3369.89
1645,SALES_0001645,946,72,96,1696,9,2024-06-17T13:17:12,1408.61
1717,SALES_0001717,947,25,27,1707,9,2024-05-25T01:00:21,4137.93
3249,SALES_0003249,948,30,356,1730,9,2024-06-12T21:29:01,3461.62
2565,SALES_0002565,949,44,93,1797,9,2024-05-07T12:43:42,2718.18
4353,SALES_0004353,950,185,20,1964,9,2024-06-08T13:47:48,1307.18
1710,SALES_0001710,951,98,274,1968,9,2024-06-03T05:24:56,4939.52
3664,SALES_0003664,952,179,316,4,10,2024-07-09T03:12:36,3685.51
1570,SALES_0001570,953,103,430,27,10,2024-06-26T06:09:42,4651.37
2455,SALES_0002455,954,158,170,37,10,2024-06-08T09:37:03,753.4
1167,SALES_0001167,955,146,428,110,10,2024-06-29T09:34:21,3998.45
2592,SALES_0002592,956,116,326,115,10,2024-06-08T09:47:45,3940.97
633,SALES_0000633,957,140,32,138,10,2024-07-13T10:44:08,995.71
4374,SALES_0004374,958,96,53,155,10,2024-07-08T16:06:52,1907.16
119,SALES_0000119,959,196,31,240,10,2024-06-24T19:58:38,4975.75
2525,SALES_0002525,960,26,398,267,10,2024-06-24T03:33:47,3657
3257,SALES_0003257,961,132,327,283,10,2024-06-26T05:31:47,1548.1
48,SALES_0000048,962,23,382,287,10,2024-07-01T16:57:49,1948.91
2038,SALES_0002038,963,125,332,294,10,2024-06-11T07:42:15,1881.24
2377,SALES_0002377,964,168,319,305,10,2024-07-01T09:13:51,2510.58
3821,SALES_0003821,965,65,12,316,10,2024-07-02T18:13:06,4671.37
3711,SALES_0003711,966,185,162,325,10,2024-06-27T07:36:24,4687.93
3442,SALES_0003442,967,26,391,330,10,2024-07-05T08:37:34,2171.94
4724,SALES_0004724,968,78,354,359,10,2024-06-26T09:53:24,3205.74
768,SALES_0000768,969,12,130,377,10,2024-07-14T13:10:16,4793.8
867,SALES_0000867,970,147,171,421,10,2024-06-25T13:55:50,3208.39
1039,SALES_0001039,971,83,140,435,10,2024-06-23T08:21:02,4232.4
1614,SALES_0001614,972,50,314,450,10,2024-06-30T21:22:47,2520.22
4535,SALES_0004535,973,55,430,466,10,2024-06-17T19:32:07,2250.5
1189,SALES_0001189,974,194,269,484,10,2024-07-11T10:31:51,2024.77
3351,SALES_0003351,975,180,392,511,10,2024-07-14T18:05:51,1716.34
4571,SALES_0004571,976,86,145,517,10,2024-06-09T17:47:23,2962.95
4203,SALES_0004203,977,118,176,534,10,2024-06-08T00:15:58,3884.19
3803,SALES_0003803,978,119,443,535,10,2024-07-08T15:29:46,2347.07
1725,SALES_0001725,979,120,112,573,10,2024-06-13T09:22:51,2939.93
4254,SALES_0004254,980,189,126,573,10,2024-07-09T08:36:08,4373.39
1627,SALES_0001627,981,161,315,578,10,2024-06-10T12:54:59,2010.5
1001,SALES_0001001,982,136,60,596,10,2024-06-16T12:54:04,974.45
1323,SALES_0001323,983,107,252,706,10,2024-07-08T21:57:43,1730.38
1500,SALES_0001500,984,170,15,717,10,2024-07-09T01:31:31,4953.67
2846,SALES_0002846,985,64,477,727,10,2024-06-18T13:09:57,2991.8
2645,SALES_0002645,986,11,312,779,10,2024-07-11T23:21:38,4028.28
1076,SALES_0001076,987,169,139,803,10,2024-07-06T20:35:23,2958.05
4179,SALES_0004179,988,170,186,808,10,2024-07-14T22:38:38,4416.27
1018,SALES_0001018,989,35,40,819,10,2024-06-10T05:59:55,1996.02
46,SALES_0000046,990,104,56,849,10,2024-07-12T13:38:45,1979.45
1056,SALES_0001056,991,15,158,887,10,2024-07-14T13:45:33,4606.48
2169,SALES_0002169,992,199,382,896,10,2024-06-17T01:22:34,3343.65
717,SALES_0000717,993,159,419,898,10,2024-06-29T23:22:41,4216.91
2184,SALES_0002184,994,61,105,919,10,2024-07-06T19:13:40,1821.49
2220,SALES_0002220,995,7,453,924,10,2024-07-02T08:08:28,3980.25
4856,SALES_0004856,996,138,472,935,10,2024-06-29T01:04:19,1343.37
746,SALES_0000746,997,143,372,940,10,2024-06-28T05:39:41,4187.26
4308,SALES_0004308,998,44,241,949,10,2024-07-07T00:13:12,3480.13
1754,SALES_0001754,999,88,167,951,10,2024-07-07T00:12:30,2373.26
1764,SALES_0001764,1000,68,256,969,10,2024-06-13T12:45:45,4453
4702,SALES_0004702,1001,42,179,984,10,2024-06-18T13:41:25,1107.09
3038,SALES_0003038,1002,51,349,1003,10,2024-07-08T06:27:23,1969.47
2887,SALES_0002887,1003,77,25,1072,10,2024-06-24T03:12:18,4894.32
3080,SALES_0003080,1004,18,50,1156,10,2024-07-01T16:48:07,3005.26
3852,SALES_0003852,1005,32,453,1178,10,2024-06-13T14:50:21,4690.96
2835,SALES_0002835,1006,153,393,1183,10,2024-06-30T01:08:50,3473.28
1067,SALES_0001067,1007,62,203,1190,10,2024-06-09T03:27:41,817.46
4495,SALES_0004495,1008,200,459,1208,10,2024-07-13T00:16:28,738.31
1106,SALES_0001106,1009,60,441,1213,10,2024-07-13T02:33:00,1155.71
886,SALES_0000886,1010,33,446,1267,10,2024-06-26T15:45:58,4571.4
994,SALES_0000994,1011,104,60,1304,10,2024-07-06T12:38:54,2942.19
1077,SALES_0001077,1012,92,367,1306,10,2024-06-30T12:58:52,2219.26
137,SALES_0000137,1013,43,365,1316,10,2024-07-03T10:51:53,4736.69
928,SALES_0000928,1014,43,372,1345,10,2024-07-08T09:59:54,3907.14
162,SALES_0000162,1015,144,7,1370,10,2024-07-10T03:50:39,1603.54
785,SALES_0000785,1016,8,483,1398,10,2024-07-13T04:06:31,2526.98
2240,SALES_0002240,1017,121,164,1409,10,2024-06-30T09:59:59,2952.65
1397,SALES_0001397,1018,190,30,1416,10,2024-07-02T06:12:17,1101.28
1705,SALES_0001705,1019,112,283,1445,10,2024-06-08T05:26:24,3025.17
931,SALES_0000931,1020,88,251,1446,10,2024-07-11T03:32:04,2275.73
1365,SALES_0001365,1021,17,203,1450,10,2024-06-25T05:10:20,4553.58
1965,SALES_0001965,1022,36,185,1457,10,2024-06-09T08:23:31,558.17
2006,SALES_0002006,1023,53,150,1461,10,2024-06-17T20:19:08,1725.58
780,SALES_0000780,1024,89,293,1537,10,2024-06-19T21:40:08,1432.37
3893,SALES_0003893,1025,161,154,1568,10,2024-06-16T06:33:45,827.58
2624,SALES_0002624,1026,90,409,1599,10,2024-06-13T06:12:59,3761.97
166,SALES_0000166,1027,201,460,1603,10,2024-06-26T21:29:12,4481.86
2249,SALES_0002249,1028,106,408,1644,10,2024-06-27T11:39:21,4142.21
2180,SALES_0002180,1029,30,18,1684,10,2024-06-15T04:57:23,3608.29
3701,SALES_0003701,1030,198,173,1703,10,2024-06-25T23:19:36,820.87
2664,SALES_0002664,1031,166,173,1741,10,2024-06-21T02:19:48,1559.95
4639,SALES_0004639,1032,170,266,1744,10,2024-07-06T17:59:41,704.53
3323,SALES_0003323,1033,78,51,1781,10,2024-06-14T01:27:15,2535.99
2626,SALES_0002626,1034,11,298,1789,10,2024-06-27T09:48:42,2361.93
878,SALES_0000878,1035,15,321,1794,10,2024-07-08T18:25:37,4445.33
3826,SALES_0003826,1036,109,335,1805,10,2024-06-22T18:38:58,2204.61
2354,SALES_0002354,1037,57,249,1888,10,2024-06-10T22:14:35,4737.52
1766,SALES_0001766,1038,91,479,1921,10,2024-06-12T01:25:25,854.97
2854,SALES_0002854,1039,47,23,1991,10,2024-06-24T10:28:55,714.85
3552,SALES_0003552,1040,149,119,1992,10,2024-06-11T02:08:49,3404.01
3478,SALES_0003478,1041,177,7,8,11,2024-04-24T23:25:00,3228.62
2545,SALES_0002545,1042,92,317,35,11,2024-04-05T18:56:45,582.3
3644,SALES_0003644,1043,130,281,37,11,2024-04-05T01:46:19,1243.6
2314,SALES_0002314,1044,73,439,70,11,2024-03-31T23:59:17,4166.41
345,SALES_0000345,1045,146,26,95,11,2024-04-11T07:54:14,1745.58
1607,SALES_0001607,1046,184,260,140,11,2024-03-23T12:11:00,809.09
4980,SALES_0004980,1047,112,84,156,11,2024-01-16T04:00:22,4818.14
3132,SALES_0003132,1048,112,327,200,11,2024-07-01T19:53:50,3969.09
4931,SALES_0004931,1049,83,79,202,11,2024-03-18T15:50:40,2515.36
2091,SALES_0002091,1050,210,352,217,11,2024-05-11T05:44:43,2978.98
4439,SALES_0004439,1051,12,409,221,11,2024-04-25T12:05:20,603.9
81,SALES_0000081,1052,32,352,267,11,2024-05-12T18:41:12,579.76
3239,SALES_0003239,1053,85,132,297,11,2024-04-18T10:54:14,3681.81
1986,SALES_0001986,1054,54,169,299,11,2024-02-27T01:16:34,2817.85
4069,SALES_0004069,1055,110,102,309,11,2024-01-26T20:44:25,1822.14
2803,SALES_0002803,1056,153,58,314,11,2024-02-22T10:41:07,2627.41
4667,SALES_0004667,1057,18,472,330,11,2024-02-26T01:32:17,4411.58
1002,SALES_0001002,1058,202,348,361,11,2024-07-12T22:42:00,1457.44
388,SALES_0000388,1059,90,172,365,11,2024-06-19T12:27:56,782.6
4419,SALES_0004419,1060,53,286,370,11,2024-03-06T19:34:00,4322.37
332,SALES_0000332,1061,141,295,392,11,2024-04-04T00:14:24,2431.61
2651,SALES_0002651,1062,201,296,401,11,2024-03-16T01:31:12,574.92
2266,SALES_0002266,1063,161,326,433,11,2024-06-21T06:04:56,3762.92
73,SALES_0000073,1064,197,140,462,11,2024-01-05T05:56:52,4898.38
4619,SALES_0004619,1065,82,50,473,11,2024-01-13T06:37:06,2426.8
4646,SALES_0004646,1066,129,81,523,11,2024-02-22T19:14:54,4633.01
4342,SALES_0004342,1067,55,312,524,11,2024-04-24T19:17:34,4418.24
350,SALES_0000350,1068,139,153,536,11,2024-03-01T18:21:38,3578.26
860,SALES_0000860,1069,202,364,541,11,2024-05-16T14:08:31,2806.31
3579,SALES_0003579,1070,148,461,543,11,2024-02-03T07:02:03,2975.99
320,SALES_0000320,1071,61,246,560,11,2024-03-08T05:16:27,4895.39
2721,SALES_0002721,1072,176,358,561,11,2024-07-17T01:10:18,997.92
1333,SALES_0001333,1073,24,91,584,11,2024-04-13T01:51:01,4628.73
4379,SALES_0004379,1074,87,105,609,11,2024-02-22T01:12:58,4179.53
2855,SALES_0002855,1075,168,363,626,11,2024-06-24T03:11:17,3613.49
3653,SALES_0003653,1076,146,307,646,11,2024-06-13T22:27:39,2033.61
2154,SALES_0002154,1077,195,332,676,11,2024-07-22T08:26:52,1813.46
38,SALES_0000038,1078,40,327,678,11,2024-05-14T21:11:01,1029.02
1240,SALES_0001240,1079,166,391,693,11,2024-04-08T04:54:44,4319.78
3045,SALES_0003045,1080,150,202,724,11,2024-06-24T01:09:52,2011.7
1678,SALES_0001678,1081,30,185,745,11,2024-06-03T22:44:37,1147.87
361,SALES_0000361,1082,181,422,751,11,2024-03-06T23:38:10,1723.62
3275,SALES_0003275,1083,142,446,786,11,2024-07-23T07:21:46,2630.66
3472,SALES_0003472,1084,134,438,793,11,2024-05-07T15:54:40,3191.65
1505,SALES_0001505,1085,209,245,803,11,2024-07-08T06:25:40,3395.7
1168,SALES_0001168,1086,74,490,818,11,2024-03-20T13:35:33,4065.01
885,SALES_0000885,1087,138,192,848,11,2024-01-27T12:49:35,1987.12
3158,SALES_0003158,1088,153,292,864,11,2024-04-14T14:22:33,1557.53
806,SALES_0000806,1089,76,110,879,11,2024-01-15T15:07:01,2100.12
387,SALES_0000387,1090,43,378,935,11,2024-01-16T19:51:40,2358.86
1724,SALES_0001724,1091,101,315,939,11,2024-06-08T14:12:50,852.02
3827,SALES_0003827,1092,101,199,965,11,2024-04-13T22:58:25,3885.59
3260,SALES_0003260,1093,122,217,977,11,2024-02-25T15:59:19,3977.08
1851,SALES_0001851,1094,101,23,978,11,2024-01-19T00:20:53,4023.87
3842,SALES_0003842,1095,59,226,1020,11,2024-06-11T03:08:46,4969.68
4557,SALES_0004557,1096,16,10,1039,11,2024-04-13T15:18:59,1022.89
2492,SALES_0002492,1097,141,39,1076,11,2024-04-07T15:18:30,4849.26
2412,SALES_0002412,1098,173,130,1078,11,2024-06-07T18:27:50,978.92
2869,SALES_0002869,1099,66,38,1100,11,2024-03-14T15:04:20,3393.37
2080,SALES_0002080,1100,48,110,1138,11,2024-04-13T13:23:08,4434.73
502,SALES_0000502,1101,25,459,1177,11,2024-02-09T21:34:30,2850
1547,SALES_0001547,1102,121,81,1180,11,2024-05-15T19:14:55,3306.46
2253,SALES_0002253,1103,166,45,1189,11,2024-06-21T23:17:34,3401.09
728,SALES_0000728,1104,111,249,1290,11,2024-03-02T12:16:42,4224.76
1216,SALES_0001216,1105,187,373,1297,11,2024-04-24T07:18:11,638.1
2081,SALES_0002081,1106,187,328,1336,11,2024-01-15T23:19:21,3838.8
1194,SALES_0001194,1107,42,479,1344,11,2024-04-11T09:41:03,698.25
1718,SALES_0001718,1108,127,118,1375,11,2024-07-03T06:05:51,2678.05
1290,SALES_0001290,1109,74,312,1410,11,2024-02-20T08:09:55,2267.57
989,SALES_0000989,1110,20,107,1414,11,2024-07-05T06:45:05,3653
3606,SALES_0003606,1111,199,350,1452,11,2024-02-10T03:24:02,2695.7
3383,SALES_0003383,1112,199,292,1469,11,2024-02-27T01:08:34,4872.89
1974,SALES_0001974,1113,139,36,1511,11,2024-02-28T01:39:56,4443.32
2860,SALES_0002860,1114,97,443,1531,11,2024-01-17T13:38:25,3109.25
3636,SALES_0003636,1115,36,241,1544,11,2024-07-21T05:04:10,886.16
3357,SALES_0003357,1116,95,257,1561,11,2024-07-03T19:06:25,2121.43
4947,SALES_0004947,1117,21,401,1576,11,2024-04-06T04:58:28,2561.53
3778,SALES_0003778,1118,195,189,1583,11,2024-03-07T13:16:19,2796.45
3979,SALES_0003979,1119,207,381,1587,11,2024-07-23T00:21:52,3118.89
1120,SALES_0001120,1120,27,258,1598,11,2024-05-01T23:25:13,3681.25
2943,SALES_0002943,1121,84,14,1624,11,2024-07-22T11:16:37,560.4
2100,SALES_0002100,1122,31,188,1662,11,2024-05-10T12:08:00,1277.03
2281,SALES_0002281,1123,99,189,1688,11,2024-03-17T10:53:30,1792.24
3266,SALES_0003266,1124,4,266,1705,11,2024-06-07T04:34:42,887.29
2083,SALES_0002083,1125,30,93,1736,11,2024-05-25T06:52:45,808.9
1109,SALES_0001109,1126,39,475,1763,11,2024-01-10T00:00:36,3276.56
524,SALES_0000524,1127,71,260,1776,11,2024-07-03T10:47:34,4293.99
2830,SALES_0002830,1128,13,389,1802,11,2024-01-29T04:58:17,2783.88
2602,SALES_0002602,1129,15,214,1828,11,2024-03-11T23:22:46,2314.12
401,SALES_0000401,1130,145,234,1828,11,2024-01-11T05:28:00,3587.64
3761,SALES_0003761,1131,135,248,1859,11,2024-02-03T08:40:44,3625.68
4896,SALES_0004896,1132,27,215,1864,11,2024-04-14T04:20:50,2722.33
1352,SALES_0001352,1133,96,260,1900,11,2024-03-22T18:40:50,2003.15
1048,SALES_0001048,1134,134,417,1901,11,2024-05-14T20:38:30,1179.18
4994,SALES_0004994,1135,118,246,1910,11,2024-07-13T18:26:34,1169.48
4288,SALES_0004288,1136,182,371,1928,11,2024-05-29T13:28:14,4228.71
147,SALES_0000147,1137,169,257,1956,11,2024-02-17T04:13:53,1085.91
4710,SALES_0004710,1138,141,156,1981,11,2024-03-20T20:06:45,2859.11
4239,SALES_0004239,1139,162,12,1986,11,2024-07-16T00:02:27,1220.84
2173,SALES_0002173,1140,19,297,1991,11,2024-03-01T22:54:18,752.74
3712,SALES_0003712,1141,173,281,1995,11,2024-04-14T13:14:22,3736.29
2008,SALES_0002008,1142,132,390,11,12,2024-07-01T17:16:22,1525.29
4511,SALES_0004511,1143,7,225,23,12,2024-07-02T16:05:58,4655.29
1985,SALES_0001985,1144,107,265,24,12,2024-05-10T14:04:38,2949.8
2799,SALES_0002799,1145,79,489,25,12,2024-05-14T12:41:59,2490.51
4347,SALES_0004347,1146,116,67,34,12,2024-06-18T03:31:12,2990.99
4638,SALES_0004638,1147,31,149,53,12,2024-06-16T02:50:40,3261.87
2725,SALES_0002725,1148,141,268,62,12,2024-04-24T14:06:00,2697.21
1064,SALES_0001064,1149,62,281,96,12,2024-07-02T06:56:02,3096.36
158,SALES_0000158,1150,26,474,129,12,2024-06-18T07:05:16,1661.33
321,SALES_0000321,1151,132,285,164,12,2024-04-10T22:05:08,535.22
2322,SALES_0002322,1152,134,384,175,12,2024-03-24T14:43:11,2856.16
2432,SALES_0002432,1153,46,209,184,12,2024-04-05T12:45:52,1932.08
3001,SALES_0003001,1154,134,140,197,12,2024-05-20T18:51:26,1784.67
4096,SALES_0004096,1155,11,149,204,12,2024-03-14T16:53:13,2172.49
2864,SALES_0002864,1156,77,207,212,12,2024-05-10T06:59:07,605.27
2700,SALES_0002700,1157,203,378,223,12,2024-07-04T10:14:06,3489.36
2194,SALES_0002194,1158,134,350,283,12,2024-04-18T06:49:15,725.99
2928,SALES_0002928,1159,57,288,290,12,2024-03-12T18:52:02,4093.78
4207,SALES_0004207,1160,3,341,299,12,2024-07-18T21:46:20,1764.35
4468,SALES_0004468,1161,55,482,335,12,2024-06-26T09:12:40,3330.21
3675,SALES_0003675,1162,83,54,340,12,2024-05-09T20:44:58,3510.15
3569,SALES_0003569,1163,162,70,391,12,2024-05-22T08:00:34,3874.98
1551,SALES_0001551,1164,197,3,402,12,2024-03-19T13:37:00,663.25
2712,SALES_0002712,1165,12,432,410,12,2024-05-24T15:46:20,2444.74
1306,SALES_0001306,1166,90,210,412,12,2024-05-01T12:14:32,3990.18
3069,SALES_0003069,1167,43,73,441,12,2024-07-06T03:22:16,625.78
1113,SALES_0001113,1168,32,197,457,12,2024-07-13T23:29:59,1296.64
1925,SALES_0001925,1169,45,488,478,12,2024-05-27T05:52:32,3895.27
2302,SALES_0002302,1170,45,116,480,12,2024-05-17T08:02:27,4133.78
1428,SALES_0001428,1171,83,356,526,12,2024-04-19T00:28:06,3038.13
1012,SALES_0001012,1172,106,98,542,12,2024-05-29T00:05:25,2630.85
2556,SALES_0002556,1173,201,320,616,12,2024-05-08T11:07:54,1583.3
4650,SALES_0004650,1174,9,166,630,12,2024-04-13T17:08:15,3114.97
3165,SALES_0003165,1175,16,55,633,12,2024-06-04T18:10:55,4166.64
1896,SALES_0001896,1176,73,46,646,12,2024-03-09T10:17:59,4233.14
1596,SALES_0001596,1177,100,272,656,12,2024-03-23T11:57:13,3864.4
2077,SALES_0002077,1178,78,337,666,12,2024-05-19T20:41:26,2938.18
344,SALES_0000344,1179,208,273,670,12,2024-05-09T06:02:58,2275.56
3395,SALES_0003395,1180,155,391,698,12,2024-06-12T10:42:54,788
4016,SALES_0004016,1181,9,163,699,12,2024-05-06T11:39:22,1177.03
3680,SALES_0003680,1182,153,486,773,12,2024-05-07T14:48:33,2042.26
3428,SALES_0003428,1183,180,184,825,12,2024-07-21T15:36:43,4803.67
649,SALES_0000649,1184,105,232,827,12,2024-03-04T13:22:00,634.13
3365,SALES_0003365,1185,98,334,841,12,2024-05-15T19:21:46,3718.81
239,SALES_0000239,1186,108,492,841,12,2024-04-07T11:36:29,2703.76
4732,SALES_0004732,1187,194,39,860,12,2024-05-30T20:54:25,1979.33
4413,SALES_0004413,1188,207,462,861,12,2024-03-28T22:49:26,4573.26
2134,SALES_0002134,1189,132,124,890,12,2024-05-31T03:21:17,857.73
78,SALES_0000078,1190,100,311,901,12,2024-07-10T08:07:44,786.66
3520,SALES_0003520,1191,31,60,922,12,2024-04-07T20:47:19,2831.92
3557,SALES_0003557,1192,174,147,945,12,2024-05-13T12:45:18,1211.18
826,SALES_0000826,1193,137,94,947,12,2024-06-26T09:28:07,3594.3
1529,SALES_0001529,1194,106,79,984,12,2024-05-02T05:43:57,2536.87
4736,SALES_0004736,1195,31,111,996,12,2024-05-26T12:49:55,537.57
2192,SALES_0002192,1196,35,190,1016,12,2024-05-20T09:51:04,763.56
548,SALES_0000548,1197,138,365,1016,12,2024-05-04T12:02:53,3998.48
3358,SALES_0003358,1198,166,10,1021,12,2024-05-17T01:08:02,1023.29
4617,SALES_0004617,1199,33,492,1023,12,2024-04-07T08:51:58,4898.88
403,SALES_0000403,1200,54,38,1030,12,2024-06-10T15:26:35,4137.24
465,SALES_0000465,1201,125,142,1065,12,2024-07-23T14:19:11,4038.96
958,SALES_0000958,1202,105,30,1069,12,2024-07-11T17:08:49,4125.03
4213,SALES_0004213,1203,54,359,1080,12,2024-07-01T19:14:36,4196.67
178,SALES_0000178,1204,60,2,1085,12,2024-06-06T14:38:25,3473.74
672,SALES_0000672,1205,129,124,1117,12,2024-06-24T16:41:43,4088.57
2282,SALES_0002282,1206,48,35,1118,12,2024-06-03T22:01:35,968.45
3231,SALES_0003231,1207,189,410,1118,12,2024-02-22T00:49:21,3882.99
3382,SALES_0003382,1208,16,418,1155,12,2024-05-15T00:02:34,3158.08
3268,SALES_0003268,1209,4,461,1180,12,2024-06-12T08:46:27,2158.32
651,SALES_0000651,1210,77,441,1193,12,2024-03-13T04:56:35,1604.05
637,SALES_0000637,1211,49,194,1212,12,2024-03-10T21:03:22,2757.8
3995,SALES_0003995,1212,190,78,1213,12,2024-03-27T09:45:12,792.39
2109,SALES_0002109,1213,203,395,1231,12,2024-06-07T03:29:13,4734.75
4313,SALES_0004313,1214,50,407,1250,12,2024-04-24T03:44:57,1063.85
696,SALES_0000696,1215,111,307,1273,12,2024-05-10T13:27:12,1318.39
2706,SALES_0002706,1216,135,329,1334,12,2024-07-07T21:21:43,4697.68
3310,SALES_0003310,1217,131,467,1371,12,2024-06-22T01:32:34,4928.41
2497,SALES_0002497,1218,187,388,1392,12,2024-06-26T19:02:04,1550.34
1332,SALES_0001332,1219,171,453,1403,12,2024-03-01T21:35:29,3058.21
3916,SALES_0003916,1220,38,54,1424,12,2024-06-22T15:11:23,1579.04
3490,SALES_0003490,1221,80,423,1447,12,2024-07-22T13:21:32,3971.93
2117,SALES_0002117,1222,88,431,1449,12,2024-04-24T23:43:59,1655.95
2744,SALES_0002744,1223,208,141,1453,12,2024-07-15T18:38:51,3944.33
1350,SALES_0001350,1224,134,499,1471,12,2024-06-21T08:07:56,2017.47
1078,SALES_0001078,1225,120,196,1475,12,2024-03-18T17:58:44,1099.02
317,SALES_0000317,1226,48,440,1526,12,2024-03-06T04:00:28,3347.59
896,SALES_0000896,1227,186,493,1527,12,2024-06-28T12:15:10,4392.44
4958,SALES_0004958,1228,151,211,1536,12,2024-04-24T19:14:15,3387.1
985,SALES_0000985,1229,177,375,1538,12,2024-05-23T14:10:58,1099.13
2515,SALES_0002515,1230,28,438,1541,12,2024-04-20T13:55:43,826.17
591,SALES_0000591,1231,68,265,1542,12,2024-06-17T22:38:02,979.48
3314,SALES_0003314,1232,208,120,1544,12,2024-07-17T00:08:38,2643.54
2520,SALES_0002520,1233,86,17,1578,12,2024-03-12T04:56:01,1015.77
2176,SALES_0002176,1234,25,91,1578,12,2024-03-21T16:19:21,1625.15
50,SALES_0000050,1235,52,51,1580,12,2024-06-17T09:32:59,1043.94
1381,SALES_0001381,1236,107,462,1602,12,2024-03-03T15:42:59,1878.81
2669,SALES_0002669,1237,163,180,1613,12,2024-05-16T07:17:23,2695.64
3234,SALES_0003234,1238,124,160,1619,12,2024-06-04T12:09:33,1504.1
112,SALES_0000112,1239,204,261,1630,12,2024-02-23T15:25:40,3101.28
2999,SALES_0002999,1240,121,250,1662,12,2024-05-04T17:11:29,1882.9
3018,SALES_0003018,1241,130,55,1675,12,2024-03-31T11:14:42,1028.92
542,SALES_0000542,1242,141,104,1683,12,2024-03-02T18:56:09,2595.48
4411,SALES_0004411,1243,91,453,1695,12,2024-03-17T19:13:38,3575.3
4922,SALES_0004922,1244,67,14,1708,12,2024-04-18T01:43:49,2727.27
4864,SALES_0004864,1245,149,475,1737,12,2024-04-29T09:35:26,1298.31
4505,SALES_0004505,1246,81,224,1741,12,2024-05-18T02:05:52,4703.26
3871,SALES_0003871,1247,182,410,1745,12,2024-05-23T10:50:15,4656.93
397,SALES_0000397,1248,43,365,1767,12,2024-04-10T09:53:48,1043.59
1148,SALES_0001148,1249,144,402,1790,12,2024-07-19T11:03:07,542.51
4415,SALES_0004415,1250,164,233,1828,12,2024-04-08T09:13:25,2228.63
1746,SALES_0001746,1251,124,89,1838,12,2024-04-05T02:47:58,1515.53
4139,SALES_0004139,1252,179,122,1841,12,2024-02-23T21:03:12,681.32
1559,SALES_0001559,1253,41,190,1860,12,2024-04-25T00:19:48,4475.12
3696,SALES_0003696,1254,38,192,1869,12,2024-07-01T23:51:53,2318.2
3585,SALES_0003585,1255,196,17,1876,12,2024-06-19T17:10:24,2085.19
3936,SALES_0003936,1256,59,287,1915,12,2024-04-29T21:55:10,636.61
1719,SALES_0001719,1257,136,344,1924,12,2024-07-22T04:48:50,605.32
520,SALES_0000520,1258,195,8,1932,12,2024-04-13T05:25:24,2965.24
497,SALES_0000497,1259,137,384,1941,12,2024-05-18T07:00:01,3229.8
1188,SALES_0001188,1260,172,477,1960,12,2024-03-07T02:41:17,2197.18
2195,SALES_0002195,1261,168,425,1969,12,2024-07-16T10:02:13,4119.14
4245,SALES_0004245,1262,92,153,1985,12,2024-03-20T20:13:09,4827.38
4858,SALES_0004858,1263,1,349,1985,12,2024-06-09T08:17:43,651.2
2552,SALES_0002552,1264,34,320,15,13,2024-04-14T17:52:40,1106.39
2919,SALES_0002919,1265,81,282,18,13,2024-03-21T15:46:33,4893.8
396,SALES_0000396,1266,127,486,53,13,2024-07-06T23:21:37,2955.64
1963,SALES_0001963,1267,92,250,59,13,2024-03-06T05:00:13,673.68
2603,SALES_0002603,1268,91,323,96,13,2024-02-26T15:46:34,814.76
4182,SALES_0004182,1269,92,176,101,13,2024-03-20T22:25:30,3539.67
4309,SALES_0004309,1270,202,33,185,13,2024-05-22T11:21:41,4379.48
3673,SALES_0003673,1271,40,385,191,13,2024-04-07T07:18:26,2739.04
4656,SALES_0004656,1272,64,82,217,13,2024-06-28T01:57:16,968.74
1338,SALES_0001338,1273,203,156,252,13,2024-04-22T22:26:06,3670.88
1958,SALES_0001958,1274,152,65,269,13,2024-08-09T07:35:19,4383.08
1473,SALES_0001473,1275,198,363,278,13,2024-02-25T18:45:08,2622.22
2677,SALES_0002677,1276,101,79,286,13,2024-02-08T00:26:28,4058.04
3515,SALES_0003515,1277,53,35,320,13,2024-05-06T16:35:59,2351.03
3577,SALES_0003577,1278,70,175,415,13,2024-05-17T05:49:16,3257.63
2165,SALES_0002165,1279,87,167,427,13,2024-06-19T16:13:19,3101.17
990,SALES_0000990,1280,57,18,475,13,2024-03-17T09:31:01,3144.27
1396,SALES_0001396,1281,69,493,492,13,2024-05-04T01:13:17,3098.92
998,SALES_0000998,1282,9,41,522,13,2024-07-28T19:48:25,1521.72
382,SALES_0000382,1283,101,57,523,13,2024-02-18T22:06:20,1285.04
678,SALES_0000678,1284,188,174,550,13,2024-06-09T21:29:59,553.6
3225,SALES_0003225,1285,58,44,563,13,2024-06-21T13:34:45,1447.45
1770,SALES_0001770,1286,116,258,591,13,2024-07-30T22:55:05,4252.51
571,SALES_0000571,1287,101,109,608,13,2024-04-22T19:45:44,2152.84
2772,SALES_0002772,1288,178,121,617,13,2024-01-16T16:05:21,4767.63
894,SALES_0000894,1289,150,280,648,13,2024-06-24T11:37:46,4552.51
2425,SALES_0002425,1290,12,115,701,13,2024-02-29T01:24:17,1623.8
779,SALES_0000779,1291,38,176,767,13,2024-07-12T15:40:51,585.21
4874,SALES_0004874,1292,5,66,818,13,2024-01-17T13:25:17,1615.91
2559,SALES_0002559,1293,162,247,845,13,2024-04-03T00:44:05,3464.7
3973,SALES_0003973,1294,164,44,929,13,2024-03-06T00:23:51,4090.17
4677,SALES_0004677,1295,48,46,949,13,2024-06-21T03:22:51,1045.28
209,SALES_0000209,1296,202,276,986,13,2024-03-11T06:40:21,3619.24
3948,SALES_0003948,1297,26,412,996,13,2024-04-13T22:10:42,3077.21
4370,SALES_0004370,1298,142,452,1024,13,2024-03-07T13:13:02,4233.06
2392,SALES_0002392,1299,136,46,1047,13,2024-04-05T11:16:40,2625.76
395,SALES_0000395,1300,33,39,1053,13,2024-05-14T13:15:14,637.79
3733,SALES_0003733,1301,109,455,1058,13,2024-07-02T06:55:59,2802.87
2323,SALES_0002323,1302,8,328,1072,13,2024-06-13T03:42:45,3429.91
2606,SALES_0002606,1303,79,113,1106,13,2024-02-04T05:47:21,883.46
1640,SALES_0001640,1304,72,268,1152,13,2024-01-26T17:36:54,4981.59
1118,SALES_0001118,1305,72,464,1165,13,2024-03-09T20:14:04,4351.11
2843,SALES_0002843,1306,182,310,1179,13,2024-07-26T19:54:55,624.28
3652,SALES_0003652,1307,68,91,1181,13,2024-02-07T15:27:35,2120.81
4803,SALES_0004803,1308,67,384,1187,13,2024-04-30T04:00:25,4795.5
4194,SALES_0004194,1309,91,230,1188,13,2024-04-10T12:46:01,1955.58
4377,SALES_0004377,1310,145,202,1193,13,2024-02-23T15:10:53,3425.38
4209,SALES_0004209,1311,17,436,1223,13,2024-02-22T09:22:56,3794.28
1138,SALES_0001138,1312,105,80,1287,13,2024-05-07T11:31:33,4867.6
3507,SALES_0003507,1313,36,328,1290,13,2024-01-25T17:55:00,511.58
569,SALES_0000569,1314,29,119,1294,13,2024-05-17T19:54:03,2112.75
1223,SALES_0001223,1315,139,9,1296,13,2024-04-09T16:22:14,2298.23
467,SALES_0000467,1316,184,320,1303,13,2024-04-06T15:17:17,4781.18
738,SALES_0000738,1317,57,391,1303,13,2024-07-11T01:08:23,4689.4
4158,SALES_0004158,1318,104,453,1315,13,2024-05-18T10:09:53,2886.41
3470,SALES_0003470,1319,133,243,1339,13,2024-07-14T00:39:18,4837.54
135,SALES_0000135,1320,44,249,1364,13,2024-01-26T11:01:00,807.27
3403,SALES_0003403,1321,168,158,1368,13,2024-04-26T04:29:29,1733.78
2170,SALES_0002170,1322,141,386,1408,13,2024-04-04T03:32:45,2727.2
1721,SALES_0001721,1323,47,336,1409,13,2024-06-03T12:19:54,1504.43
1814,SALES_0001814,1324,47,416,1446,13,2024-02-18T11:07:46,2086.51
2152,SALES_0002152,1325,11,307,1464,13,2024-02-12T04:48:02,4553.82
4544,SALES_0004544,1326,168,127,1466,13,2024-02-10T18:36:50,2741.07
530,SALES_0000530,1327,57,11,1484,13,2024-03-31T17:04:45,4451.74
3555,SALES_0003555,1328,97,472,1537,13,2024-03-24T06:17:08,3351.02
4336,SALES_0004336,1329,38,195,1549,13,2024-02-11T17:06:45,1600.28
4921,SALES_0004921,1330,196,340,1558,13,2024-06-28T21:34:15,3511.58
1573,SALES_0001573,1331,81,84,1563,13,2024-07-19T20:03:39,4678.88
4974,SALES_0004974,1332,46,172,1587,13,2024-01-17T13:21:46,4406.08
3837,SALES_0003837,1333,46,250,1591,13,2024-05-06T20:34:06,3568.3
1723,SALES_0001723,1334,92,435,1596,13,2024-03-21T18:09:43,1045.94
2939,SALES_0002939,1335,36,351,1597,13,2024-06-24T06:44:09,2281.16
3613,SALES_0003613,1336,24,417,1637,13,2024-07-13T20:29:54,790.9
2052,SALES_0002052,1337,94,14,1644,13,2024-05-01T14:28:26,3373.87
1308,SALES_0001308,1338,109,181,1651,13,2024-06-09T13:11:57,4955.95
4161,SALES_0004161,1339,198,133,1676,13,2024-02-08T01:12:58,1842.89
2657,SALES_0002657,1340,85,241,1698,13,2024-01-31T14:02:28,2843.78
3179,SALES_0003179,1341,30,456,1700,13,2024-05-19T14:13:04,1324.83
3072,SALES_0003072,1342,184,445,1711,13,2024-03-12T23:23:03,1655.03
854,SALES_0000854,1343,7,295,1726,13,2024-01-25T19:50:30,4491.7
4547,SALES_0004547,1344,29,359,1784,13,2024-08-03T18:52:35,3284.25
475,SALES_0000475,1345,186,314,1789,13,2024-02-28T01:22:09,1992.72
4608,SALES_0004608,1346,195,319,1808,13,2024-07-30T16:09:48,2705.2
4743,SALES_0004743,1347,45,213,1846,13,2024-04-22T16:25:45,2472.35
4587,SALES_0004587,1348,125,213,1851,13,2024-07-11T08:28:31,3432.9
2250,SALES_0002250,1349,62,20,1902,13,2024-02-16T10:01:16,4131.8
499,SALES_0000499,1350,73,365,1914,13,2024-02-27T02:50:51,2484.06
1613,SALES_0001613,1351,137,237,1951,13,2024-04-02T17:45:32,3096.28
964,SALES_0000964,1352,203,12,1963,13,2024-08-07T23:53:28,975.56
595,SALES_0000595,1353,35,90,1999,13,2024-04-20T07:58:45,3786.77
254,SALES_0000254,1354,153,473,18,14,2024-08-12T11:59:54,4989.51
1792,SALES_0001792,1355,120,255,53,14,2024-08-13T08:30:09,4384.12
3384,SALES_0003384,1356,84,328,76,14,2024-07-20T00:48:40,3394.26
4611,SALES_0004611,1357,139,239,95,14,2024-08-03T11:05:58,1597.31
1971,SALES_0001971,1358,152,77,112,14,2024-08-09T20:18:14,4461.03
3452,SALES_0003452,1359,176,121,130,14,2024-08-12T09:28:14,2520.06
2798,SALES_0002798,1360,46,139,157,14,2024-08-06T08:11:29,1596.02
592,SALES_0000592,1361,121,476,182,14,2024-08-13T21:40:58,2836.17
4113,SALES_0004113,1362,182,263,187,14,2024-08-02T18:13:10,2482.77
1952,SALES_0001952,1363,62,310,211,14,2024-07-19T00:08:33,4717.48
1209,SALES_0001209,1364,84,346,212,14,2024-07-19T09:02:23,3523.04
1743,SALES_0001743,1365,125,137,244,14,2024-08-06T22:35:35,4748.16
1408,SALES_0001408,1366,49,13,250,14,2024-07-22T15:37:09,2044.24
4956,SALES_0004956,1367,198,284,270,14,2024-07-22T01:55:34,3750.51
201,SALES_0000201,1368,205,380,296,14,2024-08-11T23:01:20,3217.48
2284,SALES_0002284,1369,121,489,305,14,2024-07-25T19:50:41,1027.77
3194,SALES_0003194,1370,191,7,313,14,2024-07-25T17:06:12,4836.5
4004,SALES_0004004,1371,44,231,326,14,2024-07-28T01:10:59,2695.56
3057,SALES_0003057,1372,124,237,344,14,2024-07-23T00:03:36,1688.49
1000,SALES_0001000,1373,163,233,349,14,2024-08-04T12:03:59,4664.37
1587,SALES_0001587,1374,153,396,354,14,2024-07-12T21:26:07,4343.93
3770,SALES_0003770,1375,3,59,356,14,2024-08-08T10:11:02,4550.63
3195,SALES_0003195,1376,39,330,377,14,2024-07-15T16:14:17,4330.25
59,SALES_0000059,1377,133,203,388,14,2024-08-09T02:27:08,4345
2627,SALES_0002627,1378,162,462,416,14,2024-07-20T17:28:31,3802.72
3951,SALES_0003951,1379,42,498,433,14,2024-07-21T14:26:10,2890.53
259,SALES_0000259,1380,71,206,506,14,2024-08-06T03:22:39,4965.1
3534,SALES_0003534,1381,104,120,546,14,2024-08-13T12:26:11,3173.4
4784,SALES_0004784,1382,48,209,570,14,2024-08-07T16:03:35,3826.59
69,SALES_0000069,1383,79,188,617,14,2024-08-06T16:53:27,2087.63
4545,SALES_0004545,1384,120,277,617,14,2024-08-02T12:20:33,3673.08
3141,SALES_0003141,1385,113,156,622,14,2024-08-08T08:24:12,524.93
2661,SALES_0002661,1386,183,310,633,14,2024-07-27T15:16:01,4679.14
3235,SALES_0003235,1387,17,159,663,14,2024-07-12T18:46:56,3493.76
1386,SALES_0001386,1388,202,329,729,14,2024-07-24T08:20:34,1590.46
2053,SALES_0002053,1389,184,163,731,14,2024-07-22T11:51:01,2642.4
3559,SALES_0003559,1390,137,115,740,14,2024-07-11T06:15:23,3740.99
3599,SALES_0003599,1391,181,255,751,14,2024-08-12T18:32:02,2583.13
3439,SALES_0003439,1392,5,280,762,14,2024-07-30T20:33:24,4249.41
1893,SALES_0001893,1393,135,174,784,14,2024-08-07T04:37:25,1183.49
2064,SALES_0002064,1394,89,227,794,14,2024-08-02T01:18:34,623.52
4764,SALES_0004764,1395,137,393,824,14,2024-08-10T16:48:28,688.11
4533,SALES_0004533,1396,51,51,848,14,2024-07-14T02:00:14,1282.13
3533,SALES_0003533,1397,149,436,852,14,2024-07-12T08:08:06,4638.33
509,SALES_0000509,1398,129,448,867,14,2024-07-20T00:08:50,2819.12
4181,SALES_0004181,1399,107,224,909,14,2024-08-01T01:58:49,4337.01
312,SALES_0000312,1400,26,106,921,14,2024-08-04T09:22:12,1778.19
1751,SALES_0001751,1401,124,414,935,14,2024-08-11T07:00:58,2767.52
2485,SALES_0002485,1402,77,62,949,14,2024-07-25T12:25:26,4237.47
726,SALES_0000726,1403,79,156,960,14,2024-08-12T06:09:09,1433.84
1917,SALES_0001917,1404,78,297,1033,14,2024-07-24T20:37:47,1100.45
3796,SALES_0003796,1405,57,211,1050,14,2024-07-21T08:30:05,1022.64
2914,SALES_0002914,1406,128,129,1070,14,2024-08-11T22:47:41,2106.81
3254,SALES_0003254,1407,117,366,1083,14,2024-07-20T22:45:32,1447.44
4951,SALES_0004951,1408,67,362,1110,14,2024-08-02T05:51:02,3784.16
4773,SALES_0004773,1409,176,431,1116,14,2024-08-01T15:49:58,4382.7
1946,SALES_0001946,1410,117,424,1123,14,2024-07-15T05:02:15,3632.53
850,SALES_0000850,1411,130,139,1124,14,2024-08-06T12:22:14,3867.41
108,SALES_0000108,1412,47,143,1146,14,2024-07-17T17:24:28,804.97
411,SALES_0000411,1413,111,371,1161,14,2024-08-10T16:49:42,1769.38
4801,SALES_0004801,1414,49,500,1235,14,2024-08-13T13:14:13,4963.29
905,SALES_0000905,1415,162,438,1254,14,2024-07-29T19:01:07,2671.88
1242,SALES_0001242,1416,205,384,1256,14,2024-07-11T17:34:22,3468.39
2360,SALES_0002360,1417,11,124,1258,14,2024-07-31T10:47:39,1319.34
1789,SALES_0001789,1418,141,231,1263,14,2024-08-01T20:23:29,3925.09
1938,SALES_0001938,1419,204,20,1264,14,2024-08-12T06:49:48,4649.68
786,SALES_0000786,1420,81,40,1266,14,2024-07-24T21:16:34,1852.48
1967,SALES_0001967,1421,73,338,1267,14,2024-07-13T04:41:37,1046.58
4168,SALES_0004168,1422,34,404,1282,14,2024-08-05T06:24:23,1399.82
510,SALES_0000510,1423,133,90,1283,14,2024-07-26T00:50:02,3152.24
4280,SALES_0004280,1424,131,1,1307,14,2024-07-11T07:35:50,4826.73
692,SALES_0000692,1425,38,12,1316,14,2024-07-30T04:14:24,4526.02
3183,SALES_0003183,1426,197,143,1319,14,2024-08-05T23:33:54,1388.71
2019,SALES_0002019,1427,195,290,1338,14,2024-08-13T17:54:44,2129.85
872,SALES_0000872,1428,107,368,1339,14,2024-07-17T10:24:31,4749.1
4860,SALES_0004860,1429,71,376,1356,14,2024-08-08T23:16:20,4790.9
1840,SALES_0001840,1430,209,72,1380,14,2024-08-10T16:48:22,2908.91
3105,SALES_0003105,1431,139,140,1384,14,2024-07-22T08:09:07,3357.93
4410,SALES_0004410,1432,92,231,1390,14,2024-07-12T05:08:33,4923.93
504,SALES_0000504,1433,144,425,1408,14,2024-08-09T17:56:10,3917.72
2582,SALES_0002582,1434,32,456,1428,14,2024-08-04T16:57:52,2433.49
4409,SALES_0004409,1435,8,267,1430,14,2024-07-22T01:53:32,4379.38
1630,SALES_0001630,1436,38,173,1453,14,2024-07-27T06:09:34,1865.54
1802,SALES_0001802,1437,49,186,1463,14,2024-07-22T13:27:28,1867.61
2773,SALES_0002773,1438,146,180,1465,14,2024-07-24T12:37:29,2488.84
3846,SALES_0003846,1439,126,354,1468,14,2024-07-14T16:51:15,4672.46
1066,SALES_0001066,1440,181,145,1511,14,2024-08-05T20:22:10,3914.54
1007,SALES_0001007,1441,164,240,1531,14,2024-07-22T16:35:47,744.05
1478,SALES_0001478,1442,134,257,1531,14,2024-07-23T21:31:59,1799.88
3300,SALES_0003300,1443,180,387,1531,14,2024-07-14T19:01:14,3038.11
4425,SALES_0004425,1444,93,80,1538,14,2024-07-24T15:44:44,590.64
4573,SALES_0004573,1445,2,303,1565,14,2024-07-23T17:40:07,4448.62
1936,SALES_0001936,1446,119,358,1671,14,2024-08-09T18:02:38,4828.56
2789,SALES_0002789,1447,40,231,1720,14,2024-08-06T07:00:17,949.51
3646,SALES_0003646,1448,100,379,1733,14,2024-07-12T10:33:03,2986.99
3708,SALES_0003708,1449,186,415,1754,14,2024-08-11T11:47:29,3239.5
2362,SALES_0002362,1450,135,221,1779,14,2024-08-05T19:08:39,4990.58
2393,SALES_0002393,1451,158,475,1818,14,2024-08-03T07:37:47,963.14
436,SALES_0000436,1452,192,294,1872,14,2024-07-16T18:04:14,1978.71
2913,SALES_0002913,1453,169,1,1907,14,2024-07-28T13:49:55,4783.65
2969,SALES_0002969,1454,5,8,1933,14,2024-07-26T11:36:09,2288.52
4120,SALES_0004120,1455,65,320,1946,14,2024-07-19T18:13:56,2584.26
4979,SALES_0004979,1456,57,487,1964,14,2024-07-24T14:47:04,1893.86
2196,SALES_0002196,1457,167,496,1993,14,2024-07-12T15:41:18,4022.28
4916,SALES_0004916,1458,183,378,1996,14,2024-07-28T03:00:33,4935.4
4774,SALES_0004774,1459,94,492,1998,14,2024-08-12T14:01:20,4953.72
887,SALES_0000887,1460,109,479,5,15,2024-06-18T19:25:39,1180.85
4110,SALES_0004110,1461,206,247,56,15,2024-08-10T23:57:41,3577.07
1079,SALES_0001079,1462,96,188,97,15,2024-08-08T08:07:00,3629.64
2601,SALES_0002601,1463,92,107,148,15,2024-06-21T15:46:59,836.41
3211,SALES_0003211,1464,128,359,148,15,2024-07-17T17:25:54,1427.47
636,SALES_0000636,1465,105,20,170,15,2024-06-17T23:23:40,4973.22
405,SALES_0000405,1466,131,316,197,15,2024-07-04T05:52:56,3102.37
1853,SALES_0001853,1467,1,228,226,15,2024-05-27T04:33:26,1375.55
4706,SALES_0004706,1468,183,357,232,15,2024-05-29T10:26:16,2696.48
3900,SALES_0003900,1469,210,378,245,15,2024-06-12T21:05:13,2291.79
3525,SALES_0003525,1470,6,179,258,15,2024-06-28T03:37:55,3362.76
1417,SALES_0001417,1471,25,196,265,15,2024-07-19T11:07:39,504.72
1196,SALES_0001196,1472,64,154,277,15,2024-08-12T23:09:23,3807.53
3743,SALES_0003743,1473,133,216,406,15,2024-06-16T13:35:21,4989.02
1618,SALES_0001618,1474,12,177,440,15,2024-06-15T00:06:47,3372.09
1880,SALES_0001880,1475,192,325,440,15,2024-08-11T11:30:12,2216.45
4067,SALES_0004067,1476,116,87,470,15,2024-05-18T01:21:53,3470.87
2151,SALES_0002151,1477,100,215,475,15,2024-05-29T19:35:56,1442.56
2848,SALES_0002848,1478,37,302,478,15,2024-07-09T20:32:42,3275.66
3963,SALES_0003963,1479,172,457,478,15,2024-06-26T22:20:29,691.97
2549,SALES_0002549,1480,186,72,500,15,2024-07-01T15:05:12,4863.62
1434,SALES_0001434,1481,18,328,513,15,2024-08-05T23:45:35,4056.73
10,SALES_0000010,1482,3,356,540,15,2024-07-15T19:38:42,2673.58
4464,SALES_0004464,1483,204,105,561,15,2024-07-07T08:43:28,4831.39
1249,SALES_0001249,1484,23,445,574,15,2024-07-08T12:18:40,1436.69
3311,SALES_0003311,1485,144,270,583,15,2024-07-02T20:14:52,3895.01
96,SALES_0000096,1486,173,210,603,15,2024-07-24T06:42:32,4099.8
172,SALES_0000172,1487,117,194,613,15,2024-05-27T02:21:12,3161.82
1619,SALES_0001619,1488,81,343,617,15,2024-07-08T10:17:06,1027.52
2782,SALES_0002782,1489,80,74,657,15,2024-07-24T11:38:19,3964.3
2849,SALES_0002849,1490,196,300,657,15,2024-06-18T12:01:20,1408.64
2257,SALES_0002257,1491,207,4,664,15,2024-06-14T09:45:06,4407.95
789,SALES_0000789,1492,186,268,673,15,2024-05-26T16:22:21,1527.01
3843,SALES_0003843,1493,8,133,682,15,2024-07-14T07:56:40,4224.55
866,SALES_0000866,1494,10,496,701,15,2024-07-26T19:41:56,3474.3
141,SALES_0000141,1495,115,351,714,15,2024-06-09T10:43:21,1020.62
3049,SALES_0003049,1496,56,369,714,15,2024-06-30T16:07:59,2094.18
2794,SALES_0002794,1497,154,228,718,15,2024-06-08T05:38:34,4083.15
1681,SALES_0001681,1498,88,245,721,15,2024-07-19T19:16:50,4731.58
2654,SALES_0002654,1499,19,427,752,15,2024-08-07T13:10:54,1048.05
3474,SALES_0003474,1500,66,116,803,15,2024-07-08T16:45:42,712.59
2029,SALES_0002029,1501,127,34,861,15,2024-05-18T20:50:12,1063.48
3540,SALES_0003540,1502,5,174,871,15,2024-07-25T14:44:17,1371.63
97,SALES_0000097,1503,107,469,876,15,2024-07-03T03:17:45,3262.58
120,SALES_0000120,1504,130,333,891,15,2024-06-22T22:14:11,943.8
4162,SALES_0004162,1505,181,76,894,15,2024-07-18T20:39:22,3259.64
2374,SALES_0002374,1506,117,411,902,15,2024-07-17T00:50:13,2492.7
3202,SALES_0003202,1507,91,218,950,15,2024-08-01T20:03:27,2007.61
164,SALES_0000164,1508,150,252,974,15,2024-07-10T08:49:03,3624.55
1394,SALES_0001394,1509,193,329,1009,15,2024-06-25T00:52:34,2331.45
1797,SALES_0001797,1510,25,406,1046,15,2024-06-27T09:09:28,3828.91
3942,SALES_0003942,1511,134,38,1099,15,2024-07-04T03:53:43,4177.77
834,SALES_0000834,1512,150,480,1122,15,2024-06-01T06:20:51,4791.41
1020,SALES_0001020,1513,109,307,1123,15,2024-06-11T16:43:44,2845.21
2484,SALES_0002484,1514,154,494,1248,15,2024-07-03T07:08:38,4603.71
2378,SALES_0002378,1515,191,464,1263,15,2024-06-24T06:36:15,828.55
4210,SALES_0004210,1516,207,68,1272,15,2024-07-04T22:43:24,844.85
4756,SALES_0004756,1517,107,20,1275,15,2024-07-15T13:13:36,4565.83
3131,SALES_0003131,1518,38,428,1285,15,2024-08-16T08:33:18,2574.56
3327,SALES_0003327,1519,126,179,1373,15,2024-08-01T19:36:30,4780.77
1574,SALES_0001574,1520,42,6,1375,15,2024-07-19T11:03:01,565.4
1199,SALES_0001199,1521,146,359,1376,15,2024-06-25T06:59:35,3356.39
1390,SALES_0001390,1522,71,434,1386,15,2024-06-10T19:27:34,3471.38
4598,SALES_0004598,1523,83,348,1414,15,2024-05-31T22:00:15,1287.04
2012,SALES_0002012,1524,183,400,1431,15,2024-07-14T23:51:34,3512.43
4584,SALES_0004584,1525,21,113,1500,15,2024-07-08T15:07:17,2901.46
218,SALES_0000218,1526,12,500,1568,15,2024-05-28T01:34:12,2050.17
2085,SALES_0002085,1527,35,26,1569,15,2024-08-03T07:43:21,4222.51
4051,SALES_0004051,1528,87,370,1599,15,2024-06-24T18:04:07,1337.41
1895,SALES_0001895,1529,30,47,1622,15,2024-06-17T21:46:47,4339.37
163,SALES_0000163,1530,54,1,1643,15,2024-06-19T18:16:59,2310.12
966,SALES_0000966,1531,171,345,1654,15,2024-05-27T20:00:26,891.41
4709,SALES_0004709,1532,106,281,1664,15,2024-06-03T14:57:22,4902.29
4466,SALES_0004466,1533,92,105,1764,15,2024-07-15T03:23:16,2039.64
2883,SALES_0002883,1534,87,234,1772,15,2024-07-01T05:55:45,3413.63
556,SALES_0000556,1535,196,286,1830,15,2024-07-08T06:46:24,4853.81
1247,SALES_0001247,1536,6,124,1834,15,2024-06-23T13:34:40,1743.53
4569,SALES_0004569,1537,38,448,1845,15,2024-07-26T12:09:02,4582.71
1995,SALES_0001995,1538,209,362,1858,15,2024-06-20T18:42:36,2754.49
2722,SALES_0002722,1539,190,123,1866,15,2024-05-22T12:39:09,3725.79
3085,SALES_0003085,1540,70,201,1875,15,2024-06-05T05:06:13,943.24
1932,SALES_0001932,1541,210,423,1875,15,2024-06-13T19:56:04,4329.39
1653,SALES_0001653,1542,176,63,1896,15,2024-06-07T15:48:13,1654.11
391,SALES_0000391,1543,178,87,1897,15,2024-06-05T20:41:55,2204.3
1580,SALES_0001580,1544,69,491,1898,15,2024-07-21T02:55:52,2669.43
1447,SALES_0001447,1545,31,24,1900,15,2024-06-30T17:00:07,2059.52
2189,SALES_0002189,1546,133,413,1906,15,2024-05-30T22:53:50,1863.82
4058,SALES_0004058,1547,106,455,1906,15,2024-06-21T04:36:18,1287.44
3006,SALES_0003006,1548,196,4,1920,15,2024-06-06T03:46:11,3178.82
1479,SALES_0001479,1549,177,102,1925,15,2024-06-30T03:54:47,2485.67
413,SALES_0000413,1550,198,405,1932,15,2024-08-10T06:03:47,1573.43
3391,SALES_0003391,1551,13,396,1945,15,2024-05-19T22:49:41,3103.06
664,SALES_0000664,1552,127,143,1952,15,2024-05-21T19:29:35,4141.78
181,SALES_0000181,1553,20,470,1981,15,2024-06-20T19:02:49,700.35
3832,SALES_0003832,1554,57,259,29,16,2024-08-13T18:44:21,3850.9
1305,SALES_0001305,1555,175,58,50,16,2024-06-20T09:09:42,3196.29
1641,SALES_0001641,1556,91,386,55,16,2024-06-11T21:57:32,2157.7
1103,SALES_0001103,1557,27,442,81,16,2024-05-15T08:03:36,2345.44
203,SALES_0000203,1558,43,250,119,16,2024-07-16T18:11:30,2929.27
2050,SALES_0002050,1559,158,458,138,16,2024-06-04T19:28:14,4101.39
1094,SALES_0001094,1560,179,380,176,16,2024-05-05T23:24:37,1661.1
2827,SALES_0002827,1561,117,67,188,16,2024-07-12T13:20:08,1340.03
2966,SALES_0002966,1562,59,402,200,16,2024-06-28T00:28:54,2509.78
1576,SALES_0001576,1563,46,367,236,16,2024-08-06T12:20:28,4614.34
1208,SALES_0001208,1564,34,334,247,16,2024-08-13T00:09:30,4253.48
2422,SALES_0002422,1565,72,336,256,16,2024-06-17T02:48:14,3720.78
132,SALES_0000132,1566,191,495,257,16,2024-06-12T21:41:30,4546.15
653,SALES_0000653,1567,135,244,262,16,2024-06-12T17:53:35,3771.81
1483,SALES_0001483,1568,91,6,270,16,2024-06-06T08:30:51,733.67
2451,SALES_0002451,1569,125,129,278,16,2024-06-26T07:07:00,4752.91
1342,SALES_0001342,1570,12,52,323,16,2024-05-14T20:58:22,3179.43
3807,SALES_0003807,1571,75,40,372,16,2024-07-20T13:26:59,1371.41
4684,SALES_0004684,1572,182,452,385,16,2024-07-15T20:01:27,4728.53
3891,SALES_0003891,1573,210,193,463,16,2024-07-30T05:31:34,3069.76
2300,SALES_0002300,1574,18,287,480,16,2024-07-02T23:12:01,2050.28
3277,SALES_0003277,1575,114,85,485,16,2024-07-12T05:21:09,3525.48
2637,SALES_0002637,1576,129,420,488,16,2024-06-10T10:13:52,2814.61
4515,SALES_0004515,1577,164,39,511,16,2024-06-22T03:24:42,4629.09
3726,SALES_0003726,1578,84,442,513,16,2024-07-25T16:58:16,4659.87
4601,SALES_0004601,1579,94,31,538,16,2024-06-28T05:46:42,4688.39
4920,SALES_0004920,1580,159,124,625,16,2024-05-23T05:02:48,689.57
3634,SALES_0003634,1581,22,463,669,16,2024-08-12T12:57:18,721.17
4092,SALES_0004092,1582,15,369,673,16,2024-06-20T17:01:24,2901.67
1416,SALES_0001416,1583,144,237,688,16,2024-06-02T18:45:43,889.32
3983,SALES_0003983,1584,202,454,697,16,2024-08-03T07:43:12,1600.43
3877,SALES_0003877,1585,9,301,738,16,2024-05-23T12:00:27,4894.9
4137,SALES_0004137,1586,60,343,743,16,2024-06-25T09:31:01,1858.62
3949,SALES_0003949,1587,35,234,756,16,2024-06-30T05:55:28,3485.34
3219,SALES_0003219,1588,66,489,756,16,2024-08-18T00:38:34,3824.31
483,SALES_0000483,1589,51,110,770,16,2024-07-05T08:19:24,1059.69
1941,SALES_0001941,1590,23,360,840,16,2024-06-15T21:50:41,2587.25
1093,SALES_0001093,1591,146,183,853,16,2024-08-01T11:22:31,1896.25
3771,SALES_0003771,1592,107,222,876,16,2024-05-22T02:02:23,4102.9
3818,SALES_0003818,1593,113,111,882,16,2024-06-06T22:33:20,518.57
1608,SALES_0001608,1594,74,376,902,16,2024-07-18T05:35:36,2229.25
1009,SALES_0001009,1595,42,479,903,16,2024-05-14T10:33:27,1798.32
4416,SALES_0004416,1596,108,15,976,16,2024-08-10T12:05:43,766.59
482,SALES_0000482,1597,99,156,1000,16,2024-07-03T05:07:36,2351.89
3693,SALES_0003693,1598,53,77,1018,16,2024-08-07T02:17:54,2509.25
4054,SALES_0004054,1599,17,432,1033,16,2024-07-17T13:22:19,1072.69
3273,SALES_0003273,1600,208,432,1049,16,2024-08-06T12:49:48,3987.06
1373,SALES_0001373,1601,156,112,1078,16,2024-08-12T07:30:15,742.4
1049,SALES_0001049,1602,91,264,1087,16,2024-05-27T20:01:45,1380.72
3990,SALES_0003990,1603,21,288,1093,16,2024-06-22T10:19:20,4631.49
2371,SALES_0002371,1604,18,5,1108,16,2024-05-27T10:02:22,1945.1
4193,SALES_0004193,1605,140,111,1129,16,2024-07-25T05:21:02,603.69
4099,SALES_0004099,1606,83,340,1153,16,2024-07-14T06:27:04,4629.43
3945,SALES_0003945,1607,27,173,1167,16,2024-05-05T03:43:52,1334.3
1033,SALES_0001033,1608,93,117,1180,16,2024-08-16T14:08:21,1648.49
772,SALES_0000772,1609,150,234,1184,16,2024-05-26T07:39:08,4962.87
426,SALES_0000426,1610,188,178,1190,16,2024-07-27T19:12:40,1376.84
1414,SALES_0001414,1611,201,291,1203,16,2024-08-11T14:31:35,1095.18
3028,SALES_0003028,1612,70,102,1218,16,2024-05-07T02:31:20,1362.67
1665,SALES_0001665,1613,134,129,1245,16,2024-07-09T04:30:26,1720.57
4121,SALES_0004121,1614,155,8,1246,16,2024-07-22T05:51:15,3793.94
3620,SALES_0003620,1615,146,483,1346,16,2024-08-22T22:45:57,4771.99
2616,SALES_0002616,1616,209,455,1354,16,2024-08-14T07:22:05,917.17
3863,SALES_0003863,1617,71,451,1356,16,2024-05-26T18:26:13,3513.84
1230,SALES_0001230,1618,60,71,1359,16,2024-08-06T11:18:03,603.91
2138,SALES_0002138,1619,71,6,1375,16,2024-05-31T01:37:08,1776.23
67,SALES_0000067,1620,131,144,1431,16,2024-07-22T05:49:15,4386.62
4494,SALES_0004494,1621,115,59,1444,16,2024-06-23T01:15:16,1721.91
4070,SALES_0004070,1622,174,337,1516,16,2024-05-29T03:47:02,4146.93
967,SALES_0000967,1623,138,240,1528,16,2024-08-21T00:36:24,1004.2
2605,SALES_0002605,1624,126,57,1590,16,2024-07-21T14:07:54,2022.65
1468,SALES_0001468,1625,152,424,1604,16,2024-08-05T07:38:00,3020.92
347,SALES_0000347,1626,126,462,1610,16,2024-06-26T14:49:07,3617.32
2108,SALES_0002108,1627,67,325,1626,16,2024-06-30T03:09:09,4249.36
4220,SALES_0004220,1628,120,1,1649,16,2024-07-16T02:45:46,1332.9
3510,SALES_0003510,1629,108,20,1656,16,2024-07-28T05:00:37,2812.4
1664,SALES_0001664,1630,101,391,1671,16,2024-08-13T09:30:46,4424.7
4453,SALES_0004453,1631,105,153,1698,16,2024-05-13T23:28:06,4084.9
2977,SALES_0002977,1632,192,82,1700,16,2024-06-21T19:10:59,4608.68
4053,SALES_0004053,1633,84,334,1714,16,2024-05-31T16:42:26,4001.34
13,SALES_0000013,1634,20,440,1719,16,2024-08-22T19:07:55,3543.44
3890,SALES_0003890,1635,107,320,1731,16,2024-08-02T14:10:45,4027.03
2456,SALES_0002456,1636,26,483,1755,16,2024-07-28T01:11:20,861.77
4441,SALES_0004441,1637,78,302,1758,16,2024-06-02T10:47:34,698.87
3339,SALES_0003339,1638,142,152,1768,16,2024-08-09T20:57:15,972.59
4986,SALES_0004986,1639,87,430,1776,16,2024-08-13T19:34:01,1375.41
4836,SALES_0004836,1640,99,45,1800,16,2024-08-16T16:55:36,1058.19
2982,SALES_0002982,1641,73,37,1802,16,2024-06-10T00:15:23,4359.52
4084,SALES_0004084,1642,206,22,1808,16,2024-07-02T03:37:02,1675.52
2593,SALES_0002593,1643,152,305,1810,16,2024-06-04T16:40:10,2874.37
3107,SALES_0003107,1644,137,3,1883,16,2024-07-29T06:41:48,3038.97
2158,SALES_0002158,1645,145,108,1891,16,2024-08-06T06:09:51,2712.93
3571,SALES_0003571,1646,83,115,1898,16,2024-07-17T05:09:53,2149.83
4427,SALES_0004427,1647,74,173,1902,16,2024-05-26T11:38:52,4600.4
122,SALES_0000122,1648,12,274,1909,16,2024-07-28T07:03:03,3084.16
4192,SALES_0004192,1649,200,472,1910,16,2024-05-26T09:55:38,2484.19
1729,SALES_0001729,1650,99,109,1932,16,2024-05-18T18:26:40,3816.32
4714,SALES_0004714,1651,147,430,1979,16,2024-08-19T00:13:58,819.78
3910,SALES_0003910,1652,209,488,1983,16,2024-06-17T18:55:06,999.27
753,SALES_0000753,1653,164,158,18,17,2024-07-02T12:47:18,3435.42
4604,SALES_0004604,1654,58,217,63,17,2024-07-09T07:43:12,3047.78
329,SALES_0000329,1655,122,278,69,17,2024-06-19T08:49:49,4706.82
2921,SALES_0002921,1656,199,431,95,17,2024-08-13T02:57:30,3197.16
4171,SALES_0004171,1657,103,488,140,17,2024-07-17T21:39:34,4028.2
680,SALES_0000680,1658,98,102,152,17,2024-08-16T22:26:21,1055.48
4302,SALES_0004302,1659,141,434,182,17,2024-06-19T15:07:18,2659.93
2808,SALES_0002808,1660,135,217,217,17,2024-07-05T06:26:41,2935.72
578,SALES_0000578,1661,151,453,262,17,2024-06-19T13:07:38,2560.88
4404,SALES_0004404,1662,31,160,290,17,2024-08-27T14:25:13,3034.67
4335,SALES_0004335,1663,100,389,293,17,2024-06-30T12:22:16,1219.94
42,SALES_0000042,1664,193,384,294,17,2024-08-31T19:00:33,2981.09
4984,SALES_0004984,1665,172,127,332,17,2024-09-09T23:19:35,1741.91
1736,SALES_0001736,1666,156,416,343,17,2024-07-23T23:09:55,2344.79
576,SALES_0000576,1667,196,190,347,17,2024-07-20T04:35:53,2523.62
3422,SALES_0003422,1668,87,142,365,17,2024-06-16T04:34:38,4382.31
3052,SALES_0003052,1669,33,341,387,17,2024-07-31T03:48:00,2103.32
2214,SALES_0002214,1670,38,52,468,17,2024-07-22T12:07:41,3949.85
2681,SALES_0002681,1671,183,242,547,17,2024-07-09T07:21:37,2759.53
3116,SALES_0003116,1672,114,356,549,17,2024-09-13T08:38:49,3555
93,SALES_0000093,1673,64,210,550,17,2024-07-13T08:59:33,4333.07
971,SALES_0000971,1674,52,117,555,17,2024-08-18T04:33:08,4816.13
1964,SALES_0001964,1675,33,7,570,17,2024-08-04T00:15:16,4755.78
2554,SALES_0002554,1676,19,231,580,17,2024-08-27T06:25:12,2796.5
821,SALES_0000821,1677,146,452,583,17,2024-08-29T00:17:39,1555.94
26,SALES_0000026,1678,139,9,584,17,2024-09-04T20:55:04,2968
828,SALES_0000828,1679,27,28,594,17,2024-06-17T07:50:48,543.97
4361,SALES_0004361,1680,29,61,610,17,2024-08-02T15:02:55,2768.26
1463,SALES_0001463,1681,135,411,743,17,2024-08-20T08:26:33,3775.9
3656,SALES_0003656,1682,188,266,752,17,2024-07-31T11:04:36,3718.99
2339,SALES_0002339,1683,183,313,765,17,2024-07-07T07:39:04,1020.1
889,SALES_0000889,1684,106,292,767,17,2024-09-05T03:22:41,4017.08
3844,SALES_0003844,1685,65,136,795,17,2024-09-15T13:24:57,1080.51
234,SALES_0000234,1686,205,116,819,17,2024-06-29T13:42:34,4735.75
3423,SALES_0003423,1687,146,27,831,17,2024-08-28T16:13:20,679.21
3518,SALES_0003518,1688,169,376,833,17,2024-08-07T10:44:47,3201.05
3093,SALES_0003093,1689,98,20,845,17,2024-07-15T16:48:23,4797.52
4034,SALES_0004034,1690,87,200,854,17,2024-08-11T08:02:38,3538.19
1104,SALES_0001104,1691,188,339,856,17,2024-06-24T06:05:02,1044.73
999,SALES_0000999,1692,23,425,879,17,2024-08-31T15:23:20,4473.35
4334,SALES_0004334,1693,50,203,886,17,2024-07-10T21:04:18,1860.35
835,SALES_0000835,1694,24,400,899,17,2024-07-07T11:20:38,2927.93
3434,SALES_0003434,1695,145,17,922,17,2024-07-16T15:10:06,1728.47
4141,SALES_0004141,1696,2,405,929,17,2024-08-05T00:40:26,3906.81
2021,SALES_0002021,1697,190,76,957,17,2024-08-27T20:53:39,3947.85
4310,SALES_0004310,1698,159,16,967,17,2024-09-16T00:22:01,660.84
4217,SALES_0004217,1699,54,157,1004,17,2024-08-07T06:57:46,1038.46
1744,SALES_0001744,1700,191,205,1032,17,2024-08-20T01:04:46,4740.19
2326,SALES_0002326,1701,65,404,1044,17,2024-06-17T14:29:00,2430.63
4758,SALES_0004758,1702,163,49,1083,17,2024-07-01T08:11:10,2545.18
612,SALES_0000612,1703,97,309,1089,17,2024-08-09T06:41:37,4811.62
4232,SALES_0004232,1704,136,475,1132,17,2024-08-01T05:57:07,4954.12
2970,SALES_0002970,1705,84,9,1165,17,2024-09-06T14:36:44,4562.77
1616,SALES_0001616,1706,71,330,1178,17,2024-08-19T14:03:33,2399.43
4219,SALES_0004219,1707,7,265,1219,17,2024-08-13T14:51:28,3736.59
4456,SALES_0004456,1708,138,128,1227,17,2024-07-02T02:17:31,3722.8
2420,SALES_0002420,1709,133,335,1230,17,2024-07-02T10:39:31,4574.21
1443,SALES_0001443,1710,95,50,1235,17,2024-09-01T15:08:43,2743.9
3286,SALES_0003286,1711,182,285,1252,17,2024-08-08T07:44:35,4154.86
2656,SALES_0002656,1712,54,497,1278,17,2024-06-16T03:42:47,2890.99
3292,SALES_0003292,1713,59,478,1289,17,2024-07-04T16:18:52,2224.51
1426,SALES_0001426,1714,145,261,1294,17,2024-08-20T04:01:05,1850.66
1212,SALES_0001212,1715,156,484,1303,17,2024-06-19T23:10:54,2824.73
777,SALES_0000777,1716,95,304,1370,17,2024-09-02T10:11:20,3852.31
1945,SALES_0001945,1717,98,376,1385,17,2024-07-22T10:27:17,3352.47
2834,SALES_0002834,1718,155,346,1464,17,2024-08-10T13:39:59,3231.88
3907,SALES_0003907,1719,149,461,1473,17,2024-09-08T01:50:35,511.93
2044,SALES_0002044,1720,104,253,1488,17,2024-07-17T13:39:23,3362.17
4940,SALES_0004940,1721,38,240,1498,17,2024-09-01T00:46:35,3307.43
803,SALES_0000803,1722,195,76,1527,17,2024-07-05T21:03:13,1578.79
4747,SALES_0004747,1723,126,247,1534,17,2024-09-11T04:56:42,4239.46
2164,SALES_0002164,1724,124,285,1542,17,2024-07-28T22:56:30,1543.12
687,SALES_0000687,1725,187,370,1549,17,2024-07-07T10:12:29,2514.5
1210,SALES_0001210,1726,163,124,1551,17,2024-08-21T09:31:20,4224.81
775,SALES_0000775,1727,180,483,1582,17,2024-09-02T20:09:45,2307.03
169,SALES_0000169,1728,68,450,1595,17,2024-07-22T22:27:59,4596.19
4316,SALES_0004316,1729,70,370,1598,17,2024-07-28T04:17:17,2696.18
1730,SALES_0001730,1730,85,215,1615,17,2024-09-15T08:47:01,2755.9
4818,SALES_0004818,1731,86,82,1658,17,2024-08-08T07:50:58,3186.13
734,SALES_0000734,1732,86,154,1666,17,2024-08-30T15:46:17,3523.59
4223,SALES_0004223,1733,81,444,1675,17,2024-09-11T10:54:07,2444.2
565,SALES_0000565,1734,9,176,1694,17,2024-06-26T20:36:46,3090.72
516,SALES_0000516,1735,25,383,1727,17,2024-09-13T23:02:21,2197.96
3912,SALES_0003912,1736,14,184,1775,17,2024-07-20T11:17:46,522.1
4072,SALES_0004072,1737,128,26,1777,17,2024-09-03T23:18:07,2465.73
1087,SALES_0001087,1738,20,109,1793,17,2024-08-22T09:51:28,3223.33
316,SALES_0000316,1739,20,179,1806,17,2024-06-21T15:17:46,3515.37
4867,SALES_0004867,1740,179,264,1856,17,2024-07-17T05:53:10,3385.42
4384,SALES_0004384,1741,72,254,1865,17,2024-09-12T21:37:19,1236.83
981,SALES_0000981,1742,85,35,1881,17,2024-08-04T00:28:38,3374.98
1080,SALES_0001080,1743,75,389,1888,17,2024-07-27T22:50:09,3317.25
2926,SALES_0002926,1744,52,291,1922,17,2024-08-05T14:24:59,2280.28
3788,SALES_0003788,1745,6,196,1957,17,2024-08-28T12:56:00,1923.39
1437,SALES_0001437,1746,109,257,1958,17,2024-07-07T19:48:54,4060.27
3986,SALES_0003986,1747,168,369,46,18,2024-08-01T21:24:18,4511.64
978,SALES_0000978,1748,30,177,48,18,2024-09-02T18:41:16,3269.77
4928,SALES_0004928,1749,158,164,53,18,2024-09-05T16:49:55,689.09
1281,SALES_0001281,1750,42,451,56,18,2024-07-08T18:12:42,4047.63
1457,SALES_0001457,1751,31,447,63,18,2024-09-16T06:43:56,4361.23
4104,SALES_0004104,1752,51,3,91,18,2024-08-04T03:41:55,1817.35
4063,SALES_0004063,1753,81,487,148,18,2024-09-07T12:47:53,2376.2
2817,SALES_0002817,1754,52,311,153,18,2024-08-18T20:41:35,4651.28
143,SALES_0000143,1755,163,267,178,18,2024-08-22T08:05:12,4982.13
1548,SALES_0001548,1756,161,106,205,18,2024-07-31T07:41:23,1278.96
357,SALES_0000357,1757,123,445,212,18,2024-06-25T10:57:06,3802.76
7,SALES_0000007,1758,6,90,233,18,2024-07-02T21:18:14,2786.61
3905,SALES_0003905,1759,70,377,286,18,2024-09-18T09:45:02,2360.78
3505,SALES_0003505,1760,209,458,286,18,2024-09-25T08:03:52,1133.9
1423,SALES_0001423,1761,192,22,307,18,2024-09-05T12:15:09,3336.91
4828,SALES_0004828,1762,32,490,327,18,2024-09-22T04:42:44,4111.14
1217,SALES_0001217,1763,195,278,349,18,2024-08-11T14:23:54,2849.03
1292,SALES_0001292,1764,56,69,360,18,2024-06-19T10:56:00,4811.45
493,SALES_0000493,1765,12,286,410,18,2024-08-07T10:52:29,1156.64
4998,SALES_0004998,1766,144,130,430,18,2024-06-21T02:41:48,4531.94
68,SALES_0000068,1767,152,499,496,18,2024-08-27T20:19:25,3665.85
1821,SALES_0001821,1768,188,487,507,18,2024-09-11T02:52:12,840.45
4265,SALES_0004265,1769,128,315,520,18,2024-08-13T08:24:06,974.17
827,SALES_0000827,1770,103,107,524,18,2024-06-25T08:13:53,2198.01
602,SALES_0000602,1771,6,327,531,18,2024-07-18T10:49:09,4139.65
3545,SALES_0003545,1772,201,264,533,18,2024-08-15T02:50:45,1999.21
3144,SALES_0003144,1773,86,134,542,18,2024-07-26T11:34:07,4487.83
150,SALES_0000150,1774,159,206,617,18,2024-06-30T18:53:19,4364.9
3698,SALES_0003698,1775,199,173,662,18,2024-08-29T11:01:07,2025.4
668,SALES_0000668,1776,168,317,686,18,2024-08-24T15:05:50,4476.58
3605,SALES_0003605,1777,109,466,693,18,2024-06-18T13:47:27,4521.99
2442,SALES_0002442,1778,87,438,701,18,2024-07-11T08:43:56,4309.52
240,SALES_0000240,1779,68,366,709,18,2024-08-12T14:29:44,1935.18
3068,SALES_0003068,1780,47,72,735,18,2024-07-26T23:06:41,3450.04
3110,SALES_0003110,1781,94,105,740,18,2024-07-04T01:14:50,2406.97
2137,SALES_0002137,1782,145,184,741,18,2024-08-25T17:44:45,1374.65
845,SALES_0000845,1783,189,331,746,18,2024-07-31T00:55:08,3896.66
1569,SALES_0001569,1784,79,120,778,18,2024-06-25T04:49:32,3942.11
2739,SALES_0002739,1785,112,169,780,18,2024-07-02T13:04:36,4804.42
4363,SALES_0004363,1786,91,479,809,18,2024-09-25T08:19:07,3039.63
3051,SALES_0003051,1787,83,343,844,18,2024-07-22T13:47:56,3007.12
276,SALES_0000276,1788,69,393,847,18,2024-07-02T16:27:59,2450.85
189,SALES_0000189,1789,63,318,886,18,2024-09-19T23:20:34,2886.61
1224,SALES_0001224,1790,92,274,935,18,2024-06-23T13:41:24,4735.03
3230,SALES_0003230,1791,142,421,947,18,2024-09-19T22:44:50,2118.04
2025,SALES_0002025,1792,150,127,978,18,2024-08-21T01:04:32,4198.47
4383,SALES_0004383,1793,86,229,983,18,2024-07-01T10:10:31,2934.41
3914,SALES_0003914,1794,188,81,990,18,2024-07-21T02:43:27,2639.85
1318,SALES_0001318,1795,3,477,1026,18,2024-08-15T00:53:35,821.53
2123,SALES_0002123,1796,83,430,1055,18,2024-09-25T12:58:45,4517.34
2704,SALES_0002704,1797,173,480,1061,18,2024-06-24T15:12:45,3778.94
3147,SALES_0003147,1798,52,197,1079,18,2024-06-26T06:26:26,3853.15
3143,SALES_0003143,1799,119,19,1083,18,2024-08-07T11:51:05,2169.39
4971,SALES_0004971,1800,27,330,1088,18,2024-09-08T04:15:43,2755.26
284,SALES_0000284,1801,207,203,1154,18,2024-09-19T11:26:08,776.63
1141,SALES_0001141,1802,138,136,1189,18,2024-07-23T17:06:53,1492.48
3378,SALES_0003378,1803,152,5,1237,18,2024-07-27T23:43:45,4542.99
330,SALES_0000330,1804,123,359,1249,18,2024-07-23T01:34:58,3454.98
2595,SALES_0002595,1805,178,446,1258,18,2024-07-12T01:05:28,4622.23
1734,SALES_0001734,1806,159,180,1299,18,2024-09-18T14:39:21,4641.66
796,SALES_0000796,1807,32,407,1320,18,2024-09-19T10:10:49,4486.25
307,SALES_0000307,1808,140,269,1334,18,2024-08-09T02:50:09,1848.03
157,SALES_0000157,1809,120,139,1344,18,2024-06-22T18:04:39,3800.2
4111,SALES_0004111,1810,68,134,1378,18,2024-08-16T20:53:31,764.87
1843,SALES_0001843,1811,144,12,1380,18,2024-07-28T22:20:22,4735.41
1202,SALES_0001202,1812,101,349,1436,18,2024-09-17T00:56:30,1778.95
4806,SALES_0004806,1813,197,141,1444,18,2024-09-17T11:56:30,3792
3930,SALES_0003930,1814,121,191,1498,18,2024-09-09T19:43:02,4462.13
3622,SALES_0003622,1815,168,240,1503,18,2024-06-26T10:46:43,1009.07
140,SALES_0000140,1816,24,391,1512,18,2024-07-29T18:00:21,4901.14
1550,SALES_0001550,1817,30,373,1521,18,2024-08-14T16:07:15,1921.15
3267,SALES_0003267,1818,150,193,1544,18,2024-07-27T14:30:03,2644.86
1839,SALES_0001839,1819,199,171,1568,18,2024-09-03T20:23:24,2288.88
982,SALES_0000982,1820,206,496,1574,18,2024-07-14T08:52:32,4973.83
1632,SALES_0001632,1821,166,291,1604,18,2024-06-25T14:30:20,3943.89
912,SALES_0000912,1822,165,52,1614,18,2024-07-29T21:37:41,1209.95
4318,SALES_0004318,1823,45,499,1621,18,2024-06-28T12:19:36,1014.26
3645,SALES_0003645,1824,146,73,1654,18,2024-07-10T15:31:50,880.75
2385,SALES_0002385,1825,138,165,1656,18,2024-08-25T03:40:11,1672.97
1813,SALES_0001813,1826,132,365,1667,18,2024-08-14T03:14:37,3865.86
2800,SALES_0002800,1827,18,336,1726,18,2024-09-02T20:07:09,4788.53
4757,SALES_0004757,1828,163,500,1726,18,2024-07-02T09:23:44,953.96
4808,SALES_0004808,1829,44,141,1728,18,2024-09-25T06:31:41,1735.11
1905,SALES_0001905,1830,72,200,1729,18,2024-09-17T17:03:12,3587.63
1222,SALES_0001222,1831,119,302,1761,18,2024-08-11T17:58:13,1424.34
4366,SALES_0004366,1832,59,74,1865,18,2024-07-21T00:20:52,2352.94
2570,SALES_0002570,1833,8,80,1881,18,2024-09-09T22:03:57,4977.61
3614,SALES_0003614,1834,137,446,1907,18,2024-08-19T21:47:09,2172.68
2356,SALES_0002356,1835,103,159,1916,18,2024-07-20T11:15:13,2786.14
972,SALES_0000972,1836,194,115,1948,18,2024-07-29T11:22:33,827.46
1817,SALES_0001817,1837,138,480,9,19,2024-08-27T04:20:50,4870.82
3655,SALES_0003655,1838,21,186,37,19,2024-08-20T06:38:19,4369.97
3103,SALES_0003103,1839,181,43,93,19,2024-09-04T02:51:55,2529.01
392,SALES_0000392,1840,160,34,94,19,2024-09-24T22:30:49,3988.65
2144,SALES_0002144,1841,65,359,124,19,2024-09-18T02:07:47,3806.33
1771,SALES_0001771,1842,181,52,142,19,2024-09-11T08:05:15,2401.29
3553,SALES_0003553,1843,50,144,149,19,2024-09-15T08:36:42,3705.76
2056,SALES_0002056,1844,26,455,241,19,2024-09-25T04:53:46,2342.47
2668,SALES_0002668,1845,21,202,251,19,2024-08-26T07:38:35,2233.98
2036,SALES_0002036,1846,174,295,255,19,2024-09-21T17:39:33,2659.24
2705,SALES_0002705,1847,33,187,256,19,2024-09-20T20:10:30,549.49
719,SALES_0000719,1848,2,75,260,19,2024-09-07T22:24:07,856.7
3312,SALES_0003312,1849,149,35,282,19,2024-08-31T17:11:02,1600.39
511,SALES_0000511,1850,158,329,284,19,2024-09-15T21:19:45,3295.52
2028,SALES_0002028,1851,159,369,293,19,2024-09-01T21:18:21,1061.25
1679,SALES_0001679,1852,158,386,301,19,2024-09-17T00:16:52,3172.95
4968,SALES_0004968,1853,100,142,310,19,2024-09-15T13:46:49,4163.94
4491,SALES_0004491,1854,59,251,331,19,2024-09-08T06:47:34,4316.42
3674,SALES_0003674,1855,34,348,392,19,2024-09-09T04:51:56,1836.52
1784,SALES_0001784,1856,29,42,404,19,2024-08-20T08:40:58,3428.2
1777,SALES_0001777,1857,136,194,426,19,2024-09-13T15:58:49,3620.54
1536,SALES_0001536,1858,176,195,452,19,2024-08-26T12:14:58,2781.15
3864,SALES_0003864,1859,1,325,495,19,2024-08-22T14:02:39,1122.65
2825,SALES_0002825,1860,93,153,515,19,2024-08-24T06:16:18,4908.37
505,SALES_0000505,1861,123,289,516,19,2024-09-07T08:22:00,517.98
2514,SALES_0002514,1862,47,474,522,19,2024-09-23T14:24:08,3202.26
2434,SALES_0002434,1863,175,20,543,19,2024-09-01T20:11:43,3338.89
1788,SALES_0001788,1864,137,446,555,19,2024-09-06T20:40:02,787.1
5,SALES_0000005,1865,207,380,570,19,2024-08-23T22:09:16,2425.33
2406,SALES_0002406,1866,85,277,581,19,2024-09-24T01:18:27,1330.2
2916,SALES_0002916,1867,162,3,582,19,2024-09-18T05:28:33,2844.9
2411,SALES_0002411,1868,44,392,590,19,2024-09-15T13:57:05,1079.68
1278,SALES_0001278,1869,26,235,591,19,2024-08-31T04:13:30,1535.64
4772,SALES_0004772,1870,89,246,649,19,2024-09-13T18:17:19,3185.4
2049,SALES_0002049,1871,109,234,674,19,2024-09-16T02:38:23,2184.75
1747,SALES_0001747,1872,203,213,687,19,2024-09-23T09:12:00,4839.38
2054,SALES_0002054,1873,69,287,724,19,2024-09-09T02:59:46,4753.29
3041,SALES_0003041,1874,164,25,773,19,2024-09-06T13:09:00,4867.32
3610,SALES_0003610,1875,152,90,809,19,2024-09-15T04:57:15,2700.65
4376,SALES_0004376,1876,180,273,824,19,2024-09-09T18:26:38,3226.65
2929,SALES_0002929,1877,46,118,831,19,2024-08-21T14:44:16,3683.64
873,SALES_0000873,1878,18,322,894,19,2024-09-19T08:08:10,1920.95
3679,SALES_0003679,1879,137,112,922,19,2024-08-24T02:01:01,587.98
4367,SALES_0004367,1880,15,461,992,19,2024-09-08T17:13:42,2996.12
4954,SALES_0004954,1881,82,19,1038,19,2024-08-27T08:25:23,1597.7
4002,SALES_0004002,1882,126,348,1084,19,2024-09-07T16:08:20,2549.39
3590,SALES_0003590,1883,110,102,1105,19,2024-08-30T17:27:35,4884.42
4857,SALES_0004857,1884,207,165,1130,19,2024-08-23T17:23:01,4467.65
4682,SALES_0004682,1885,191,61,1133,19,2024-09-07T03:07:36,1174.01
685,SALES_0000685,1886,153,340,1154,19,2024-08-31T02:23:25,3374.32
666,SALES_0000666,1887,196,325,1157,19,2024-09-20T00:44:56,2964.46
1028,SALES_0001028,1888,120,281,1163,19,2024-08-21T09:55:50,1029.55
4169,SALES_0004169,1889,122,293,1166,19,2024-09-25T13:26:03,3775.36
337,SALES_0000337,1890,150,434,1214,19,2024-09-14T05:06:24,4474.74
3502,SALES_0003502,1891,41,244,1260,19,2024-09-06T22:45:33,3661.27
3171,SALES_0003171,1892,55,48,1320,19,2024-09-07T08:36:59,2404.07
639,SALES_0000639,1893,99,340,1357,19,2024-09-24T17:12:05,1742.47
3934,SALES_0003934,1894,132,75,1363,19,2024-09-25T07:31:02,3866.57
959,SALES_0000959,1895,194,460,1400,19,2024-09-01T18:31:07,2995.83
3723,SALES_0003723,1896,64,196,1407,19,2024-08-20T08:17:22,1290.02
4518,SALES_0004518,1897,168,251,1425,19,2024-09-15T04:35:40,3341.28
1861,SALES_0001861,1898,172,305,1452,19,2024-09-24T17:18:29,4351.71
2099,SALES_0002099,1899,122,438,1452,19,2024-09-23T19:12:25,3332.53
4575,SALES_0004575,1900,121,202,1567,19,2024-08-21T16:47:59,1723.17
1362,SALES_0001362,1901,71,110,1593,19,2024-08-25T10:28:26,1363.51
3182,SALES_0003182,1902,189,92,1600,19,2024-09-06T23:26:47,838.06
4327,SALES_0004327,1903,7,167,1604,19,2024-09-24T21:06:06,1796.77
2611,SALES_0002611,1904,16,428,1604,19,2024-09-12T21:39:26,1255.54
2185,SALES_0002185,1905,89,53,1613,19,2024-08-31T10:43:51,4951.04
1787,SALES_0001787,1906,190,226,1657,19,2024-09-13T20:59:32,669.37
176,SALES_0000176,1907,169,17,1718,19,2024-09-25T18:56:04,793.49
51,SALES_0000051,1908,18,61,1722,19,2024-09-02T23:29:33,1985.6
2652,SALES_0002652,1909,28,55,1723,19,2024-09-20T13:55:54,1460.35
4471,SALES_0004471,1910,176,229,1751,19,2024-09-09T05:36:15,2646.8
2694,SALES_0002694,1911,174,187,1758,19,2024-09-05T04:20:36,3530.32
1866,SALES_0001866,1912,85,120,1761,19,2024-08-28T07:07:10,2897.35
1593,SALES_0001593,1913,123,481,1768,19,2024-09-18T12:02:58,2670.35
1182,SALES_0001182,1914,194,247,1800,19,2024-09-23T13:09:53,1142.89
4387,SALES_0004387,1915,78,275,1808,19,2024-09-11T05:53:44,3005.91
2875,SALES_0002875,1916,19,237,1810,19,2024-09-13T19:12:52,2338.31
947,SALES_0000947,1917,64,379,1823,19,2024-08-25T14:23:44,2515.29
3019,SALES_0003019,1918,108,118,1825,19,2024-08-25T07:10:10,1268.62
3668,SALES_0003668,1919,67,311,1836,19,2024-09-12T22:32:52,2308.91
2812,SALES_0002812,1920,206,384,1910,19,2024-09-22T07:19:49,571.72
2251,SALES_0002251,1921,49,73,1940,19,2024-08-30T04:11:07,2906.08
400,SALES_0000400,1922,119,242,1947,19,2024-08-30T22:59:25,2557.97
1515,SALES_0001515,1923,209,121,1968,19,2024-08-30T08:50:47,3496.29
2402,SALES_0002402,1924,106,336,8,20,2024-09-25T13:20:24,4827.51
513,SALES_0000513,1925,56,10,39,20,2024-09-29T11:56:38,762.68
766,SALES_0000766,1926,14,323,82,20,2024-09-30T15:30:51,3935.43
1402,SALES_0001402,1927,92,495,99,20,2024-09-26T07:39:10,3145.08
2248,SALES_0002248,1928,96,169,153,20,2024-09-28T00:51:54,764.16
3810,SALES_0003810,1929,136,118,184,20,2024-09-28T07:15:04,2567.27
3830,SALES_0003830,1930,31,131,215,20,2024-09-27T11:17:31,2125.57
3465,SALES_0003465,1931,195,66,233,20,2024-09-27T23:41:26,2765.25
975,SALES_0000975,1932,13,235,236,20,2024-09-26T17:38:30,4702.42
2034,SALES_0002034,1933,184,141,237,20,2024-09-30T15:05:39,3712.92
3203,SALES_0003203,1934,154,270,263,20,2024-09-27T07:59:43,1243.61
984,SALES_0000984,1935,79,417,305,20,2024-09-25T08:28:14,3745.09
942,SALES_0000942,1936,187,346,331,20,2024-09-30T16:43:20,2574.8
851,SALES_0000851,1937,139,474,331,20,2024-09-28T03:41:02,1719.67
2976,SALES_0002976,1938,143,467,345,20,2024-09-29T20:49:15,4232.42
3532,SALES_0003532,1939,119,58,374,20,2024-09-26T22:59:36,4141.6
899,SALES_0000899,1940,157,367,378,20,2024-09-29T17:06:34,1988.13
3598,SALES_0003598,1941,108,439,380,20,2024-09-28T10:14:20,1422.28
2488,SALES_0002488,1942,161,34,494,20,2024-09-25T00:31:34,1715.72
3972,SALES_0003972,1943,44,334,495,20,2024-09-27T20:01:51,954.23
3786,SALES_0003786,1944,189,475,505,20,2024-09-26T13:29:45,1064.96
3279,SALES_0003279,1945,95,1,513,20,2024-09-27T18:48:30,644.62
1366,SALES_0001366,1946,86,425,541,20,2024-09-29T14:22:44,2054.6
87,SALES_0000087,1947,192,83,555,20,2024-09-28T13:43:25,2148.68
2927,SALES_0002927,1948,133,499,586,20,2024-09-30T01:17:10,997.04
3630,SALES_0003630,1949,23,10,590,20,2024-09-30T03:41:56,2568
3340,SALES_0003340,1950,130,150,593,20,2024-09-25T21:15:27,4906.51
2811,SALES_0002811,1951,51,200,596,20,2024-09-29T14:22:29,2600.67
341,SALES_0000341,1952,195,240,598,20,2024-09-25T12:20:24,4386.72
2233,SALES_0002233,1953,69,228,610,20,2024-09-29T06:58:49,3153.57
1433,SALES_0001433,1954,115,343,619,20,2024-09-26T07:28:04,4336.08
3903,SALES_0003903,1955,45,417,645,20,2024-09-26T01:08:13,1526.94
2453,SALES_0002453,1956,204,169,691,20,2024-09-28T15:36:17,924.74
1742,SALES_0001742,1957,186,457,696,20,2024-09-30T18:20:59,3607.54
4560,SALES_0004560,1958,140,278,711,20,2024-09-27T22:05:51,3229
250,SALES_0000250,1959,164,23,726,20,2024-09-26T02:45:05,3116.56
1276,SALES_0001276,1960,208,322,755,20,2024-09-30T15:26:30,4656.31
3366,SALES_0003366,1961,105,236,767,20,2024-09-28T06:47:05,3574.85
334,SALES_0000334,1962,78,9,834,20,2024-09-30T23:32:15,2590.19
3759,SALES_0003759,1963,49,382,872,20,2024-09-28T01:10:11,4858.85
1132,SALES_0001132,1964,50,253,898,20,2024-09-27T15:08:48,3674.58
1293,SALES_0001293,1965,150,68,909,20,2024-09-26T01:35:06,1543.57
812,SALES_0000812,1966,166,147,934,20,2024-09-30T17:28:45,3718.39
1691,SALES_0001691,1967,206,257,969,20,2024-09-28T16:42:28,4454.32
4869,SALES_0004869,1968,25,142,982,20,2024-09-29T07:20:14,1673.26
4075,SALES_0004075,1969,88,6,999,20,2024-09-25T13:09:28,3782.96
4734,SALES_0004734,1970,65,335,1008,20,2024-09-27T10:58:26,2282.71
4859,SALES_0004859,1971,65,287,1018,20,2024-09-27T01:13:19,1388.01
1844,SALES_0001844,1972,11,177,1025,20,2024-09-29T13:15:44,2581.55
2752,SALES_0002752,1973,56,139,1032,20,2024-09-29T05:18:20,4492.66
597,SALES_0000597,1974,188,403,1034,20,2024-09-26T04:19:37,1159.09
1951,SALES_0001951,1975,132,112,1051,20,2024-09-27T14:37:56,1292.89
2750,SALES_0002750,1976,177,235,1052,20,2024-09-29T02:31:41,2449.65
2118,SALES_0002118,1977,119,220,1080,20,2024-09-28T15:08:48,735.89
1032,SALES_0001032,1978,118,221,1119,20,2024-09-26T11:06:56,3381.43
269,SALES_0000269,1979,176,63,1120,20,2024-09-26T23:30:08,1386.04
4841,SALES_0004841,1980,125,171,1135,20,2024-09-26T12:59:02,3126.78
3592,SALES_0003592,1981,53,365,1147,20,2024-09-26T23:01:11,3188.59
1590,SALES_0001590,1982,4,325,1156,20,2024-09-30T17:53:21,1618.64
351,SALES_0000351,1983,203,186,1178,20,2024-09-25T18:48:22,2727.72
3993,SALES_0003993,1984,105,497,1220,20,2024-09-29T03:19:48,2217.84
3360,SALES_0003360,1985,88,214,1231,20,2024-09-29T19:19:21,511.62
3394,SALES_0003394,1986,123,445,1236,20,2024-09-28T21:06:34,2724.5
1309,SALES_0001309,1987,33,108,1268,20,2024-09-27T16:07:14,1210.67
4955,SALES_0004955,1988,174,165,1271,20,2024-09-27T22:52:29,4156.4
2649,SALES_0002649,1989,142,85,1281,20,2024-09-28T16:26:37,2765.58
2801,SALES_0002801,1990,178,128,1291,20,2024-09-29T08:17:45,817
2489,SALES_0002489,1991,27,123,1307,20,2024-09-25T17:00:13,700.65
4142,SALES_0004142,1992,44,478,1365,20,2024-09-27T12:43:31,1324.22
1857,SALES_0001857,1993,22,185,1367,20,2024-09-25T20:34:53,2883.09
2588,SALES_0002588,1994,166,41,1391,20,2024-09-29T18:32:01,2614.37
634,SALES_0000634,1995,150,172,1457,20,2024-09-29T08:56:24,3258.29
4391,SALES_0004391,1996,57,381,1459,20,2024-09-26T03:08:44,1402.68
293,SALES_0000293,1997,18,192,1477,20,2024-09-29T01:48:40,1453.33
275,SALES_0000275,1998,114,89,1483,20,2024-09-29T05:25:32,1471.65
3226,SALES_0003226,1999,100,81,1504,20,2024-09-30T06:13:56,724.15
795,SALES_0000795,2000,65,126,1508,20,2024-09-30T00:24:33,4693.01
4253,SALES_0004253,2001,103,68,1511,20,2024-09-26T01:33:18,3793.25
4396,SALES_0004396,2002,35,270,1527,20,2024-09-26T22:06:51,3559.1
1886,SALES_0001886,2003,133,351,1542,20,2024-09-25T06:54:49,561.95
3189,SALES_0003189,2004,57,276,1566,20,2024-09-25T11:38:13,4481.82
3522,SALES_0003522,2005,141,175,1598,20,2024-09-26T22:59:06,858.47
1214,SALES_0001214,2006,193,235,1616,20,2024-09-25T20:41:09,2700.08
362,SALES_0000362,2007,209,298,1620,20,2024-09-30T19:08:17,4144.17
4516,SALES_0004516,2008,49,468,1625,20,2024-09-30T01:40:45,2171.32
4863,SALES_0004863,2009,82,121,1633,20,2024-09-29T02:04:36,4617.89
4917,SALES_0004917,2010,69,110,1647,20,2024-09-28T00:51:04,3726.91
1266,SALES_0001266,2011,50,165,1659,20,2024-09-27T02:25:28,3024.47
410,SALES_0000410,2012,74,355,1668,20,2024-09-27T17:13:57,906.42
3014,SALES_0003014,2013,86,370,1668,20,2024-09-26T00:32:18,1580.48
1675,SALES_0001675,2014,142,141,1680,20,2024-09-27T02:51:44,4934.26
2918,SALES_0002918,2015,116,180,1688,20,2024-09-26T04:31:27,2376.25
1610,SALES_0001610,2016,203,9,1700,20,2024-09-28T17:54:43,2937.62
2379,SALES_0002379,2017,6,34,1713,20,2024-09-28T06:19:40,4806.99
3381,SALES_0003381,2018,44,337,1736,20,2024-09-29T02:15:04,3254.73
503,SALES_0000503,2019,105,312,1795,20,2024-09-27T08:23:29,1679.95
2767,SALES_0002767,2020,138,344,1841,20,2024-09-29T01:54:35,2705.2
3727,SALES_0003727,2021,192,286,1864,20,2024-09-30T09:03:01,610.48
1055,SALES_0001055,2022,71,255,1886,20,2024-09-26T04:16:30,4968.32
1357,SALES_0001357,2023,155,308,1895,20,2024-09-25T01:00:25,1402.08
2583,SALES_0002583,2024,142,27,1933,20,2024-09-26T22:23:18,2391.85
94,SALES_0000094,2025,13,437,1940,20,2024-09-29T12:52:12,2285.44
3359,SALES_0003359,2026,149,63,1963,20,2024-09-30T20:45:11,1480.99
2710,SALES_0002710,2027,46,69,1995,20,2024-09-26T02:53:58,4795.08
1572,SALES_0001572,2028,177,273,20,21,2024-09-17T12:29:54,793.39
1973,SALES_0001973,2029,185,405,53,21,2024-08-30T04:15:03,4051.15
869,SALES_0000869,2030,138,89,55,21,2024-08-19T13:55:03,1701.18
4345,SALES_0004345,2031,12,359,78,21,2024-08-22T15:21:24,3374.98
1686,SALES_0001686,2032,146,316,87,21,2024-09-20T16:51:56,2677.47
4572,SALES_0004572,2033,124,142,89,21,2024-08-26T03:02:59,3045.96
4086,SALES_0004086,2034,128,35,113,21,2024-08-24T07:10:40,2279.33
3982,SALES_0003982,2035,59,425,170,21,2024-09-18T14:33:43,3609.49
4889,SALES_0004889,2036,23,171,188,21,2024-09-26T12:06:55,665.02
1427,SALES_0001427,2037,51,210,201,21,2024-09-24T05:50:33,540.57
118,SALES_0000118,2038,76,257,204,21,2024-09-26T19:43:16,1163.75
1708,SALES_0001708,2039,189,44,222,21,2024-08-18T05:20:03,4780.42
4742,SALES_0004742,2040,6,344,223,21,2024-09-11T02:52:11,4752.69
4686,SALES_0004686,2041,156,208,272,21,2024-08-16T21:33:13,2542.81
1372,SALES_0001372,2042,4,3,292,21,2024-09-28T03:57:08,1780.64
617,SALES_0000617,2043,15,492,312,21,2024-09-30T08:26:30,3921.21
839,SALES_0000839,2044,24,415,339,21,2024-08-24T00:23:49,4852.74
3499,SALES_0003499,2045,178,19,354,21,2024-08-22T10:54:49,780.81
2699,SALES_0002699,2046,15,110,360,21,2024-10-02T07:06:30,4852.53
673,SALES_0000673,2047,14,117,361,21,2024-08-18T00:06:49,4444.17
2991,SALES_0002991,2048,145,346,423,21,2024-09-26T02:40:07,3935.22
3955,SALES_0003955,2049,59,209,438,21,2024-09-07T17:47:39,819.46
3343,SALES_0003343,2050,208,235,468,21,2024-08-19T01:21:37,2357.45
1845,SALES_0001845,2051,145,176,478,21,2024-09-02T00:51:54,2472.35
281,SALES_0000281,2052,202,316,481,21,2024-10-05T08:23:58,675.6
2419,SALES_0002419,2053,153,155,504,21,2024-09-12T14:18:14,4662.81
640,SALES_0000640,2054,124,198,529,21,2024-08-15T06:39:16,3718.66
490,SALES_0000490,2055,169,169,538,21,2024-09-21T07:46:35,2607.54
4634,SALES_0004634,2056,187,409,561,21,2024-10-01T09:27:52,3760.87
792,SALES_0000792,2057,180,205,562,21,2024-08-26T01:41:11,4987.52
4919,SALES_0004919,2058,48,410,578,21,2024-10-01T05:33:33,618.55
3467,SALES_0003467,2059,158,141,591,21,2024-08-29T11:21:48,4094.73
2217,SALES_0002217,2060,9,82,613,21,2024-09-30T10:29:21,2927.04
3058,SALES_0003058,2061,71,290,615,21,2024-08-24T22:32:11,4521.26
1650,SALES_0001650,2062,100,266,628,21,2024-09-18T01:21:21,3706.43
4188,SALES_0004188,2063,52,307,678,21,2024-09-01T02:01:08,4105.2
4102,SALES_0004102,2064,175,385,679,21,2024-09-16T10:25:25,933.26
1452,SALES_0001452,2065,104,277,692,21,2024-09-08T04:51:08,1292.21
1704,SALES_0001704,2066,106,245,705,21,2024-08-20T15:20:56,4394.91
4848,SALES_0004848,2067,22,356,722,21,2024-10-03T19:25:57,866.58
3583,SALES_0003583,2068,7,65,791,21,2024-09-17T06:59:17,3149.14
3683,SALES_0003683,2069,68,365,794,21,2024-09-20T09:38:37,520.99
3797,SALES_0003797,2070,158,102,864,21,2024-09-26T21:56:29,3286
2524,SALES_0002524,2071,58,82,879,21,2024-09-12T06:43:38,3569.81
1544,SALES_0001544,2072,206,337,889,21,2024-09-02T09:34:37,1408.57
1449,SALES_0001449,2073,67,173,896,21,2024-09-28T01:24:01,2083.16
407,SALES_0000407,2074,169,239,919,21,2024-08-19T16:46:07,2687.54
2209,SALES_0002209,2075,24,389,921,21,2024-08-22T09:11:45,4949.07
3129,SALES_0003129,2076,55,209,925,21,2024-09-08T17:50:52,1849.06
758,SALES_0000758,2077,74,285,964,21,2024-09-04T06:48:58,2169.97
1643,SALES_0001643,2078,76,241,979,21,2024-08-17T21:32:09,4621.24
2584,SALES_0002584,2079,65,37,992,21,2024-09-25T04:31:14,3239.55
689,SALES_0000689,2080,124,330,994,21,2024-08-18T17:04:07,4096.18
4385,SALES_0004385,2081,140,199,1010,21,2024-09-24T17:54:33,4533.4
1179,SALES_0001179,2082,172,351,1025,21,2024-09-10T14:40:29,2262.64
814,SALES_0000814,2083,22,441,1027,21,2024-09-24T08:50:30,3488.09
3199,SALES_0003199,2084,88,333,1039,21,2024-08-25T13:25:19,2596.96
4400,SALES_0004400,2085,124,86,1091,21,2024-08-29T23:20:25,3793.11
4268,SALES_0004268,2086,103,484,1122,21,2024-10-07T13:39:54,3910.52
3269,SALES_0003269,2087,199,476,1142,21,2024-10-07T08:57:33,1595.8
4470,SALES_0004470,2088,112,321,1145,21,2024-09-01T12:46:13,4512.25
3429,SALES_0003429,2089,135,109,1153,21,2024-08-20T00:22:09,4990.79
2472,SALES_0002472,2090,185,126,1183,21,2024-08-17T19:37:28,4506.33
4898,SALES_0004898,2091,14,341,1195,21,2024-10-02T12:03:54,3927.69
3140,SALES_0003140,2092,174,363,1261,21,2024-09-02T14:36:36,3536.74
3802,SALES_0003802,2093,142,331,1262,21,2024-09-11T01:17:39,2894.91
1887,SALES_0001887,2094,8,385,1355,21,2024-09-29T18:49:16,2459.12
1326,SALES_0001326,2095,47,373,1430,21,2024-08-27T09:09:43,794.2
1110,SALES_0001110,2096,135,407,1466,21,2024-08-31T17:25:55,1803.23
712,SALES_0000712,2097,94,447,1489,21,2024-09-13T00:15:31,4691.68
3216,SALES_0003216,2098,164,217,1490,21,2024-08-29T12:10:45,4633.16
4362,SALES_0004362,2099,144,146,1498,21,2024-08-16T14:07:41,2038
2186,SALES_0002186,2100,46,425,1512,21,2024-10-06T11:01:12,4699.65
856,SALES_0000856,2101,95,207,1520,21,2024-09-29T12:34:51,1226.75
4395,SALES_0004395,2102,5,341,1525,21,2024-09-25T09:38:54,4338.6
4065,SALES_0004065,2103,109,394,1544,21,2024-10-05T22:24:21,2658.14
784,SALES_0000784,2104,207,464,1559,21,2024-08-27T07:38:27,4875.03
2678,SALES_0002678,2105,146,234,1562,21,2024-09-16T05:09:33,4652.34
2947,SALES_0002947,2106,171,419,1650,21,2024-09-05T04:25:47,3413.86
917,SALES_0000917,2107,36,465,1657,21,2024-08-18T11:22:29,1799.09
2984,SALES_0002984,2108,48,45,1708,21,2024-09-20T07:20:46,1360.9
652,SALES_0000652,2109,186,42,1709,21,2024-09-17T14:06:08,2901.16
4204,SALES_0004204,2110,165,480,1760,21,2024-09-26T21:16:45,2995.25
1130,SALES_0001130,2111,133,308,1780,21,2024-09-07T18:26:31,1111.58
1859,SALES_0001859,2112,86,446,1787,21,2024-09-24T14:47:04,1810.8
2275,SALES_0002275,2113,35,72,1796,21,2024-10-02T02:46:11,1914.91
3524,SALES_0003524,2114,6,114,1815,21,2024-09-28T18:45:12,4542.04
4297,SALES_0004297,2115,17,26,1818,21,2024-08-20T11:34:52,3289.64
2076,SALES_0002076,2116,2,112,1823,21,2024-08-28T15:53:50,2708.09
2897,SALES_0002897,2117,99,210,1838,21,2024-08-27T14:35:52,726.28
4875,SALES_0004875,2118,152,175,1863,21,2024-08-23T19:26:07,3425.92
2421,SALES_0002421,2119,186,311,1863,21,2024-09-28T05:45:13,3309.87
1488,SALES_0001488,2120,1,180,1873,21,2024-09-18T15:15:09,4675.26
4485,SALES_0004485,2121,201,410,1878,21,2024-08-24T08:23:35,1794.8
2224,SALES_0002224,2122,116,282,1906,21,2024-08-24T21:26:38,2897.47
4371,SALES_0004371,2123,20,475,1909,21,2024-09-08T05:37:12,4439.13
4577,SALES_0004577,2124,94,466,1916,21,2024-08-27T09:04:39,2233.22
3666,SALES_0003666,2125,77,267,1923,21,2024-09-28T05:22:50,3095.62
3318,SALES_0003318,2126,76,316,1943,21,2024-10-03T02:20:10,1403.65
3356,SALES_0003356,2127,122,229,1984,21,2024-09-12T08:09:40,3954.04
4359,SALES_0004359,2128,72,450,1992,21,2024-08-22T05:53:54,1568.14
1874,SALES_0001874,2129,95,227,33,22,2024-05-04T21:40:19,2740.8
1882,SALES_0001882,2130,191,30,44,22,2024-06-18T06:03:12,899.49
1466,SALES_0001466,2131,201,132,64,22,2024-05-31T11:08:06,2011.32
2787,SALES_0002787,2132,154,393,105,22,2024-07-21T00:06:58,2577.98
3213,SALES_0003213,2133,49,322,131,22,2024-05-21T10:18:08,1315.77
3419,SALES_0003419,2134,200,168,147,22,2024-05-28T14:30:02,4443.54
4074,SALES_0004074,2135,24,25,151,22,2024-09-06T00:31:45,2477.48
829,SALES_0000829,2136,136,39,160,22,2024-08-30T15:23:06,3036.43
4799,SALES_0004799,2137,124,203,162,22,2024-05-12T13:09:01,3115.52
2861,SALES_0002861,2138,119,248,180,22,2024-09-13T15:49:32,3533.22
3882,SALES_0003882,2139,37,134,199,22,2024-08-13T01:56:10,4737.66
4789,SALES_0004789,2140,45,295,212,22,2024-05-03T01:21:49,3443.56
3704,SALES_0003704,2141,8,194,213,22,2024-06-17T15:52:59,2798.02
336,SALES_0000336,2142,134,249,308,22,2024-09-17T09:00:33,4860.92
3766,SALES_0003766,2143,202,17,320,22,2024-05-22T17:10:52,2086.03
720,SALES_0000720,2144,142,449,349,22,2024-09-13T19:22:55,1276.7
2243,SALES_0002243,2145,155,349,364,22,2024-06-24T12:17:03,1837.87
4212,SALES_0004212,2146,207,163,385,22,2024-09-27T16:47:33,1355.65
4240,SALES_0004240,2147,83,9,404,22,2024-04-07T21:41:25,2602.88
1516,SALES_0001516,2148,117,23,426,22,2024-05-16T13:15:57,4854.18
75,SALES_0000075,2149,96,66,450,22,2024-08-23T14:44:54,4142.42
1241,SALES_0001241,2150,166,212,464,22,2024-07-08T01:06:29,3240.37
1496,SALES_0001496,2151,69,79,466,22,2024-06-06T11:15:44,3248.35
327,SALES_0000327,2152,4,26,497,22,2024-08-02T00:30:47,1905.95
57,SALES_0000057,2153,59,409,506,22,2024-09-07T17:57:57,1744.24
1363,SALES_0001363,2154,152,18,524,22,2024-08-03T18:05:19,1254.22
179,SALES_0000179,2155,78,130,566,22,2024-05-06T07:41:15,576.58
1015,SALES_0001015,2156,23,97,573,22,2024-06-20T22:28:08,2261.85
3917,SALES_0003917,2157,86,87,615,22,2024-07-08T11:04:29,808.5
3100,SALES_0003100,2158,167,425,653,22,2024-09-23T12:58:45,3424.17
973,SALES_0000973,2159,185,356,678,22,2024-09-22T07:51:25,3443.98
1846,SALES_0001846,2160,15,87,680,22,2024-04-19T07:41:21,4706.87
3304,SALES_0003304,2161,3,72,707,22,2024-03-30T18:30:39,2152.34
3798,SALES_0003798,2162,34,101,728,22,2024-06-21T13:39:23,4185.3
3946,SALES_0003946,2163,172,321,733,22,2024-05-29T05:01:19,3928.71
3015,SALES_0003015,2164,10,9,735,22,2024-06-14T10:52:09,807.77
4365,SALES_0004365,2165,19,453,735,22,2024-09-14T20:52:49,1876.31
3960,SALES_0003960,2166,199,148,793,22,2024-06-18T21:23:22,991.89
3969,SALES_0003969,2167,162,231,802,22,2024-08-06T08:58:49,2101.93
2577,SALES_0002577,2168,52,178,840,22,2024-05-30T23:04:12,1403.4
4641,SALES_0004641,2169,115,336,861,22,2024-09-18T18:16:17,2212.14
2733,SALES_0002733,2170,75,423,872,22,2024-07-04T15:55:18,3330.21
2841,SALES_0002841,2171,116,11,875,22,2024-07-30T23:40:58,3977.33
306,SALES_0000306,2172,64,250,883,22,2024-07-18T20:36:23,4788.54
3393,SALES_0003393,2173,35,273,887,22,2024-07-02T14:10:40,4279.72
3596,SALES_0003596,2174,105,129,954,22,2024-05-12T02:29:11,3233.14
4330,SALES_0004330,2175,120,332,958,22,2024-07-25T09:08:54,4293.61
438,SALES_0000438,2176,136,125,970,22,2024-04-21T01:53:45,827.63
1325,SALES_0001325,2177,2,192,982,22,2024-04-09T03:29:15,4616.14
1555,SALES_0001555,2178,88,273,992,22,2024-09-07T04:27:16,4269.76
4390,SALES_0004390,2179,188,173,998,22,2024-03-28T16:44:47,1196.08
3563,SALES_0003563,2180,165,486,1018,22,2024-06-18T02:21:24,3747.28
1006,SALES_0001006,2181,107,73,1024,22,2024-07-25T21:02:32,3782.82
4570,SALES_0004570,2182,92,199,1025,22,2024-03-26T20:08:33,3140.24
4014,SALES_0004014,2183,189,460,1028,22,2024-10-03T15:39:45,1210.7
3168,SALES_0003168,2184,122,342,1029,22,2024-08-07T18:33:57,2131
2622,SALES_0002622,2185,19,160,1033,22,2024-09-18T10:06:56,1960.3
1842,SALES_0001842,2186,116,492,1082,22,2024-07-12T23:56:36,1313.43
4324,SALES_0004324,2187,50,450,1104,22,2024-09-29T08:59:02,4001.01
3756,SALES_0003756,2188,112,134,1162,22,2024-09-23T10:30:43,2304.72
2260,SALES_0002260,2189,175,136,1182,22,2024-06-12T08:11:31,3640.72
3252,SALES_0003252,2190,9,479,1188,22,2024-03-26T15:28:02,3128.28
1406,SALES_0001406,2191,12,142,1204,22,2024-07-13T11:00:27,4999.5
3361,SALES_0003361,2192,67,249,1204,22,2024-09-03T13:00:19,4953.91
2618,SALES_0002618,2193,206,372,1217,22,2024-05-24T06:13:44,4998.53
3549,SALES_0003549,2194,179,62,1240,22,2024-06-19T21:15:28,546.55
4349,SALES_0004349,2195,210,434,1245,22,2024-04-16T16:16:32,3286.38
3728,SALES_0003728,2196,190,493,1279,22,2024-06-15T16:24:52,4043.62
3297,SALES_0003297,2197,99,160,1297,22,2024-09-24T14:37:25,3851.17
3860,SALES_0003860,2198,17,147,1309,22,2024-06-07T07:29:27,3976.74
3833,SALES_0003833,2199,64,322,1330,22,2024-08-08T17:10:21,3546.98
1127,SALES_0001127,2200,65,119,1340,22,2024-07-10T19:14:49,1071.99
4666,SALES_0004666,2201,108,268,1414,22,2024-06-02T09:51:20,2666.73
2000,SALES_0002000,2202,97,124,1418,22,2024-06-27T16:20:49,3347.11
4127,SALES_0004127,2203,27,452,1468,22,2024-07-18T09:51:35,2778.84
2952,SALES_0002952,2204,96,483,1480,22,2024-09-23T04:54:25,2142.58
4995,SALES_0004995,2205,137,490,1498,22,2024-06-16T17:51:57,2215.74
4635,SALES_0004635,2206,69,181,1501,22,2024-09-26T09:08:15,4518.88
805,SALES_0000805,2207,66,412,1502,22,2024-06-10T03:10:59,3359.91
280,SALES_0000280,2208,82,290,1512,22,2024-05-13T04:28:28,4288.35
4252,SALES_0004252,2209,210,171,1523,22,2024-10-07T13:25:41,3859.43
2526,SALES_0002526,2210,123,452,1551,22,2024-09-18T08:44:35,4039.46
4891,SALES_0004891,2211,65,246,1566,22,2024-06-11T20:07:16,3043.64
1594,SALES_0001594,2212,203,438,1566,22,2024-06-21T21:43:06,2032.84
4455,SALES_0004455,2213,149,496,1589,22,2024-06-18T19:09:44,1978.74
1471,SALES_0001471,2214,72,236,1617,22,2024-03-24T12:10:33,4313.28
767,SALES_0000767,2215,137,444,1619,22,2024-05-19T23:10:54,1004.02
3004,SALES_0003004,2216,171,252,1624,22,2024-09-11T11:08:57,4790.66
4997,SALES_0004997,2217,202,475,1644,22,2024-06-08T07:18:14,707.52
890,SALES_0000890,2218,20,198,1652,22,2024-03-24T03:26:21,3382.29
4768,SALES_0004768,2219,109,102,1658,22,2024-04-14T23:57:47,1560.81
4040,SALES_0004040,2220,5,283,1671,22,2024-03-28T09:46:52,3961.52
3276,SALES_0003276,2221,107,11,1694,22,2024-09-03T13:57:36,3281.38
4163,SALES_0004163,2222,159,142,1702,22,2024-06-18T10:05:47,3189.94
83,SALES_0000083,2223,109,163,1743,22,2024-06-23T03:07:10,3586.45
3148,SALES_0003148,2224,138,149,1786,22,2024-09-11T10:30:58,1333.65
521,SALES_0000521,2225,18,59,1789,22,2024-05-08T23:37:00,3594.2
422,SALES_0000422,2226,28,380,1797,22,2024-05-27T04:14:40,642.44
279,SALES_0000279,2227,41,385,1842,22,2024-07-06T10:10:02,1909.25
1519,SALES_0001519,2228,131,445,1852,22,2024-05-09T06:39:10,2023.48
3776,SALES_0003776,2229,170,109,1862,22,2024-05-13T15:42:30,679.94
4041,SALES_0004041,2230,1,409,1883,22,2024-03-29T07:34:44,4005.6
557,SALES_0000557,2231,185,257,1921,22,2024-04-17T07:58:20,4217.69
429,SALES_0000429,2232,135,313,36,23,2024-04-29T13:48:59,4862.31
4740,SALES_0004740,2233,6,41,51,23,2024-05-11T02:08:12,872.39
1346,SALES_0001346,2234,210,448,128,23,2024-08-09T10:38:36,789.71
2264,SALES_0002264,2235,66,422,132,23,2024-06-14T18:42:15,4793.71
4727,SALES_0004727,2236,152,86,142,23,2024-04-24T09:29:36,3402.81
3938,SALES_0003938,2237,113,138,146,23,2024-05-29T04:08:08,3205.85
616,SALES_0000616,2238,182,105,165,23,2024-06-30T12:18:33,3345.89
1455,SALES_0001455,2239,36,480,191,23,2024-05-31T16:38:23,1671.66
3631,SALES_0003631,2240,59,498,216,23,2024-03-19T11:53:42,2497.84
1940,SALES_0001940,2241,181,50,222,23,2024-05-07T21:18:20,1478.24
4961,SALES_0004961,2242,148,222,247,23,2024-03-26T10:10:26,3128.73
4332,SALES_0004332,2243,17,193,309,23,2024-05-26T08:26:06,544.34
815,SALES_0000815,2244,1,266,352,23,2024-07-27T05:44:46,869.6
4833,SALES_0004833,2245,75,483,363,23,2024-09-19T23:12:48,3019.22
4435,SALES_0004435,2246,201,495,364,23,2024-04-24T02:48:29,857.7
3594,SALES_0003594,2247,187,360,374,23,2024-04-16T21:39:40,4137.55
2826,SALES_0002826,2248,110,321,378,23,2024-09-22T09:57:57,1253.13
3635,SALES_0003635,2249,204,37,381,23,2024-04-05T19:25:24,1030.4
858,SALES_0000858,2250,157,129,383,23,2024-05-10T06:56:55,2902.27
4991,SALES_0004991,2251,159,299,401,23,2024-03-26T02:13:19,580.52
2676,SALES_0002676,2252,80,169,418,23,2024-08-11T08:16:31,858.73
168,SALES_0000168,2253,50,67,422,23,2024-06-07T14:40:18,4000.64
4100,SALES_0004100,2254,7,293,428,23,2024-04-30T06:58:03,4799.55
1655,SALES_0001655,2255,8,264,430,23,2024-08-13T14:37:41,2551.59
2235,SALES_0002235,2256,18,396,441,23,2024-09-30T16:27:45,4415.81
226,SALES_0000226,2257,166,259,463,23,2024-08-17T19:16:08,2683.03
643,SALES_0000643,2258,59,291,489,23,2024-04-08T10:17:38,4470.07
3527,SALES_0003527,2259,90,173,496,23,2024-07-26T03:32:02,4293.74
1083,SALES_0001083,2260,169,484,550,23,2024-05-29T15:51:58,2013.1
2454,SALES_0002454,2261,189,151,556,23,2024-03-29T05:43:26,3391.13
769,SALES_0000769,2262,141,329,576,23,2024-06-06T13:45:36,2121.74
3010,SALES_0003010,2263,103,58,600,23,2024-09-06T06:17:43,4337.79
1502,SALES_0001502,2264,16,161,614,23,2024-04-02T09:30:16,1195.17
3061,SALES_0003061,2265,54,337,627,23,2024-03-01T09:35:23,3091.22
1244,SALES_0001244,2266,183,42,639,23,2024-06-05T04:42:23,4465.11
4870,SALES_0004870,2267,7,437,643,23,2024-04-12T20:37:44,543.34
1458,SALES_0001458,2268,123,264,674,23,2024-03-04T19:34:58,4234.28
2923,SALES_0002923,2269,84,368,725,23,2024-05-07T20:33:10,4122.27
2985,SALES_0002985,2270,55,426,785,23,2024-09-10T09:49:17,2035.61
3550,SALES_0003550,2271,59,144,790,23,2024-06-10T17:10:45,2717.25
3987,SALES_0003987,2272,109,491,798,23,2024-05-07T20:45:05,1719.68
1252,SALES_0001252,2273,36,351,805,23,2024-10-04T02:12:21,1675.62
627,SALES_0000627,2274,141,205,824,23,2024-03-26T01:22:42,4268.15
4438,SALES_0004438,2275,90,309,830,23,2024-06-30T00:31:06,3424.25
1391,SALES_0001391,2276,145,36,862,23,2024-06-27T02:10:39,4034.08
2496,SALES_0002496,2277,206,459,877,23,2024-10-03T20:59:51,4914.45
991,SALES_0000991,2278,73,365,879,23,2024-08-22T18:23:17,1539.15
2896,SALES_0002896,2279,163,234,900,23,2024-03-01T16:46:27,762.67
1497,SALES_0001497,2280,19,481,918,23,2024-05-27T10:32:49,3658.19
4676,SALES_0004676,2281,154,224,941,23,2024-08-25T13:09:20,3500.51
4563,SALES_0004563,2282,33,435,972,23,2024-03-17T21:06:43,1211.68
4125,SALES_0004125,2283,133,425,1011,23,2024-09-14T18:57:52,3710.28
4032,SALES_0004032,2284,102,473,1011,23,2024-03-08T06:28:00,3124.04
3457,SALES_0003457,2285,169,328,1022,23,2024-06-07T15:07:47,2863.79
2040,SALES_0002040,2286,136,448,1024,23,2024-06-01T22:35:30,2565.88
2283,SALES_0002283,2287,101,412,1079,23,2024-07-28T05:02:34,1436.96
3817,SALES_0003817,2288,152,332,1101,23,2024-09-22T12:32:40,3697.18
1283,SALES_0001283,2289,92,62,1110,23,2024-06-19T19:20:10,3779.91
4211,SALES_0004211,2290,107,194,1125,23,2024-05-31T17:48:07,3383.16
1993,SALES_0001993,2291,166,227,1125,23,2024-09-17T07:46:18,2411.54
4745,SALES_0004745,2292,22,64,1150,23,2024-03-19T19:13:24,3704.14
1347,SALES_0001347,2293,174,86,1171,23,2024-07-09T14:40:40,2520.13
963,SALES_0000963,2294,139,366,1175,23,2024-09-30T03:17:55,990.83
4303,SALES_0004303,2295,169,328,1202,23,2024-09-16T13:11:54,3052.04
2542,SALES_0002542,2296,131,24,1216,23,2024-07-07T15:25:36,752.43
3030,SALES_0003030,2297,3,447,1217,23,2024-04-29T14:09:02,3078.23
501,SALES_0000501,2298,189,305,1233,23,2024-09-04T13:35:03,3864.31
3492,SALES_0003492,2299,56,63,1320,23,2024-08-16T22:33:06,506.97
4166,SALES_0004166,2300,53,244,1339,23,2024-09-18T19:57:04,2869.06
4047,SALES_0004047,2301,206,153,1374,23,2024-06-10T15:58:04,3817.62
3409,SALES_0003409,2302,73,415,1381,23,2024-06-29T02:17:32,3889.13
4673,SALES_0004673,2303,54,144,1391,23,2024-09-11T13:02:35,2515.67
3296,SALES_0003296,2304,40,188,1426,23,2024-09-10T12:00:29,1346.64
2756,SALES_0002756,2305,173,13,1498,23,2024-05-27T18:02:54,3012.09
4276,SALES_0004276,2306,6,436,1548,23,2024-03-22T19:05:09,2885.83
1183,SALES_0001183,2307,147,416,1576,23,2024-05-19T18:55:34,1155.55
1145,SALES_0001145,2308,17,80,1601,23,2024-06-17T05:36:01,3040.65
1140,SALES_0001140,2309,127,110,1678,23,2024-06-13T10:34:43,2402.56
4589,SALES_0004589,2310,164,155,1693,23,2024-05-06T11:35:58,2810.98
1707,SALES_0001707,2311,35,479,1706,23,2024-08-30T07:11:15,4269.63
2909,SALES_0002909,2312,118,22,1710,23,2024-09-01T06:20:22,923.54
1256,SALES_0001256,2313,84,487,1726,23,2024-10-05T23:36:55,4122.14
2903,SALES_0002903,2314,1,465,1750,23,2024-08-30T09:42:51,3808.19
1702,SALES_0001702,2315,94,31,1751,23,2024-06-23T00:32:14,2036.31
4300,SALES_0004300,2316,181,453,1773,23,2024-02-27T06:23:20,3925.52
2068,SALES_0002068,2317,66,476,1784,23,2024-08-13T16:27:05,2292.63
3564,SALES_0003564,2318,55,291,1823,23,2024-04-25T03:57:03,1004.57
1255,SALES_0001255,2319,71,115,1868,23,2024-03-07T00:47:33,4950.97
2263,SALES_0002263,2320,33,250,1891,23,2024-08-31T02:23:11,1993.24
435,SALES_0000435,2321,42,255,1904,23,2024-04-01T07:01:40,3027.7
220,SALES_0000220,2322,103,264,1914,23,2024-05-05T15:34:22,899.1
3404,SALES_0003404,2323,38,264,1932,23,2024-09-14T15:09:27,727.66
629,SALES_0000629,2324,113,445,1964,23,2024-05-22T03:13:06,4022.63
1831,SALES_0001831,2325,2,459,1983,23,2024-03-11T18:04:49,3271.39
1768,SALES_0001768,2326,27,419,3,24,2024-07-10T13:30:34,2473.85
1343,SALES_0001343,2327,138,488,29,24,2024-08-18T18:58:40,2275.57
323,SALES_0000323,2328,94,144,39,24,2024-07-21T09:34:28,3548.08
2522,SALES_0002522,2329,188,277,82,24,2024-07-25T00:39:03,4403.11
853,SALES_0000853,2330,131,128,96,24,2024-08-25T05:14:09,4919.13
183,SALES_0000183,2331,44,481,134,24,2024-09-05T09:22:51,4823.58
4061,SALES_0004061,2332,31,150,136,24,2024-06-25T07:22:46,2718.96
553,SALES_0000553,2333,194,440,139,24,2024-07-30T03:15:12,2943.83
1344,SALES_0001344,2334,15,196,166,24,2024-09-24T14:45:13,2683.99
2979,SALES_0002979,2335,28,5,175,24,2024-09-02T09:11:38,3010.84
2129,SALES_0002129,2336,168,222,179,24,2024-06-23T09:07:39,2650.94
1926,SALES_0001926,2337,10,408,225,24,2024-08-19T18:48:31,3164.28
4044,SALES_0004044,2338,66,433,227,24,2024-08-22T08:30:30,4146.89
1144,SALES_0001144,2339,16,481,250,24,2024-05-28T21:27:41,4328.89
1666,SALES_0001666,2340,124,338,253,24,2024-07-09T19:04:55,2570.89
1279,SALES_0001279,2341,163,321,262,24,2024-05-29T16:26:25,3914.55
70,SALES_0000070,2342,197,23,266,24,2024-06-16T07:02:42,4821.77
4525,SALES_0004525,2343,65,130,269,24,2024-09-29T06:46:38,563.68
611,SALES_0000611,2344,123,282,310,24,2024-07-20T04:20:06,1107.93
4128,SALES_0004128,2345,75,249,316,24,2024-08-18T11:40:16,623.28
2954,SALES_0002954,2346,74,496,324,24,2024-06-10T10:46:31,1011.18
3642,SALES_0003642,2347,96,444,334,24,2024-07-15T12:29:34,1376.59
715,SALES_0000715,2348,11,143,354,24,2024-09-28T21:26:19,4070.76
1631,SALES_0001631,2349,126,37,401,24,2024-05-21T22:58:57,3901.4
3466,SALES_0003466,2350,199,314,402,24,2024-09-15T16:46:40,2521.92
1957,SALES_0001957,2351,130,489,410,24,2024-09-07T02:49:46,2480.21
1191,SALES_0001191,2352,165,201,411,24,2024-08-29T03:42:27,3126.55
2473,SALES_0002473,2353,76,285,432,24,2024-06-26T07:58:52,3720.49
4719,SALES_0004719,2354,68,184,438,24,2024-08-18T16:42:08,2423.7
4906,SALES_0004906,2355,158,182,465,24,2024-09-16T01:36:00,1899.99
1034,SALES_0001034,2356,142,276,480,24,2024-06-16T04:20:58,1674.7
3456,SALES_0003456,2357,87,191,495,24,2024-09-11T19:45:26,3674.11
415,SALES_0000415,2358,98,395,499,24,2024-07-03T14:24:53,4259.52
1820,SALES_0001820,2359,86,8,516,24,2024-05-16T10:34:23,2663.97
4502,SALES_0004502,2360,4,90,542,24,2024-05-30T02:01:26,4822.55
3611,SALES_0003611,2361,81,473,569,24,2024-05-09T17:17:37,649.19
1364,SALES_0001364,2362,42,320,571,24,2024-08-24T07:21:31,4639.9
151,SALES_0000151,2363,130,46,574,24,2024-05-30T17:30:32,3289.28
4355,SALES_0004355,2364,43,59,607,24,2024-07-03T20:17:45,1269.32
89,SALES_0000089,2365,103,386,615,24,2024-05-22T14:11:22,3594.27
1207,SALES_0001207,2366,93,164,635,24,2024-09-09T01:48:44,592.52
2004,SALES_0002004,2367,166,118,641,24,2024-09-06T10:33:35,3852
2345,SALES_0002345,2368,208,110,648,24,2024-06-10T03:44:05,2076.53
1779,SALES_0001779,2369,191,275,659,24,2024-08-11T18:48:22,1803.79
621,SALES_0000621,2370,152,162,695,24,2024-07-15T14:08:31,1765.86
2231,SALES_0002231,2371,84,278,697,24,2024-06-14T06:01:05,4899.79
2483,SALES_0002483,2372,189,414,720,24,2024-08-21T13:52:45,4302.44
3446,SALES_0003446,2373,160,417,750,24,2024-05-24T16:58:34,4790.44
1714,SALES_0001714,2374,64,422,750,24,2024-05-21T00:13:15,2525.6
4475,SALES_0004475,2375,40,90,755,24,2024-06-08T01:49:58,2906.63
4094,SALES_0004094,2376,134,55,776,24,2024-06-17T21:31:28,3081.37
2769,SALES_0002769,2377,184,353,781,24,2024-05-27T01:17:00,2815.37
1231,SALES_0001231,2378,186,192,820,24,2024-06-18T15:01:47,4289.7
4950,SALES_0004950,2379,109,298,840,24,2024-10-14T22:09:02,3310.26
1173,SALES_0001173,2380,55,81,845,24,2024-05-25T02:52:59,3279.48
86,SALES_0000086,2381,181,293,880,24,2024-05-14T19:19:30,3392.26
3024,SALES_0003024,2382,190,440,954,24,2024-07-18T05:29:30,3423.06
4746,SALES_0004746,2383,59,363,961,24,2024-06-16T14:35:59,1281.22
4159,SALES_0004159,2384,33,210,967,24,2024-08-01T09:13:42,746.51
4590,SALES_0004590,2385,161,172,979,24,2024-05-17T14:36:27,4309.05
3836,SALES_0003836,2386,46,9,992,24,2024-07-09T20:43:03,4905.78
3880,SALES_0003880,2387,135,178,1012,24,2024-06-19T06:53:05,876.32
1879,SALES_0001879,2388,75,197,1014,24,2024-06-21T18:18:39,624.04
2807,SALES_0002807,2389,52,277,1023,24,2024-06-01T08:16:05,4069.17
1922,SALES_0001922,2390,125,266,1076,24,2024-08-09T16:43:59,1330.33
4993,SALES_0004993,2391,177,57,1100,24,2024-07-17T09:04:44,4432.41
3722,SALES_0003722,2392,170,162,1114,24,2024-08-15T00:57:39,3851.03
417,SALES_0000417,2393,159,191,1174,24,2024-09-01T19:35:31,1910.85
3261,SALES_0003261,2394,90,223,1182,24,2024-07-09T16:54:04,4778.14
4255,SALES_0004255,2395,193,366,1185,24,2024-09-24T13:23:40,797.3
4082,SALES_0004082,2396,54,103,1243,24,2024-08-19T13:30:39,4143.9
1935,SALES_0001935,2397,41,297,1259,24,2024-06-01T16:15:36,2020.4
3831,SALES_0003831,2398,194,499,1274,24,2024-09-21T21:20:25,4943.53
2891,SALES_0002891,2399,83,437,1302,24,2024-07-27T14:36:50,2005.84
4274,SALES_0004274,2400,139,372,1308,24,2024-09-07T01:49:34,1582.08
3962,SALES_0003962,2401,156,49,1317,24,2024-05-31T08:57:44,2923.24
596,SALES_0000596,2402,131,342,1365,24,2024-06-16T17:23:06,3510.69
1151,SALES_0001151,2403,112,319,1367,24,2024-09-15T04:53:26,4523.36
1380,SALES_0001380,2404,106,345,1392,24,2024-06-01T01:19:58,4041.41
4417,SALES_0004417,2405,166,130,1407,24,2024-09-23T21:29:36,4282.38
3027,SALES_0003027,2406,65,318,1432,24,2024-05-12T08:22:00,3046.67
1690,SALES_0001690,2407,115,317,1483,24,2024-07-28T06:18:26,3631.46
489,SALES_0000489,2408,194,480,1491,24,2024-05-21T23:30:49,3958.42
434,SALES_0000434,2409,108,479,1516,24,2024-09-19T17:46:39,3500.95
4548,SALES_0004548,2410,42,145,1542,24,2024-10-12T17:09:54,4411.03
3804,SALES_0003804,2411,66,373,1544,24,2024-09-02T21:36:22,1557.43
4022,SALES_0004022,2412,76,228,1556,24,2024-07-09T12:55:47,1837.82
1651,SALES_0001651,2413,141,372,1565,24,2024-06-21T19:19:53,4853.54
3369,SALES_0003369,2414,111,160,1569,24,2024-10-04T07:37:34,2399.14
1268,SALES_0001268,2415,23,345,1610,24,2024-10-15T17:13:48,2993.12
3978,SALES_0003978,2416,164,436,1627,24,2024-10-01T10:30:35,4772.55
419,SALES_0000419,2417,15,317,1659,24,2024-08-18T12:40:16,4894.21
4167,SALES_0004167,2418,52,487,1681,24,2024-08-06T21:21:17,2170.61
1520,SALES_0001520,2419,177,226,1704,24,2024-08-14T01:53:35,4305.69
879,SALES_0000879,2420,182,352,1705,24,2024-08-13T08:12:43,1913.66
1553,SALES_0001553,2421,153,46,1708,24,2024-07-10T17:49:42,1546.02
342,SALES_0000342,2422,51,481,1717,24,2024-05-19T14:38:37,1745
3433,SALES_0003433,2423,38,298,1748,24,2024-08-13T14:17:33,4258.57
3529,SALES_0003529,2424,166,377,1751,24,2024-09-30T21:59:58,2904.07
2572,SALES_0002572,2425,26,160,1781,24,2024-05-18T03:11:10,1420.33
3584,SALES_0003584,2426,62,233,1805,24,2024-06-22T15:18:00,975.77
4201,SALES_0004201,2427,29,344,1810,24,2024-08-15T04:02:27,1310.56
4669,SALES_0004669,2428,71,155,1857,24,2024-08-02T07:00:08,1380.57
4694,SALES_0004694,2429,54,138,1984,24,2024-06-29T17:01:25,1686.53
3734,SALES_0003734,2430,58,216,1986,24,2024-06-03T04:19:15,4199.43
2938,SALES_0002938,2431,188,282,39,25,2024-08-22T18:50:48,1803.58
4552,SALES_0004552,2432,166,226,48,25,2024-09-20T18:23:37,1686.81
4244,SALES_0004244,2433,66,422,56,25,2024-08-29T08:26:43,1962.17
3648,SALES_0003648,2434,138,38,115,25,2024-10-05T13:15:05,4461.94
3904,SALES_0003904,2435,164,425,122,25,2024-10-14T18:06:06,3244.83
3901,SALES_0003901,2436,162,481,132,25,2024-10-14T13:31:23,4002.1
2935,SALES_0002935,2437,164,384,138,25,2024-10-04T01:14:22,3876.2
3710,SALES_0003710,2438,64,397,167,25,2024-09-11T07:21:02,1949.84
996,SALES_0000996,2439,31,4,168,25,2024-08-05T06:10:24,3629.78
4114,SALES_0004114,2440,177,98,180,25,2024-08-05T07:21:05,2292.24
3155,SALES_0003155,2441,66,497,196,25,2024-07-17T11:24:31,3483.64
3481,SALES_0003481,2442,42,320,202,25,2024-10-11T00:59:06,3717.11
2210,SALES_0002210,2443,17,298,216,25,2024-07-18T20:59:33,590.02
1662,SALES_0001662,2444,32,289,218,25,2024-10-08T05:07:04,4069.34
3322,SALES_0003322,2445,208,470,223,25,2024-09-03T02:43:03,1189.56
2720,SALES_0002720,2446,116,138,257,25,2024-09-17T02:44:49,3045.43
2504,SALES_0002504,2447,106,28,276,25,2024-10-02T14:43:52,4406.71
4625,SALES_0004625,2448,99,106,310,25,2024-09-29T07:12:12,3149.12
4071,SALES_0004071,2449,176,164,310,25,2024-08-27T23:24:34,2596.44
1579,SALES_0001579,2450,120,159,363,25,2024-10-10T02:56:45,4808.54
470,SALES_0000470,2451,135,333,396,25,2024-08-25T13:50:53,3788.15
3805,SALES_0003805,2452,153,325,405,25,2024-08-20T14:18:40,3939.37
2111,SALES_0002111,2453,16,71,418,25,2024-09-04T12:11:32,4107.11
4064,SALES_0004064,2454,168,479,428,25,2024-10-09T21:00:29,4230.77
3947,SALES_0003947,2455,182,314,483,25,2024-10-09T09:32:50,4939.54
4793,SALES_0004793,2456,44,151,503,25,2024-08-28T22:46:26,1019.96
4375,SALES_0004375,2457,197,266,544,25,2024-07-18T00:45:22,641.31
3186,SALES_0003186,2458,51,200,576,25,2024-07-19T21:26:48,3523.78
2911,SALES_0002911,2459,123,26,582,25,2024-07-19T21:23:59,3866.02
574,SALES_0000574,2460,153,316,601,25,2024-08-16T03:44:36,2747.37
3036,SALES_0003036,2461,194,59,608,25,2024-07-14T02:38:47,4124.26
4109,SALES_0004109,2462,150,51,653,25,2024-08-14T11:16:31,2790.73
1949,SALES_0001949,2463,71,121,698,25,2024-08-11T18:07:12,523.4
1865,SALES_0001865,2464,9,410,721,25,2024-07-19T00:57:40,902.12
3755,SALES_0003755,2465,43,433,807,25,2024-07-21T08:28:55,1173.9
182,SALES_0000182,2466,48,319,810,25,2024-10-10T01:50:29,3931.55
3370,SALES_0003370,2467,88,25,860,25,2024-09-09T04:30:19,1325.58
2608,SALES_0002608,2468,82,426,882,25,2024-07-29T20:33:20,831.01
526,SALES_0000526,2469,105,209,883,25,2024-08-19T02:55:24,4030.66
3088,SALES_0003088,2470,190,229,887,25,2024-09-24T00:52:00,4178.97
3305,SALES_0003305,2471,100,348,985,25,2024-08-21T17:51:15,1079.49
3212,SALES_0003212,2472,170,373,1027,25,2024-09-21T12:23:39,967.93
3461,SALES_0003461,2473,87,67,1040,25,2024-09-07T14:23:58,4152.1
519,SALES_0000519,2474,4,93,1063,25,2024-08-10T12:34:26,1499.23
965,SALES_0000965,2475,130,320,1071,25,2024-08-19T04:57:22,860.62
2443,SALES_0002443,2476,126,150,1086,25,2024-07-21T13:14:43,4589.7
1791,SALES_0001791,2477,7,246,1086,25,2024-07-30T02:11:10,3784.98
4907,SALES_0004907,2478,140,236,1096,25,2024-08-13T21:28:14,2069.43
539,SALES_0000539,2479,69,60,1103,25,2024-09-24T09:36:25,1392.39
313,SALES_0000313,2480,148,331,1125,25,2024-09-11T01:36:24,2319.77
2418,SALES_0002418,2481,194,317,1132,25,2024-10-08T21:00:40,2779.64
3576,SALES_0003576,2482,144,170,1154,25,2024-09-06T14:08:47,3405.09
1598,SALES_0001598,2483,65,282,1167,25,2024-09-29T12:27:18,1216.66
319,SALES_0000319,2484,28,226,1170,25,2024-09-19T17:43:14,1287.24
1425,SALES_0001425,2485,142,379,1190,25,2024-07-14T07:55:36,4683.07
862,SALES_0000862,2486,27,219,1195,25,2024-08-03T08:37:47,2634.28
1798,SALES_0001798,2487,133,418,1221,25,2024-08-10T21:17:53,4103.15
1538,SALES_0001538,2488,18,489,1335,25,2024-09-30T21:46:13,2098.46
614,SALES_0000614,2489,67,190,1349,25,2024-08-19T05:21:17,3093.15
1445,SALES_0001445,2490,109,302,1362,25,2024-10-04T13:13:53,1398.36
934,SALES_0000934,2491,50,276,1385,25,2024-08-29T18:41:48,1041.24
2792,SALES_0002792,2492,61,211,1434,25,2024-07-25T05:33:52,4495.99
3572,SALES_0003572,2493,4,245,1467,25,2024-08-17T04:19:33,3372.8
857,SALES_0000857,2494,114,31,1469,25,2024-10-21T10:26:57,3716.9
1331,SALES_0001331,2495,38,109,1508,25,2024-10-14T14:39:28,2929.03
2760,SALES_0002760,2496,10,385,1512,25,2024-10-16T15:42:48,4847.95
2467,SALES_0002467,2497,122,50,1521,25,2024-07-22T20:23:59,528.88
2884,SALES_0002884,2498,95,384,1540,25,2024-09-15T20:45:53,3977.63
3793,SALES_0003793,2499,15,229,1554,25,2024-08-09T23:38:58,4007.34
2168,SALES_0002168,2500,79,73,1571,25,2024-08-18T16:57:28,2755.8
4583,SALES_0004583,2501,29,322,1639,25,2024-07-14T02:53:34,4915.42
686,SALES_0000686,2502,186,56,1654,25,2024-08-10T16:35:21,4517.75
4261,SALES_0004261,2503,99,431,1662,25,2024-09-29T09:13:03,4396.74
3560,SALES_0003560,2504,210,364,1710,25,2024-07-21T21:30:46,2002.84
4393,SALES_0004393,2505,151,71,1727,25,2024-09-15T19:17:20,813.56
3591,SALES_0003591,2506,52,165,1743,25,2024-09-06T05:54:12,765.39
1794,SALES_0001794,2507,177,446,1749,25,2024-09-15T18:33:12,557.19
322,SALES_0000322,2508,105,278,1784,25,2024-10-22T22:54:09,4133.28
1393,SALES_0001393,2509,74,99,1819,25,2024-07-29T12:43:26,605.18
1541,SALES_0001541,2510,170,495,1841,25,2024-08-17T11:20:51,1084.78
3124,SALES_0003124,2511,170,120,1854,25,2024-09-19T07:02:17,4990.14
798,SALES_0000798,2512,114,46,1885,25,2024-09-07T19:20:30,2997.03
508,SALES_0000508,2513,127,66,1922,25,2024-10-06T01:49:58,4687.95
930,SALES_0000930,2514,196,440,1926,25,2024-10-11T17:52:29,4195.25
3060,SALES_0003060,2515,195,278,1952,25,2024-08-21T08:11:33,4220.32
2304,SALES_0002304,2516,98,97,52,26,2024-09-02T16:11:54,3053
423,SALES_0000423,2517,80,64,62,26,2024-06-27T15:52:20,3366.24
2141,SALES_0002141,2518,79,439,63,26,2024-07-26T06:39:13,1961.73
4944,SALES_0004944,2519,174,136,65,26,2024-10-23T09:29:37,1470.96
4852,SALES_0004852,2520,179,476,65,26,2024-07-02T21:20:12,1092.77
3897,SALES_0003897,2521,151,333,88,26,2024-06-17T22:52:38,1535.92
3799,SALES_0003799,2522,174,217,94,26,2024-10-12T04:59:51,1794.2
3059,SALES_0003059,2523,7,347,121,26,2024-10-02T07:24:56,3384.32
535,SALES_0000535,2524,172,296,127,26,2024-10-02T05:14:46,2113.59
2879,SALES_0002879,2525,104,58,142,26,2024-09-20T19:20:39,4974.45
4050,SALES_0004050,2526,116,183,176,26,2024-09-13T22:07:47,718.87
2244,SALES_0002244,2527,204,212,182,26,2024-06-17T20:28:39,3952.85
2145,SALES_0002145,2528,186,342,182,26,2024-08-06T18:44:37,2403.34
3908,SALES_0003908,2529,205,268,197,26,2024-08-20T23:59:22,3025.86
3641,SALES_0003641,2530,18,431,221,26,2024-08-24T18:50:55,871.71
3427,SALES_0003427,2531,148,86,247,26,2024-06-12T10:43:11,4475.84
2468,SALES_0002468,2532,63,124,248,26,2024-08-24T05:07:28,1936.87
39,SALES_0000039,2533,36,346,254,26,2024-09-16T12:09:46,3162.89
4392,SALES_0004392,2534,85,339,261,26,2024-06-21T19:24:33,4412.47
532,SALES_0000532,2535,31,451,292,26,2024-08-24T18:16:56,1363.76
3270,SALES_0003270,2536,168,57,293,26,2024-07-17T21:16:19,1737.24
1990,SALES_0001990,2537,50,51,328,26,2024-09-01T03:43:42,4157.14
4320,SALES_0004320,2538,203,239,332,26,2024-08-23T12:04:16,4317.9
4474,SALES_0004474,2539,160,223,395,26,2024-08-14T17:44:09,2722.4
1370,SALES_0001370,2540,194,345,419,26,2024-06-12T12:44:48,4808.65
3198,SALES_0003198,2541,41,205,467,26,2024-06-28T05:28:37,4277.29
3586,SALES_0003586,2542,93,60,474,26,2024-08-07T02:46:48,2598.96
3561,SALES_0003561,2543,208,87,503,26,2024-07-31T20:23:02,1108.53
694,SALES_0000694,2544,162,472,521,26,2024-06-16T14:07:32,2002.84
2829,SALES_0002829,2545,21,145,526,26,2024-09-15T10:21:18,2934.64
1683,SALES_0001683,2546,182,414,555,26,2024-10-23T21:17:11,4713.57
3984,SALES_0003984,2547,191,290,557,26,2024-06-21T09:21:37,3488.5
2205,SALES_0002205,2548,64,497,575,26,2024-07-01T04:45:23,2664.25
2957,SALES_0002957,2549,140,251,588,26,2024-06-21T03:37:22,2368.45
1977,SALES_0001977,2550,38,123,623,26,2024-08-21T11:42:07,3033.52
4080,SALES_0004080,2551,40,345,623,26,2024-09-12T00:07:51,2310.28
1324,SALES_0001324,2552,190,330,638,26,2024-09-11T05:24:16,3120.41
3758,SALES_0003758,2553,91,417,695,26,2024-06-27T21:08:10,4114.05
1387,SALES_0001387,2554,97,477,718,26,2024-08-18T19:49:36,3552.7
3078,SALES_0003078,2555,33,326,723,26,2024-07-18T20:56:48,3966.21
4242,SALES_0004242,2556,95,194,732,26,2024-08-23T01:38:49,3548.25
3468,SALES_0003468,2557,192,483,758,26,2024-06-25T19:42:37,2986.5
3928,SALES_0003928,2558,22,111,838,26,2024-08-05T03:57:17,2857.32
1524,SALES_0001524,2559,135,277,873,26,2024-06-15T22:43:55,2803.07
731,SALES_0000731,2560,144,499,882,26,2024-06-29T23:29:55,3436.64
690,SALES_0000690,2561,59,246,890,26,2024-07-24T14:51:51,3779.97
703,SALES_0000703,2562,185,148,940,26,2024-10-05T23:35:55,4389.16
3667,SALES_0003667,2563,75,70,999,26,2024-09-06T05:50:13,1368.96
219,SALES_0000219,2564,139,384,1007,26,2024-09-25T04:18:30,4433.08
1474,SALES_0001474,2565,169,363,1036,26,2024-07-30T00:30:46,785.53
3204,SALES_0003204,2566,159,151,1068,26,2024-10-18T20:39:59,4511.7
3814,SALES_0003814,2567,118,428,1082,26,2024-08-01T21:46:08,1661.06
3781,SALES_0003781,2568,154,378,1097,26,2024-08-17T15:11:37,2938.2
1692,SALES_0001692,2569,3,242,1099,26,2024-07-18T23:49:22,4801.16
2030,SALES_0002030,2570,175,154,1103,26,2024-09-29T10:07:00,4923.91
3665,SALES_0003665,2571,167,298,1113,26,2024-06-27T20:45:26,4880
2061,SALES_0002061,2572,78,186,1121,26,2024-09-17T15:58:01,1931.17
148,SALES_0000148,2573,84,279,1130,26,2024-10-15T05:05:29,822.05
2291,SALES_0002291,2574,114,105,1158,26,2024-06-18T05:57:53,1998.2
2951,SALES_0002951,2575,115,254,1165,26,2024-09-07T10:35:58,2794.69
4106,SALES_0004106,2576,162,365,1192,26,2024-08-26T21:52:48,1300.8
1175,SALES_0001175,2577,178,173,1202,26,2024-07-04T10:32:40,4370.31
1054,SALES_0001054,2578,154,193,1219,26,2024-08-13T15:57:23,3219.84
1910,SALES_0001910,2579,100,45,1266,26,2024-09-17T22:24:48,3778.9
4023,SALES_0004023,2580,108,345,1286,26,2024-07-08T18:30:24,2090.34
1919,SALES_0001919,2581,87,362,1311,26,2024-06-19T11:46:38,2126.13
1495,SALES_0001495,2582,57,302,1321,26,2024-10-02T15:06:59,1914.35
3386,SALES_0003386,2583,5,470,1329,26,2024-06-14T00:04:57,3872.18
3757,SALES_0003757,2584,23,483,1346,26,2024-07-25T22:30:41,1551.85
1731,SALES_0001731,2585,100,93,1386,26,2024-08-22T07:35:24,3819.71
4924,SALES_0004924,2586,55,314,1412,26,2024-10-02T22:36:10,3649.98
4812,SALES_0004812,2587,111,375,1447,26,2024-07-16T21:46:37,4731.11
282,SALES_0000282,2588,75,39,1452,26,2024-06-14T22:34:09,1278.79
943,SALES_0000943,2589,9,441,1516,26,2024-08-24T09:15:56,2441.95
4443,SALES_0004443,2590,46,92,1548,26,2024-06-20T17:54:06,504.55
2312,SALES_0002312,2591,195,486,1601,26,2024-10-23T20:58:47,4616.11
2965,SALES_0002965,2592,136,325,1621,26,2024-08-05T23:17:42,618.91
4526,SALES_0004526,2593,23,372,1625,26,2024-08-23T12:26:01,678.91
4357,SALES_0004357,2594,44,428,1644,26,2024-07-13T08:03:55,4022.6
4894,SALES_0004894,2595,55,349,1652,26,2024-10-21T16:46:14,1272.92
173,SALES_0000173,2596,134,443,1660,26,2024-08-31T01:24:20,4057.07
4148,SALES_0004148,2597,3,151,1668,26,2024-06-13T02:32:27,3681.02
2793,SALES_0002793,2598,88,275,1709,26,2024-09-19T06:54:11,1585.89
285,SALES_0000285,2599,185,97,1723,26,2024-09-05T08:49:59,4151.25
3075,SALES_0003075,2600,155,56,1749,26,2024-07-21T01:04:00,1977.49
4614,SALES_0004614,2601,57,127,1777,26,2024-08-27T09:30:31,4457.03
1431,SALES_0001431,2602,183,429,1783,26,2024-08-22T20:12:11,4881.45
2071,SALES_0002071,2603,99,289,1814,26,2024-09-24T02:16:32,2608.64
3099,SALES_0003099,2604,61,441,1830,26,2024-08-19T08:37:32,4419.16
1485,SALES_0001485,2605,116,209,1832,26,2024-07-14T08:54:13,2592.57
253,SALES_0000253,2606,161,430,1859,26,2024-07-30T03:36:01,2670.71
4191,SALES_0004191,2607,137,453,1876,26,2024-10-09T15:53:52,1579.81
2391,SALES_0002391,2608,87,128,1892,26,2024-07-07T06:09:34,2560.8
3628,SALES_0003628,2609,34,105,1906,26,2024-08-17T20:51:52,4592.87
222,SALES_0000222,2610,57,245,1963,26,2024-06-16T07:52:03,3179.53
1599,SALES_0001599,2611,169,137,1974,26,2024-09-10T11:04:08,1292.07
2783,SALES_0002783,2612,123,273,20,27,2024-08-15T20:00:28,2057.52
2655,SALES_0002655,2613,181,131,40,27,2024-07-23T08:10:09,2013.11
77,SALES_0000077,2614,13,45,54,27,2024-07-26T22:56:40,1808.32
1476,SALES_0001476,2615,174,53,64,27,2024-08-23T19:46:18,974.66
3658,SALES_0003658,2616,135,332,126,27,2024-09-22T23:08:20,2729.6
1823,SALES_0001823,2617,204,120,154,27,2024-09-12T00:02:34,2932.78
2858,SALES_0002858,2618,86,267,221,27,2024-06-30T22:44:06,4308.69
790,SALES_0000790,2619,11,466,273,27,2024-08-17T10:47:12,1459.41
2729,SALES_0002729,2620,151,201,277,27,2024-07-15T09:50:09,4712.35
2746,SALES_0002746,2621,195,237,289,27,2024-10-09T07:21:34,2642.08
3806,SALES_0003806,2622,14,491,300,27,2024-07-11T02:10:49,2955.12
2124,SALES_0002124,2623,9,135,304,27,2024-09-03T13:52:11,2777.96
771,SALES_0000771,2624,124,438,307,27,2024-09-18T09:41:04,4229.73
927,SALES_0000927,2625,92,273,312,27,2024-08-24T00:18:11,1771.75
2544,SALES_0002544,2626,46,387,353,27,2024-08-03T16:22:09,2255.5
1623,SALES_0001623,2627,67,200,379,27,2024-07-25T00:47:15,3516.01
1499,SALES_0001499,2628,167,13,400,27,2024-09-08T05:48:05,4114.69
1706,SALES_0001706,2629,110,144,400,27,2024-06-27T00:39:13,4105.94
4813,SALES_0004813,2630,94,469,402,27,2024-08-22T03:02:47,1797.37
2384,SALES_0002384,2631,139,290,421,27,2024-08-22T12:22:09,1435.67
2535,SALES_0002535,2632,85,172,467,27,2024-08-14T19:57:33,692.38
1566,SALES_0001566,2633,60,324,473,27,2024-09-10T02:22:40,2939.94
262,SALES_0000262,2634,23,271,484,27,2024-07-12T10:57:18,2400.34
1143,SALES_0001143,2635,117,146,511,27,2024-07-20T13:22:18,735.93
1353,SALES_0001353,2636,93,383,574,27,2024-08-22T00:20:41,563.29
3714,SALES_0003714,2637,94,378,604,27,2024-08-01T17:51:04,1846.66
976,SALES_0000976,2638,130,499,610,27,2024-09-04T19:15:07,4732.76
3913,SALES_0003913,2639,198,426,615,27,2024-08-29T06:18:08,2145.26
1981,SALES_0001981,2640,135,127,624,27,2024-07-02T20:35:35,2648.64
3418,SALES_0003418,2641,175,384,627,27,2024-07-26T09:07:58,4082.65
4763,SALES_0004763,2642,158,17,642,27,2024-10-07T00:19:39,4904.16
3873,SALES_0003873,2643,27,375,692,27,2024-08-07T08:26:53,3455.74
1176,SALES_0001176,2644,61,406,706,27,2024-09-15T07:10:10,3101.76
1852,SALES_0001852,2645,11,400,741,27,2024-09-14T10:08:51,3920.8
2629,SALES_0002629,2646,173,422,759,27,2024-09-15T15:21:56,2282.16
3690,SALES_0003690,2647,188,455,814,27,2024-07-08T12:32:54,617.63
824,SALES_0000824,2648,186,16,818,27,2024-09-26T00:42:46,870.61
2561,SALES_0002561,2649,199,178,886,27,2024-08-14T05:08:41,2432.11
2094,SALES_0002094,2650,46,134,896,27,2024-09-13T22:47:47,2706.55
2980,SALES_0002980,2651,103,367,898,27,2024-07-08T22:47:48,1720.69
2477,SALES_0002477,2652,193,445,926,27,2024-07-17T08:32:15,2958.16
3859,SALES_0003859,2653,18,183,932,27,2024-07-17T11:50:53,4786.46
525,SALES_0000525,2654,6,422,1038,27,2024-07-19T08:40:06,3186.16
2122,SALES_0002122,2655,96,494,1041,27,2024-08-06T10:42:37,4117.66
2590,SALES_0002590,2656,36,285,1044,27,2024-09-18T01:32:55,4772.64
1119,SALES_0001119,2657,17,295,1045,27,2024-09-06T02:22:15,3074.82
4402,SALES_0004402,2658,143,92,1061,27,2024-06-27T07:21:04,2234.24
2824,SALES_0002824,2659,136,191,1102,27,2024-09-16T22:47:27,2550.41
4033,SALES_0004033,2660,159,136,1120,27,2024-07-08T00:37:54,1091.37
1586,SALES_0001586,2661,9,28,1126,27,2024-10-22T06:27:25,847.43
2269,SALES_0002269,2662,184,55,1150,27,2024-10-12T05:57:14,3193.64
2754,SALES_0002754,2663,199,281,1168,27,2024-07-05T03:39:56,899.43
4861,SALES_0004861,2664,202,23,1205,27,2024-08-01T02:24:11,1511.72
675,SALES_0000675,2665,45,479,1220,27,2024-08-07T16:02:56,4007.85
1808,SALES_0001808,2666,21,481,1231,27,2024-09-06T19:05:58,2571.32
1341,SALES_0001341,2667,155,206,1238,27,2024-09-29T22:16:49,2280.85
2433,SALES_0002433,2668,183,363,1245,27,2024-08-16T06:24:51,1521.06
4250,SALES_0004250,2669,37,483,1248,27,2024-08-10T07:59:32,4588.54
4115,SALES_0004115,2670,101,37,1265,27,2024-08-13T03:30:51,4161.87
1220,SALES_0001220,2671,193,424,1349,27,2024-10-06T09:05:25,998.5
2853,SALES_0002853,2672,206,20,1356,27,2024-10-06T21:35:37,2530.94
2670,SALES_0002670,2673,130,475,1367,27,2024-07-12T04:20:18,588.84
1750,SALES_0001750,2674,174,349,1378,27,2024-07-07T18:41:37,3737.46
2310,SALES_0002310,2675,192,285,1388,27,2024-08-09T11:18:40,4710.48
955,SALES_0000955,2676,177,333,1389,27,2024-07-31T07:09:02,3412.89
2415,SALES_0002415,2677,177,471,1411,27,2024-07-28T16:58:13,3476.43
3415,SALES_0003415,2678,77,307,1421,27,2024-09-23T02:52:45,2054.91
2336,SALES_0002336,2679,4,98,1475,27,2024-07-24T12:27:14,3587.89
923,SALES_0000923,2680,56,421,1486,27,2024-10-09T00:40:59,2351.45
1663,SALES_0001663,2681,11,464,1509,27,2024-10-12T14:26:02,3172.86
3551,SALES_0003551,2682,154,45,1512,27,2024-06-27T17:52:51,3714.56
378,SALES_0000378,2683,187,269,1517,27,2024-06-29T08:42:12,4442.56
4382,SALES_0004382,2684,18,185,1528,27,2024-08-15T11:28:32,3811.09
2466,SALES_0002466,2685,187,42,1540,27,2024-08-29T22:29:21,1566.83
2981,SALES_0002981,2686,47,464,1552,27,2024-09-15T22:51:59,3589.46
2066,SALES_0002066,2687,30,373,1580,27,2024-08-14T12:25:03,4866.82
4829,SALES_0004829,2688,54,266,1582,27,2024-06-27T08:04:02,1139.05
2203,SALES_0002203,2689,9,2,1585,27,2024-08-05T11:47:31,3899.13
881,SALES_0000881,2690,151,303,1632,27,2024-08-14T03:26:48,4323.04
1996,SALES_0001996,2691,112,465,1648,27,2024-09-24T01:40:06,4884.63
2221,SALES_0002221,2692,15,496,1656,27,2024-06-28T21:40:35,3301.68
3820,SALES_0003820,2693,31,144,1665,27,2024-09-11T20:08:05,1934.41
3133,SALES_0003133,2694,115,93,1688,27,2024-08-20T20:53:24,2374.43
2024,SALES_0002024,2695,94,225,1716,27,2024-07-16T04:37:22,2673.73
2753,SALES_0002753,2696,69,148,1744,27,2024-08-07T22:23:29,3005.18
295,SALES_0000295,2697,126,214,1754,27,2024-08-14T09:55:46,2637.08
1801,SALES_0001801,2698,82,273,1785,27,2024-09-01T09:15:16,1334.05
3633,SALES_0003633,2699,192,427,1794,27,2024-10-23T18:28:29,4263.83
2372,SALES_0002372,2700,185,390,1833,27,2024-06-30T06:52:41,1587.93
622,SALES_0000622,2701,171,53,1844,27,2024-09-06T22:07:06,805.77
810,SALES_0000810,2702,142,492,1899,27,2024-09-24T00:47:35,1003.42
1135,SALES_0001135,2703,71,455,1907,27,2024-07-21T18:52:29,940.57
660,SALES_0000660,2704,76,347,1917,27,2024-07-16T10:43:11,3123.13
4482,SALES_0004482,2705,13,407,1933,27,2024-07-16T00:17:27,2530.24
228,SALES_0000228,2706,155,123,1934,27,2024-08-29T12:31:34,1687.71
4108,SALES_0004108,2707,159,220,1934,27,2024-07-05T10:50:52,2540.59
911,SALES_0000911,2708,14,496,1938,27,2024-08-01T03:53:54,4639.62
289,SALES_0000289,2709,185,437,1950,27,2024-07-04T16:38:51,4874.51
724,SALES_0000724,2710,34,494,1969,27,2024-08-19T18:38:13,4743.43
1026,SALES_0001026,2711,167,41,1976,27,2024-08-06T17:37:16,546.68
1939,SALES_0001939,2712,108,61,44,28,2024-02-13T08:03:46,1072.84
1804,SALES_0001804,2713,61,27,95,28,2024-09-08T08:04:30,3802.4
2206,SALES_0002206,2714,67,68,116,28,2024-08-25T20:09:23,3005.4
733,SALES_0000733,2715,124,194,117,28,2024-08-25T21:31:21,1463.41
4292,SALES_0004292,2716,159,172,143,28,2024-09-21T13:58:35,4948.26
2863,SALES_0002863,2717,181,408,154,28,2024-05-12T11:15:45,2657.58
1400,SALES_0001400,2718,4,179,177,28,2024-07-05T06:38:11,1557.61
2376,SALES_0002376,2719,189,56,229,28,2024-03-07T22:23:03,2374.63
1298,SALES_0001298,2720,19,349,230,28,2024-10-14T11:47:33,4025.79
1045,SALES_0001045,2721,201,419,233,28,2024-02-20T22:51:12,3662.61
4368,SALES_0004368,2722,125,347,258,28,2024-05-06T19:28:40,1512.01
604,SALES_0000604,2723,162,243,306,28,2024-10-04T03:40:50,2222.41
2200,SALES_0002200,2724,121,346,395,28,2024-07-19T19:16:24,3179.56
4978,SALES_0004978,2725,35,3,431,28,2024-08-03T23:58:03,3543.76
2104,SALES_0002104,2726,24,15,471,28,2024-04-24T11:29:37,750.26
2688,SALES_0002688,2727,34,455,478,28,2024-07-02T12:10:20,1419.33
1484,SALES_0001484,2728,79,445,522,28,2024-07-29T14:36:56,2080.94
546,SALES_0000546,2729,191,88,560,28,2024-07-05T04:29:50,2831.51
2088,SALES_0002088,2730,108,381,600,28,2024-05-04T07:04:05,725
3272,SALES_0003272,2731,2,323,665,28,2024-03-14T07:29:43,2994.5
2506,SALES_0002506,2732,120,277,672,28,2024-10-14T04:32:29,1774.97
4043,SALES_0004043,2733,24,158,692,28,2024-05-08T13:14:38,2433.9
1602,SALES_0001602,2734,169,412,718,28,2024-09-13T19:21:35,3139.67
440,SALES_0000440,2735,112,427,791,28,2024-05-06T17:25:42,2586.72
4612,SALES_0004612,2736,150,155,796,28,2024-05-27T12:55:27,3975.27
3692,SALES_0003692,2737,26,263,806,28,2024-10-08T06:19:44,1980.82
1270,SALES_0001270,2738,93,367,810,28,2024-05-30T07:39:03,704.35
3262,SALES_0003262,2739,31,142,856,28,2024-02-17T15:31:34,2305.17
4498,SALES_0004498,2740,146,108,867,28,2024-05-21T05:28:36,2161.19
986,SALES_0000986,2741,165,245,868,28,2024-07-14T14:05:36,3689.08
2112,SALES_0002112,2742,105,14,869,28,2024-04-02T12:27:49,3392.25
793,SALES_0000793,2743,42,375,879,28,2024-06-04T17:41:30,2608.19
49,SALES_0000049,2744,195,363,908,28,2024-02-22T15:16:37,2661.6
2103,SALES_0002103,2745,1,416,908,28,2024-06-10T18:47:04,3460.25
110,SALES_0000110,2746,123,181,914,28,2024-08-21T17:39:50,2095.32
3745,SALES_0003745,2747,189,460,921,28,2024-03-15T06:36:29,2162.11
1762,SALES_0001762,2748,105,303,929,28,2024-09-24T12:50:38,1666.6
4561,SALES_0004561,2749,149,273,936,28,2024-09-22T03:20:26,4506.99
3848,SALES_0003848,2750,14,474,945,28,2024-07-01T09:21:53,3747.25
4780,SALES_0004780,2751,149,69,955,28,2024-02-23T00:28:45,2174.63
2499,SALES_0002499,2752,13,352,962,28,2024-08-28T00:46:42,2346.43
4079,SALES_0004079,2753,119,86,987,28,2024-05-28T17:37:09,3708.5
4229,SALES_0004229,2754,164,259,991,28,2024-09-21T03:05:57,2040.92
1203,SALES_0001203,2755,44,122,1000,28,2024-05-22T10:52:15,1977.53
586,SALES_0000586,2756,206,333,1005,28,2024-07-31T01:07:06,3319.41
2364,SALES_0002364,2757,50,249,1015,28,2024-09-21T01:01:39,3808.32
2440,SALES_0002440,2758,113,17,1019,28,2024-03-06T18:52:01,1223.16
3851,SALES_0003851,2759,152,214,1064,28,2024-09-02T20:34:28,1422.52
3164,SALES_0003164,2760,155,277,1066,28,2024-05-18T08:30:24,1919.79
969,SALES_0000969,2761,177,24,1102,28,2024-05-18T19:57:37,4524.28
2046,SALES_0002046,2762,193,77,1110,28,2024-06-28T18:47:00,1261.47
305,SALES_0000305,2763,118,368,1117,28,2024-08-04T13:02:41,3149.02
1099,SALES_0001099,2764,123,215,1172,28,2024-06-10T13:56:15,2865.86
2255,SALES_0002255,2765,115,53,1177,28,2024-09-26T15:44:08,2028.27
1558,SALES_0001558,2766,109,490,1177,28,2024-06-17T06:54:55,870.36
3039,SALES_0003039,2767,157,445,1201,28,2024-05-06T11:30:59,1515.56
951,SALES_0000951,2768,20,415,1214,28,2024-09-23T16:25:26,1402.32
2429,SALES_0002429,2769,82,245,1215,28,2024-06-09T09:23:04,4694.43
1398,SALES_0001398,2770,181,279,1218,28,2024-09-11T05:01:30,1918.12
674,SALES_0000674,2771,63,464,1240,28,2024-04-17T14:09:32,4125.73
2274,SALES_0002274,2772,135,251,1243,28,2024-09-23T17:59:54,3196.84
3411,SALES_0003411,2773,12,340,1270,28,2024-04-11T11:30:05,2588.6
747,SALES_0000747,2774,24,367,1285,28,2024-10-15T03:56:37,3914.32
3744,SALES_0003744,2775,182,287,1346,28,2024-08-28T14:57:19,1729.81
1826,SALES_0001826,2776,50,46,1389,28,2024-09-19T16:22:49,2773.55
3180,SALES_0003180,2777,37,83,1390,28,2024-06-08T08:35:06,3233.43
877,SALES_0000877,2778,48,154,1398,28,2024-03-04T02:59:32,2424.84
1824,SALES_0001824,2779,77,431,1404,28,2024-05-04T12:58:24,3368.63
2445,SALES_0002445,2780,54,9,1427,28,2024-09-26T22:18:20,2995.88
4122,SALES_0004122,2781,97,104,1440,28,2024-05-17T21:11:02,2783.39
1660,SALES_0001660,2782,126,310,1440,28,2024-10-20T19:07:28,2159.59
1369,SALES_0001369,2783,64,53,1448,28,2024-08-28T08:53:58,2966.71
4796,SALES_0004796,2784,85,351,1467,28,2024-07-04T05:33:18,1463.16
2157,SALES_0002157,2785,190,313,1528,28,2024-02-16T20:44:37,2581.78
268,SALES_0000268,2786,36,33,1538,28,2024-03-01T13:54:50,2531.15
1726,SALES_0001726,2787,82,424,1552,28,2024-07-28T15:19:11,1990.02
4270,SALES_0004270,2788,160,447,1568,28,2024-10-21T19:41:25,3625.4
2881,SALES_0002881,2789,204,465,1595,28,2024-10-01T07:06:46,2255.72
124,SALES_0000124,2790,38,118,1604,28,2024-06-29T22:55:53,1482.65
4360,SALES_0004360,2791,159,128,1627,28,2024-04-19T18:36:55,3440.03
3425,SALES_0003425,2792,189,393,1627,28,2024-02-17T03:46:39,1767.38
1911,SALES_0001911,2793,163,404,1631,28,2024-02-26T14:01:15,1694.44
2102,SALES_0002102,2794,71,365,1648,28,2024-08-01T14:39:29,1556.86
1156,SALES_0001156,2795,25,144,1663,28,2024-03-21T10:13:59,4633.62
3787,SALES_0003787,2796,193,25,1672,28,2024-06-09T08:05:12,2327.38
4134,SALES_0004134,2797,179,19,1711,28,2024-08-07T20:17:28,2999.66
100,SALES_0000100,2798,209,69,1723,28,2024-05-31T06:04:57,4035.04
1634,SALES_0001634,2799,24,344,1799,28,2024-03-04T12:30:03,3799.85
3609,SALES_0003609,2800,60,460,1808,28,2024-03-13T03:08:25,4497.57
1525,SALES_0001525,2801,124,263,1827,28,2024-06-02T12:36:56,3156.68
4885,SALES_0004885,2802,155,432,1842,28,2024-08-02T07:21:27,1387.1
1568,SALES_0001568,2803,133,497,1850,28,2024-06-18T02:55:50,4852.32
585,SALES_0000585,2804,50,360,1857,28,2024-05-15T00:45:04,2813.56
2628,SALES_0002628,2805,114,124,1914,28,2024-03-19T01:59:50,1222.64
1494,SALES_0001494,2806,34,341,1956,28,2024-06-26T12:27:54,2732.08
1656,SALES_0001656,2807,70,148,1973,28,2024-07-11T09:39:27,3397.8
2641,SALES_0002641,2808,191,415,1977,28,2024-04-03T11:17:13,2619.65
3026,SALES_0003026,2809,206,200,1983,28,2024-09-14T19:43:33,3466.51
695,SALES_0000695,2810,78,110,61,29,2024-10-18T18:07:07,2442.11
4912,SALES_0004912,2811,172,293,71,29,2024-10-20T22:18:46,1891.46
2299,SALES_0002299,2812,42,301,74,29,2024-10-25T09:30:46,2847.95
760,SALES_0000760,2813,142,51,82,29,2024-10-20T20:46:15,4047.72
4119,SALES_0004119,2814,112,424,86,29,2024-10-17T22:48:04,1487.61
4107,SALES_0004107,2815,166,309,98,29,2024-10-15T19:45:29,2921.08
4007,SALES_0004007,2816,11,320,174,29,2024-10-22T15:25:48,1416.65
4000,SALES_0004000,2817,169,269,184,29,2024-10-14T04:51:19,586.91
1374,SALES_0001374,2818,51,466,200,29,2024-10-24T11:37:29,2829.13
882,SALES_0000882,2819,46,322,243,29,2024-10-09T07:38:08,884.27
1684,SALES_0001684,2820,10,170,256,29,2024-10-15T08:18:13,4239.91
4988,SALES_0004988,2821,55,225,258,29,2024-10-17T03:20:36,4528.3
2715,SALES_0002715,2822,206,114,277,29,2024-10-12T19:24:21,977.41
3126,SALES_0003126,2823,138,491,293,29,2024-10-24T08:46:23,2142.22
3130,SALES_0003130,2824,52,68,309,29,2024-10-21T07:03:15,1643.47
849,SALES_0000849,2825,155,311,323,29,2024-10-10T12:09:02,669.73
1027,SALES_0001027,2826,190,205,337,29,2024-10-25T22:57:48,4082.05
2837,SALES_0002837,2827,166,401,349,29,2024-10-21T02:58:24,3934.36
1554,SALES_0001554,2828,64,6,352,29,2024-10-09T17:46:43,1619.45
1384,SALES_0001384,2829,127,394,372,29,2024-10-17T10:51:30,2058.63
4477,SALES_0004477,2830,184,411,377,29,2024-10-20T12:13:21,3225.56
3034,SALES_0003034,2831,194,330,434,29,2024-10-12T21:30:30,2376.14
4782,SALES_0004782,2832,170,334,439,29,2024-10-12T01:34:12,3282.66
1671,SALES_0001671,2833,168,408,441,29,2024-10-13T05:54:44,4610.92
1260,SALES_0001260,2834,124,414,457,29,2024-10-10T13:59:33,3981.74
3012,SALES_0003012,2835,199,213,461,29,2024-10-23T21:47:11,1338.34
2115,SALES_0002115,2836,204,479,469,29,2024-10-24T12:58:34,4198.71
1793,SALES_0001793,2837,60,241,484,29,2024-10-24T06:18:17,747.38
1954,SALES_0001954,2838,165,385,532,29,2024-10-11T13:08:39,1458.81
2738,SALES_0002738,2839,85,17,536,29,2024-10-25T09:22:04,2039.07
4156,SALES_0004156,2840,67,268,538,29,2024-10-09T05:53:25,2790.34
871,SALES_0000871,2841,115,305,542,29,2024-10-23T12:49:11,4728.35
2941,SALES_0002941,2842,84,212,576,29,2024-10-24T09:24:48,1411.01
570,SALES_0000570,2843,124,102,603,29,2024-10-12T11:01:30,2960.48
2702,SALES_0002702,2844,209,445,615,29,2024-10-12T03:01:06,893.22
3944,SALES_0003944,2845,67,118,622,29,2024-10-24T23:40:11,1058.05
3163,SALES_0003163,2846,184,160,641,29,2024-10-11T10:33:09,2722.91
2579,SALES_0002579,2847,84,373,680,29,2024-10-20T23:21:55,1096.84
2541,SALES_0002541,2848,140,206,754,29,2024-10-11T13:48:32,3571.7
1601,SALES_0001601,2849,207,310,766,29,2024-10-14T04:29:16,821.83
3448,SALES_0003448,2850,183,384,776,29,2024-10-20T18:08:45,2886.31
2758,SALES_0002758,2851,180,476,786,29,2024-10-19T03:32:26,2420.16
3663,SALES_0003663,2852,67,205,801,29,2024-10-24T20:42:07,3097.21
2086,SALES_0002086,2853,152,327,856,29,2024-10-16T19:01:44,2442.76
2343,SALES_0002343,2854,50,45,860,29,2024-10-11T04:51:47,4335.05
3193,SALES_0003193,2855,109,459,887,29,2024-10-18T09:09:57,2631.32
1912,SALES_0001912,2856,49,366,892,29,2024-10-21T17:38:14,2540.57
2831,SALES_0002831,2857,202,192,894,29,2024-10-12T08:00:35,4962.31
420,SALES_0000420,2858,192,381,901,29,2024-10-21T01:31:40,1816.03
3106,SALES_0003106,2859,81,403,913,29,2024-10-25T01:50:26,3847.27
1003,SALES_0001003,2860,146,137,944,29,2024-10-23T13:31:59,3843.05
2764,SALES_0002764,2861,62,486,977,29,2024-10-14T23:21:39,744.9
452,SALES_0000452,2862,127,287,985,29,2024-10-12T05:00:39,4648.29
4234,SALES_0004234,2863,73,405,1006,29,2024-10-18T02:01:03,849.97
1615,SALES_0001615,2864,33,280,1022,29,2024-10-11T23:59:31,908.45
4816,SALES_0004816,2865,57,318,1050,29,2024-10-22T05:52:34,4612.05
2591,SALES_0002591,2866,23,243,1052,29,2024-10-11T00:53:00,956.04
1639,SALES_0001639,2867,143,4,1054,29,2024-10-14T20:57:39,3273.64
3541,SALES_0003541,2868,206,471,1095,29,2024-10-13T16:36:05,3991.08
3196,SALES_0003196,2869,12,263,1098,29,2024-10-16T03:31:46,727.26
4151,SALES_0004151,2870,186,171,1099,29,2024-10-13T05:32:22,4602.9
292,SALES_0000292,2871,2,155,1103,29,2024-10-13T17:41:02,4992.32
4893,SALES_0004893,2872,129,58,1126,29,2024-10-17T14:36:00,4399.55
4155,SALES_0004155,2873,81,108,1126,29,2024-10-13T21:13:47,4845.67
2187,SALES_0002187,2874,189,446,1138,29,2024-10-23T02:59:43,3336.06
1469,SALES_0001469,2875,115,277,1155,29,2024-10-18T08:07:09,1407.15
4293,SALES_0004293,2876,57,119,1161,29,2024-10-25T11:19:13,3698.9
1014,SALES_0001014,2877,107,51,1196,29,2024-10-22T06:35:32,4149.02
874,SALES_0000874,2878,81,129,1201,29,2024-10-17T03:58:42,4783.67
1280,SALES_0001280,2879,137,307,1208,29,2024-10-23T13:16:43,2795.27
3187,SALES_0003187,2880,7,156,1225,29,2024-10-17T10:26:07,3937.58
2726,SALES_0002726,2881,51,229,1241,29,2024-10-17T19:17:56,2781.84
1877,SALES_0001877,2882,118,183,1246,29,2024-10-23T22:50:10,3230.18
265,SALES_0000265,2883,114,430,1329,29,2024-10-23T20:46:36,4662.72
4078,SALES_0004078,2884,9,133,1340,29,2024-10-11T01:00:26,4093.63
667,SALES_0000667,2885,24,409,1347,29,2024-10-15T17:03:23,2401.18
744,SALES_0000744,2886,126,76,1352,29,2024-10-13T10:56:16,839.05
1206,SALES_0001206,2887,136,303,1360,29,2024-10-19T11:04:22,4104.94
4660,SALES_0004660,2888,173,316,1365,29,2024-10-14T18:10:50,3828.8
3197,SALES_0003197,2889,72,433,1407,29,2024-10-25T01:20:24,1435.11
4567,SALES_0004567,2890,196,336,1430,29,2024-10-21T11:17:30,3405
1937,SALES_0001937,2891,69,444,1434,29,2024-10-24T13:39:12,2730.25
2586,SALES_0002586,2892,104,19,1440,29,2024-10-14T12:31:13,710.43
4199,SALES_0004199,2893,164,116,1447,29,2024-10-24T18:54:21,4810.77
3624,SALES_0003624,2894,167,371,1463,29,2024-10-14T02:15:23,3420.73
230,SALES_0000230,2895,57,283,1512,29,2024-10-18T14:44:43,4620.32
4277,SALES_0004277,2896,205,118,1531,29,2024-10-25T06:16:57,4177.85
2621,SALES_0002621,2897,167,220,1601,29,2024-10-22T00:43:29,585.79
1989,SALES_0001989,2898,75,490,1610,29,2024-10-17T16:10:44,3042.23
4913,SALES_0004913,2899,123,124,1621,29,2024-10-17T08:30:10,4800.61
4170,SALES_0004170,2900,92,424,1689,29,2024-10-15T00:46:06,2724.78
741,SALES_0000741,2901,10,435,1791,29,2024-10-20T04:30:36,2547.64
2925,SALES_0002925,2902,57,425,1815,29,2024-10-25T21:56:15,2468.32
4343,SALES_0004343,2903,47,155,1837,29,2024-10-20T21:23:51,4704.8
641,SALES_0000641,2904,69,329,1847,29,2024-10-24T01:53:49,2276.91
4926,SALES_0004926,2905,194,19,1873,29,2024-10-12T02:01:56,2920.71
1163,SALES_0001163,2906,13,61,1890,29,2024-10-25T19:48:03,3417.39
1883,SALES_0001883,2907,34,157,1974,29,2024-10-16T07:58:19,1085.62
4222,SALES_0004222,2908,201,273,1995,29,2024-10-16T22:18:20,2255.14
2178,SALES_0002178,2909,69,441,2,30,2024-09-18T14:56:31,749.67
4131,SALES_0004131,2910,33,231,10,30,2024-10-19T08:05:56,2894.51
4282,SALES_0004282,2911,52,366,63,30,2024-10-01T11:38:30,4802.94
4027,SALES_0004027,2912,128,77,67,30,2024-10-21T11:47:46,4657.74
4508,SALES_0004508,2913,109,130,106,30,2024-08-24T01:01:37,755.09
171,SALES_0000171,2914,71,365,149,30,2024-08-14T21:31:55,4687.93
2005,SALES_0002005,2915,98,458,161,30,2024-09-07T18:34:06,2810.74
3151,SALES_0003151,2916,24,413,170,30,2024-10-04T21:58:46,3164.17
3313,SALES_0003313,2917,173,110,172,30,2024-08-27T09:31:45,980.05
3847,SALES_0003847,2918,67,394,175,30,2024-09-25T16:02:29,3696.66
4258,SALES_0004258,2919,156,116,232,30,2024-08-28T21:55:36,1650.04
3977,SALES_0003977,2920,158,490,243,30,2024-09-06T11:41:07,2689.06
474,SALES_0000474,2921,59,189,244,30,2024-09-12T09:35:04,2543.2
2213,SALES_0002213,2922,135,420,277,30,2024-10-03T02:14:57,2469.61
1070,SALES_0001070,2923,5,60,285,30,2024-09-15T09:43:03,4998.62
1320,SALES_0001320,2924,177,328,326,30,2024-08-30T06:34:31,2153.74
1061,SALES_0001061,2925,59,408,343,30,2024-09-17T03:47:18,1183.58
3441,SALES_0003441,2926,30,433,362,30,2024-09-04T15:34:41,3939.68
208,SALES_0000208,2927,36,425,372,30,2024-08-16T23:13:32,1323.43
2363,SALES_0002363,2928,125,324,374,30,2024-08-23T09:38:11,3384.64
1891,SALES_0001891,2929,153,388,388,30,2024-09-05T19:36:58,4692.91
479,SALES_0000479,2930,189,110,398,30,2024-10-23T16:33:17,3729.92
3713,SALES_0003713,2931,169,64,401,30,2024-09-14T16:40:40,1135.39
3732,SALES_0003732,2932,203,473,428,30,2024-09-14T15:14:21,1084.49
1186,SALES_0001186,2933,81,23,439,30,2024-09-22T07:00:25,1168.33
2547,SALES_0002547,2934,77,335,458,30,2024-10-02T15:41:53,2303.84
486,SALES_0000486,2935,199,79,484,30,2024-09-07T14:07:27,1366.07
2438,SALES_0002438,2936,192,330,492,30,2024-10-21T10:36:10,4616.21
2398,SALES_0002398,2937,52,289,521,30,2024-08-14T18:46:12,1127.96
2428,SALES_0002428,2938,127,484,548,30,2024-08-28T03:52:00,4437.68
1134,SALES_0001134,2939,65,300,556,30,2024-08-29T07:47:24,590.14
1090,SALES_0001090,2940,98,383,583,30,2024-10-18T03:38:15,2362.06
2116,SALES_0002116,2941,128,239,680,30,2024-08-15T19:02:27,1481.13
752,SALES_0000752,2942,26,453,709,30,2024-10-16T06:50:52,4749.92
1737,SALES_0001737,2943,157,347,710,30,2024-10-24T03:55:17,1505.74
1174,SALES_0001174,2944,204,373,727,30,2024-08-14T16:37:27,1046.49
2845,SALES_0002845,2945,156,408,765,30,2024-09-01T03:38:08,3744.16
3762,SALES_0003762,2946,99,441,787,30,2024-10-12T09:18:50,3518.21
3493,SALES_0003493,2947,145,419,794,30,2024-10-18T00:41:12,3516.24
2555,SALES_0002555,2948,119,232,819,30,2024-08-25T01:06:18,4045.99
2578,SALES_0002578,2949,3,412,819,30,2024-09-06T16:36:13,4381.32
2996,SALES_0002996,2950,11,499,820,30,2024-08-26T12:12:02,1868.48
4865,SALES_0004865,2951,185,210,836,30,2024-09-10T07:17:17,2944.42
2401,SALES_0002401,2952,151,369,840,30,2024-10-21T23:56:43,2787.97
1909,SALES_0001909,2953,96,59,854,30,2024-08-27T03:31:41,1315.47
3621,SALES_0003621,2954,210,60,961,30,2024-08-23T06:23:57,2064.95
2633,SALES_0002633,2955,160,366,981,30,2024-09-23T21:05:24,4274.81
2557,SALES_0002557,2956,152,431,985,30,2024-09-26T10:56:13,3215.31
3678,SALES_0003678,2957,54,266,1018,30,2024-09-04T14:56:03,611.2
1187,SALES_0001187,2958,139,384,1059,30,2024-09-15T12:22:04,2266.1
2643,SALES_0002643,2959,198,475,1100,30,2024-09-06T02:47:55,3763.23
216,SALES_0000216,2960,97,296,1107,30,2024-10-16T16:43:16,4752.12
4668,SALES_0004668,2961,155,120,1130,30,2024-08-18T02:40:22,1866.2
4465,SALES_0004465,2962,57,80,1217,30,2024-10-26T20:55:17,3212.31
270,SALES_0000270,2963,197,118,1253,30,2024-09-22T10:04:59,1421.9
4962,SALES_0004962,2964,201,12,1264,30,2024-09-14T15:49:25,2156.98
3504,SALES_0003504,2965,101,286,1266,30,2024-10-03T23:34:34,1821.16
3612,SALES_0003612,2966,202,163,1271,30,2024-08-25T19:28:59,1519.97
3190,SALES_0003190,2967,65,271,1280,30,2024-09-29T23:04:21,901.74
4225,SALES_0004225,2968,38,49,1285,30,2024-10-23T15:47:07,1611.69
698,SALES_0000698,2969,177,278,1296,30,2024-10-26T03:51:19,4095.18
2974,SALES_0002974,2970,16,210,1299,30,2024-09-19T06:23:42,964.99
4045,SALES_0004045,2971,25,252,1326,30,2024-08-25T11:22:15,3156.9
4097,SALES_0004097,2972,196,333,1341,30,2024-10-15T23:04:22,3197.29
1128,SALES_0001128,2973,113,463,1347,30,2024-09-18T16:10:19,4988.21
3017,SALES_0003017,2974,22,388,1394,30,2024-09-20T04:13:32,3684.41
427,SALES_0000427,2975,136,318,1396,30,2024-09-08T19:52:30,4746.5
929,SALES_0000929,2976,154,356,1401,30,2024-08-24T17:04:54,4898.77
1693,SALES_0001693,2977,208,432,1455,30,2024-08-25T23:19:38,1357.55
3050,SALES_0003050,2978,166,158,1472,30,2024-09-29T23:51:13,4100.57
4488,SALES_0004488,2979,61,26,1491,30,2024-10-09T10:02:57,2404.67
1085,SALES_0001085,2980,152,2,1514,30,2024-08-22T03:42:51,4409.89
1970,SALES_0001970,2981,160,138,1515,30,2024-08-19T16:17:18,912.98
2387,SALES_0002387,2982,19,138,1532,30,2024-08-19T10:54:28,2051.48
2463,SALES_0002463,2983,116,276,1534,30,2024-10-05T05:16:52,3964.63
1218,SALES_0001218,2984,80,295,1551,30,2024-10-20T18:41:24,1690.77
2639,SALES_0002639,2985,137,311,1565,30,2024-09-10T00:42:13,1405.47
3566,SALES_0003566,2986,77,209,1589,30,2024-10-25T09:29:59,3369.46
836,SALES_0000836,2987,80,257,1603,30,2024-10-14T15:23:42,1128.77
3792,SALES_0003792,2988,18,285,1626,30,2024-10-23T04:48:47,4617.63
2459,SALES_0002459,2989,175,219,1650,30,2024-08-17T20:28:47,4431.1
545,SALES_0000545,2990,132,248,1656,30,2024-08-17T21:36:41,1625.43
4716,SALES_0004716,2991,130,232,1728,30,2024-10-27T17:06:52,1171.21
139,SALES_0000139,2992,153,168,1760,30,2024-09-15T21:25:08,2541.88
3040,SALES_0003040,2993,158,398,1775,30,2024-10-06T01:45:15,4129.04
647,SALES_0000647,2994,117,196,1813,30,2024-08-29T00:19:11,1368.74
945,SALES_0000945,2995,208,454,1864,30,2024-09-12T16:23:01,3750.17
3924,SALES_0003924,2996,196,324,1878,30,2024-09-27T00:59:53,3783.16
748,SALES_0000748,2997,37,357,1947,30,2024-10-08T20:25:46,894.43
4957,SALES_0004957,2998,206,329,1972,30,2024-09-12T03:08:49,3132.31
1960,SALES_0001960,2999,162,365,1984,30,2024-09-12T13:32:16,2702
4850,SALES_0004850,3000,50,151,1989,30,2024-10-19T02:04:06,3086.8
706,SALES_0000706,3001,188,454,48,31,2024-10-31T20:16:39,1994.21
4837,SALES_0004837,3002,119,344,64,31,2024-10-02T23:22:47,1936.76
1205,SALES_0001205,3003,81,453,64,31,2024-10-08T10:13:37,3710.23
2261,SALES_0002261,3004,60,350,79,31,2024-10-09T04:11:22,4194.54
2711,SALES_0002711,3005,129,274,93,31,2024-10-19T15:14:50,4364.3
630,SALES_0000630,3006,166,393,103,31,2024-10-10T07:02:10,4986.86
3676,SALES_0003676,3007,210,160,109,31,2024-10-29T00:53:33,4035.1
1311,SALES_0001311,3008,40,495,119,31,2024-10-20T20:54:46,2677.46
4767,SALES_0004767,3009,203,149,132,31,2024-10-22T23:02:41,516.41
1126,SALES_0001126,3010,142,207,145,31,2024-10-26T19:15:41,3139.75
1405,SALES_0001405,3011,143,194,196,31,2024-10-26T14:03:53,3398.21
575,SALES_0000575,3012,134,355,201,31,2024-10-14T03:55:43,2076.71
444,SALES_0000444,3013,102,257,216,31,2024-10-31T14:30:06,1145.67
3374,SALES_0003374,3014,39,147,227,31,2024-09-29T23:54:32,3821.69
4939,SALES_0004939,3015,35,435,231,31,2024-10-01T16:27:20,4626.64
3329,SALES_0003329,3016,194,498,232,31,2024-10-11T02:38:48,1189.58
3401,SALES_0003401,3017,165,325,237,31,2024-09-28T07:09:20,2540.05
3626,SALES_0003626,3018,155,458,250,31,2024-10-30T04:10:35,4915.4
846,SALES_0000846,3019,89,297,295,31,2024-10-07T20:05:44,2334.49
787,SALES_0000787,3020,118,380,313,31,2024-10-20T04:55:41,4587.92
3575,SALES_0003575,3021,5,163,321,31,2024-10-06T22:25:03,3382.53
1251,SALES_0001251,3022,203,197,335,31,2024-10-04T22:35:12,3914.65
3188,SALES_0003188,3023,92,207,337,31,2024-10-12T22:57:50,3714.01
802,SALES_0000802,3024,96,467,339,31,2024-10-13T03:53:39,1000.74
1047,SALES_0001047,3025,153,492,353,31,2024-09-26T06:46:52,3958.19
381,SALES_0000381,3026,62,339,362,31,2024-10-02T17:25:15,4092.69
3483,SALES_0003483,3027,86,11,371,31,2024-10-13T07:36:09,3259.22
4286,SALES_0004286,3028,44,259,388,31,2024-10-10T21:41:21,4224.53
3494,SALES_0003494,3029,180,448,409,31,2024-10-26T10:49:39,625.21
1314,SALES_0001314,3030,151,192,415,31,2024-10-11T19:07:38,2999.41
2866,SALES_0002866,3031,75,192,431,31,2024-10-02T12:06:34,2093
2128,SALES_0002128,3032,77,482,443,31,2024-10-14T11:42:14,4824.04
4609,SALES_0004609,3033,136,117,478,31,2024-10-10T07:08:46,2030.6
543,SALES_0000543,3034,16,399,496,31,2024-11-02T19:48:23,2433.88
547,SALES_0000547,3035,28,465,549,31,2024-10-05T09:26:52,1557.67
3397,SALES_0003397,3036,166,249,550,31,2024-11-01T04:45:06,2295.83
2321,SALES_0002321,3037,42,5,553,31,2024-10-09T07:35:55,2674.57
4325,SALES_0004325,3038,127,51,568,31,2024-09-26T11:12:34,1514.21
4073,SALES_0004073,3039,135,461,586,31,2024-10-25T00:56:15,4141.72
933,SALES_0000933,3040,31,68,605,31,2024-10-23T20:20:59,2341.87
2814,SALES_0002814,3041,186,300,612,31,2024-10-03T13:55:32,1383.64
2439,SALES_0002439,3042,51,195,623,31,2024-10-11T08:49:03,1001.72
2177,SALES_0002177,3043,138,91,628,31,2024-09-30T01:10:57,4526.15
3128,SALES_0003128,3044,58,104,633,31,2024-10-25T00:37:20,1592.1
4822,SALES_0004822,3045,73,233,668,31,2024-10-13T16:59:05,3125.46
2852,SALES_0002852,3046,161,36,678,31,2024-10-27T16:56:23,862.07
174,SALES_0000174,3047,159,44,681,31,2024-10-02T04:30:17,867.94
2381,SALES_0002381,3048,89,318,729,31,2024-10-04T02:25:08,1291.78
3580,SALES_0003580,3049,210,247,731,31,2024-10-13T17:31:11,4455
450,SALES_0000450,3050,147,88,774,31,2024-11-01T06:01:46,4752.62
3016,SALES_0003016,3051,70,28,775,31,2024-10-15T20:23:27,4625.82
583,SALES_0000583,3052,203,447,778,31,2024-10-31T06:25:11,4373.72
2126,SALES_0002126,3053,104,138,782,31,2024-10-13T05:51:12,4711.34
3109,SALES_0003109,3054,26,351,816,31,2024-10-23T20:52:05,2966.65
4008,SALES_0004008,3055,109,460,823,31,2024-10-19T01:19:16,3314.72
4990,SALES_0004990,3056,89,6,896,31,2024-10-23T02:12:43,816.4
3087,SALES_0003087,3057,35,135,907,31,2024-10-22T17:04:34,2574.76
274,SALES_0000274,3058,16,375,931,31,2024-10-02T10:59:17,3900.03
1860,SALES_0001860,3059,116,367,999,31,2024-10-11T09:55:49,3890.52
2959,SALES_0002959,3060,143,217,1021,31,2024-10-31T09:42:55,1981.31
4599,SALES_0004599,3061,79,393,1052,31,2024-09-26T11:18:23,3889.27
921,SALES_0000921,3062,127,478,1063,31,2024-10-02T02:38:36,3148.24
541,SALES_0000541,3063,77,440,1097,31,2024-10-20T19:38:15,2249.88
3643,SALES_0003643,3064,186,343,1134,31,2024-10-12T23:03:57,3538.85
938,SALES_0000938,3065,125,462,1211,31,2024-10-04T17:51:29,4199.16
1303,SALES_0001303,3066,18,289,1230,31,2024-09-30T18:34:48,597.74
2580,SALES_0002580,3067,113,5,1253,31,2024-10-09T11:38:46,912.13
3537,SALES_0003537,3068,53,151,1282,31,2024-09-29T03:38:02,4416.01
1583,SALES_0001583,3069,41,268,1282,31,2024-09-29T04:14:04,2534.69
888,SALES_0000888,3070,38,426,1334,31,2024-10-16T04:47:43,4445.94
1234,SALES_0001234,3071,197,96,1344,31,2024-10-03T07:11:46,3972.39
3095,SALES_0003095,3072,22,199,1387,31,2024-10-20T03:53:57,3117.57
103,SALES_0000103,3073,148,295,1459,31,2024-09-29T00:21:39,1658.74
3479,SALES_0003479,3074,146,317,1510,31,2024-10-06T05:45:23,3685.14
3032,SALES_0003032,3075,102,309,1528,31,2024-10-24T05:07:47,3893.84
3670,SALES_0003670,3076,68,265,1535,31,2024-09-30T12:07:28,522
2148,SALES_0002148,3077,81,62,1559,31,2024-10-14T20:09:16,4958.93
4879,SALES_0004879,3078,189,436,1586,31,2024-10-22T18:05:32,3547.16
4831,SALES_0004831,3079,103,335,1640,31,2024-10-02T07:54:41,2277.59
4883,SALES_0004883,3080,45,470,1643,31,2024-10-31T14:21:09,1640.71
4976,SALES_0004976,3081,115,302,1704,31,2024-10-21T04:02:59,2081.26
402,SALES_0000402,3082,55,93,1719,31,2024-10-18T20:59:33,4829.73
4492,SALES_0004492,3083,166,243,1739,31,2024-09-29T16:36:00,2032.78
3044,SALES_0003044,3084,26,170,1751,31,2024-10-25T07:00:46,4291.96
3849,SALES_0003849,3085,108,461,1752,31,2024-10-19T23:16:12,1254.8
3627,SALES_0003627,3086,71,148,1779,31,2024-10-26T06:12:54,970.24
1688,SALES_0001688,3087,65,140,1787,31,2024-10-29T04:07:25,1355.4
406,SALES_0000406,3088,36,375,1810,31,2024-10-11T08:21:07,1557.54
4506,SALES_0004506,3089,119,269,1821,31,2024-10-07T07:59:32,3459.88
1246,SALES_0001246,3090,175,35,1822,31,2024-09-27T07:40:04,1027.43
2540,SALES_0002540,3091,173,44,1832,31,2024-10-23T10:17:00,2087.27
1294,SALES_0001294,3092,104,165,1832,31,2024-10-29T05:01:53,2091.3
2303,SALES_0002303,3093,145,266,1866,31,2024-11-01T07:32:20,4594.8
4723,SALES_0004723,3094,208,266,1904,31,2024-10-10T20:32:59,4502.23
4965,SALES_0004965,3095,159,222,1910,31,2024-10-31T23:18:19,4494.61
3271,SALES_0003271,3096,73,190,1929,31,2024-10-02T06:40:55,2235.54
809,SALES_0000809,3097,11,220,1936,31,2024-09-29T23:39:13,2307.04
4087,SALES_0004087,3098,152,211,1939,31,2024-10-21T18:02:25,2077.69
2471,SALES_0002471,3099,38,119,1941,31,2024-10-10T14:27:59,1173.28
2089,SALES_0002089,3100,153,273,55,32,2024-10-15T05:07:39,984.19
3834,SALES_0003834,3101,100,443,63,32,2024-11-05T07:29:05,955.35
3299,SALES_0003299,3102,120,196,115,32,2024-11-03T16:51:49,615.96
4810,SALES_0004810,3103,93,397,124,32,2024-11-01T22:51:40,2432.67
1753,SALES_0001753,3104,164,496,178,32,2024-10-29T15:21:03,4916.82
4932,SALES_0004932,3105,130,424,215,32,2024-11-03T18:20:37,1301.75
2074,SALES_0002074,3106,6,333,246,32,2024-10-24T16:24:10,1184.36
2518,SALES_0002518,3107,101,85,260,32,2024-10-13T06:55:56,2597.89
732,SALES_0000732,3108,125,277,284,32,2024-10-31T15:41:47,1020.81
2548,SALES_0002548,3109,137,423,337,32,2024-11-01T08:45:27,3112.83
4726,SALES_0004726,3110,32,137,348,32,2024-11-04T03:05:51,3535.86
3096,SALES_0003096,3111,48,447,357,32,2024-11-02T10:19:32,2220.67
2766,SALES_0002766,3112,112,47,384,32,2024-11-08T10:44:29,2068.75
9,SALES_0000009,3113,15,149,393,32,2024-11-07T01:31:03,1579.17
1259,SALES_0001259,3114,199,262,397,32,2024-11-01T17:21:42,986.31
1041,SALES_0001041,3115,180,437,397,32,2024-10-14T19:04:21,500.39
4804,SALES_0004804,3116,138,394,453,32,2024-10-19T11:58:03,1989.39
2051,SALES_0002051,3117,169,389,456,32,2024-10-16T17:33:43,2028.86
2786,SALES_0002786,3118,173,114,482,32,2024-10-25T05:38:48,1467.57
3236,SALES_0003236,3119,42,357,496,32,2024-10-28T06:18:50,4150.45
2481,SALES_0002481,3120,164,2,501,32,2024-10-12T08:15:50,2956.22
1953,SALES_0001953,3121,101,389,508,32,2024-11-02T13:18:59,3810.14
1052,SALES_0001052,3122,24,206,539,32,2024-10-14T05:41:43,1837.35
3023,SALES_0003023,3123,158,294,542,32,2024-10-21T21:24:32,4690.61
127,SALES_0000127,3124,113,155,555,32,2024-11-01T20:05:08,4680.26
3396,SALES_0003396,3125,1,471,557,32,2024-10-17T05:54:40,2135.45
2973,SALES_0002973,3126,164,321,559,32,2024-10-18T10:42:33,3640.3
4766,SALES_0004766,3127,207,451,566,32,2024-10-21T16:18:12,3869.87
2839,SALES_0002839,3128,147,200,582,32,2024-11-01T10:13:57,4609.27
1345,SALES_0001345,3129,205,438,615,32,2024-10-17T04:43:51,533.66
1875,SALES_0001875,3130,195,12,628,32,2024-10-21T05:12:01,4119.48
1588,SALES_0001588,3131,146,373,632,32,2024-10-31T13:35:59,1681.18
258,SALES_0000258,3132,180,460,639,32,2024-10-15T01:36:02,2678.19
4224,SALES_0004224,3133,138,375,670,32,2024-10-15T13:31:25,3741.54
3546,SALES_0003546,3134,159,291,688,32,2024-10-26T02:14:40,2700.67
518,SALES_0000518,3135,28,302,694,32,2024-11-01T16:21:58,2039.9
2880,SALES_0002880,3136,119,272,711,32,2024-10-22T17:33:12,1161.96
4013,SALES_0004013,3137,182,332,719,32,2024-11-06T06:26:55,4289.22
3454,SALES_0003454,3138,209,220,735,32,2024-10-18T07:11:19,3772.21
2229,SALES_0002229,3139,87,311,741,32,2024-10-18T20:47:19,2493.41
568,SALES_0000568,3140,176,223,751,32,2024-10-21T18:59:18,3661.83
3878,SALES_0003878,3141,122,16,781,32,2024-11-04T14:33:05,1051.69
4175,SALES_0004175,3142,24,402,781,32,2024-10-28T04:35:04,2334.31
1867,SALES_0001867,3143,199,472,786,32,2024-11-02T23:31:50,1369.38
4821,SALES_0004821,3144,112,198,787,32,2024-10-26T23:26:00,1868.34
916,SALES_0000916,3145,94,480,804,32,2024-10-24T22:44:58,2102.66
2569,SALES_0002569,3146,187,5,833,32,2024-11-06T16:43:32,2028.53
3046,SALES_0003046,3147,22,295,857,32,2024-11-08T09:05:56,1244.06
3021,SALES_0003021,3148,209,92,907,32,2024-10-20T23:43:19,4261.02
4440,SALES_0004440,3149,32,344,911,32,2024-10-17T19:21:34,3840.71
4354,SALES_0004354,3150,9,203,915,32,2024-10-25T00:16:08,629.71
3328,SALES_0003328,3151,172,126,953,32,2024-11-04T10:11:29,2037
2505,SALES_0002505,3152,53,180,977,32,2024-10-13T21:09:36,1728.56
1575,SALES_0001575,3153,193,304,984,32,2024-11-04T16:36:59,2772.41
4135,SALES_0004135,3154,4,471,999,32,2024-10-12T09:16:11,3975.88
4602,SALES_0004602,3155,164,292,1013,32,2024-10-20T11:58:05,4899.02
3362,SALES_0003362,3156,210,23,1036,32,2024-10-24T10:05:23,1196.75
2470,SALES_0002470,3157,63,26,1039,32,2024-10-20T21:34:43,4893.74
1193,SALES_0001193,3158,7,142,1044,32,2024-10-23T14:02:00,978.74
217,SALES_0000217,3159,74,86,1048,32,2024-10-14T02:18:55,2209.93
4989,SALES_0004989,3160,208,159,1049,32,2024-10-27T00:19:54,2353.94
1577,SALES_0001577,3161,200,465,1087,32,2024-11-01T07:06:15,2028.76
4513,SALES_0004513,3162,80,490,1128,32,2024-10-24T10:38:36,2696.8
550,SALES_0000550,3163,66,68,1162,32,2024-10-19T03:45:32,1103.86
2365,SALES_0002365,3164,108,24,1226,32,2024-10-16T09:16:11,4224.19
2139,SALES_0002139,3165,111,403,1257,32,2024-10-31T10:45:27,3104.2
464,SALES_0000464,3166,148,476,1286,32,2024-10-30T02:20:28,4111.28
844,SALES_0000844,3167,209,79,1305,32,2024-10-27T13:24:15,3252.72
4843,SALES_0004843,3168,205,189,1323,32,2024-11-04T13:28:19,1641.23
1674,SALES_0001674,3169,130,121,1334,32,2024-11-04T02:11:08,1797.29
1170,SALES_0001170,3170,42,1,1348,32,2024-10-18T22:24:50,1335.7
3127,SALES_0003127,3171,25,371,1428,32,2024-10-30T03:55:02,4170.59
2581,SALES_0002581,3172,172,222,1440,32,2024-11-06T03:45:47,2460.74
4046,SALES_0004046,3173,189,267,1474,32,2024-10-30T01:20:25,4523.51
4323,SALES_0004323,3174,174,100,1498,32,2024-10-14T03:52:38,1549.02
4972,SALES_0004972,3175,168,278,1523,32,2024-10-23T21:22:31,4039.49
1404,SALES_0001404,3176,52,471,1535,32,2024-11-07T00:17:51,1110.17
4741,SALES_0004741,3177,17,242,1574,32,2024-11-03T05:36:24,4285.59
3112,SALES_0003112,3178,106,21,1579,32,2024-10-12T06:32:47,3707.79
2142,SALES_0002142,3179,127,281,1580,32,2024-10-15T19:20:28,4319.64
2041,SALES_0002041,3180,81,500,1611,32,2024-10-15T13:29:00,1857.39
2536,SALES_0002536,3181,185,34,1614,32,2024-10-21T17:37:42,4154.19
3647,SALES_0003647,3182,161,310,1654,32,2024-10-20T15:06:13,2215.85
1921,SALES_0001921,3183,71,144,1664,32,2024-11-06T03:41:04,2172.44
2533,SALES_0002533,3184,21,343,1698,32,2024-10-24T01:08:50,1593.46
236,SALES_0000236,3185,112,368,1736,32,2024-10-28T17:08:55,1763.72
188,SALES_0000188,3186,50,171,1780,32,2024-10-28T19:59:47,2237.81
3747,SALES_0003747,3187,163,217,1797,32,2024-10-12T13:19:17,2850.92
1620,SALES_0001620,3188,52,210,1822,32,2024-10-17T17:40:01,3486.5
4077,SALES_0004077,3189,31,171,1840,32,2024-11-07T07:45:30,4314.66
221,SALES_0000221,3190,184,471,1846,32,2024-10-20T14:10:39,2145.83
2156,SALES_0002156,3191,24,284,1859,32,2024-10-30T07:36:09,1598.7
3996,SALES_0003996,3192,92,22,1878,32,2024-10-14T22:46:47,4388.3
303,SALES_0000303,3193,55,115,1881,32,2024-10-19T21:07:56,2358.62
2890,SALES_0002890,3194,16,316,1908,32,2024-10-30T03:10:29,3119.83
4283,SALES_0004283,3195,80,249,1997,32,2024-11-03T07:10:51,4025.75
665,SALES_0000665,3196,144,432,10,33,2024-11-06T13:40:50,3669.02
1121,SALES_0001121,3197,25,109,21,33,2024-11-07T23:20:28,4065.67
4703,SALES_0004703,3198,121,256,31,33,2024-11-09T13:28:53,2413.24
4765,SALES_0004765,3199,37,489,51,33,2024-11-05T12:57:59,4955.23
1998,SALES_0001998,3200,142,167,60,33,2024-11-10T11:12:20,766.59
3721,SALES_0003721,3201,87,211,70,33,2024-11-04T19:24:17,1150.52
4658,SALES_0004658,3202,34,211,75,33,2024-11-08T09:31:05,3528.62
3232,SALES_0003232,3203,140,500,107,33,2024-11-07T09:13:02,1930.46
2509,SALES_0002509,3204,205,38,257,33,2024-11-05T23:27:06,1139.1
2517,SALES_0002517,3205,107,168,269,33,2024-11-05T21:44:31,1867.99
1181,SALES_0001181,3206,82,6,286,33,2024-11-07T05:39:59,1409.79
2620,SALES_0002620,3207,161,108,344,33,2024-11-07T22:17:51,1488.9
4778,SALES_0004778,3208,133,360,376,33,2024-11-04T06:42:47,2009.35
4708,SALES_0004708,3209,36,469,422,33,2024-11-10T12:58:57,2701.79
1092,SALES_0001092,3210,90,93,450,33,2024-11-07T20:53:42,3962.01
3071,SALES_0003071,3211,58,136,471,33,2024-11-05T13:10:22,4013.46
1410,SALES_0001410,3212,64,145,507,33,2024-11-06T08:06:25,3351.07
4157,SALES_0004157,3213,200,33,510,33,2024-11-09T10:23:16,4641.08
2290,SALES_0002290,3214,106,199,514,33,2024-11-10T02:01:07,4683.12
4643,SALES_0004643,3215,25,311,518,33,2024-11-08T23:34:13,3587.65
416,SALES_0000416,3216,149,241,585,33,2024-11-08T22:33:13,3909.2
2713,SALES_0002713,3217,152,104,621,33,2024-11-09T14:37:53,3479.11
2905,SALES_0002905,3218,204,353,628,33,2024-11-06T19:20:43,2066.54
3400,SALES_0003400,3219,71,127,667,33,2024-11-07T04:20:17,3023.87
3816,SALES_0003816,3220,160,237,680,33,2024-11-07T08:53:20,878.33
1884,SALES_0001884,3221,37,335,682,33,2024-11-08T10:44:26,3428.39
101,SALES_0000101,3222,17,447,697,33,2024-11-10T00:52:15,2243.98
3536,SALES_0003536,3223,48,68,713,33,2024-11-10T15:37:50,1161.11
2059,SALES_0002059,3224,117,39,716,33,2024-11-09T06:24:50,3513.93
2882,SALES_0002882,3225,198,409,727,33,2024-11-07T14:37:35,1606.97
2218,SALES_0002218,3226,71,122,737,33,2024-11-07T06:55:45,953.2
4273,SALES_0004273,3227,126,136,749,33,2024-11-10T12:19:22,3888.17
4654,SALES_0004654,3228,18,269,749,33,2024-11-04T15:53:55,4076.81
4184,SALES_0004184,3229,139,297,769,33,2024-11-04T13:02:18,1029.08
3957,SALES_0003957,3230,28,239,806,33,2024-11-08T00:01:53,3860.15
2494,SALES_0002494,3231,51,155,833,33,2024-11-07T13:02:22,3706.98
4983,SALES_0004983,3232,165,63,865,33,2024-11-10T09:37:46,589.76
1890,SALES_0001890,3233,64,16,870,33,2024-11-06T00:44:48,2407.71
635,SALES_0000635,3234,74,89,913,33,2024-11-10T01:12:49,2162.37
3342,SALES_0003342,3235,93,132,957,33,2024-11-08T12:31:54,1059.08
3506,SALES_0003506,3236,125,71,990,33,2024-11-10T14:24:33,1714.6
1897,SALES_0001897,3237,160,285,993,33,2024-11-08T08:02:51,2984.06
4089,SALES_0004089,3238,14,132,1003,33,2024-11-06T22:16:00,1495.69
4509,SALES_0004509,3239,169,153,1033,33,2024-11-09T11:38:58,1570.1
4949,SALES_0004949,3240,53,219,1056,33,2024-11-06T12:07:22,3424.65
3815,SALES_0003815,3241,79,282,1105,33,2024-11-04T17:52:33,2525.39
4878,SALES_0004878,3242,94,464,1125,33,2024-11-10T04:39:17,3902.11
2857,SALES_0002857,3243,22,221,1164,33,2024-11-06T23:46:57,804.99
623,SALES_0000623,3244,171,448,1169,33,2024-11-10T14:11:32,1671.98
3638,SALES_0003638,3245,45,204,1186,33,2024-11-09T11:25:13,2291.9
1190,SALES_0001190,3246,89,304,1269,33,2024-11-07T01:51:22,2800.87
3471,SALES_0003471,3247,136,211,1286,33,2024-11-06T21:06:59,3670.9
340,SALES_0000340,3248,115,74,1298,33,2024-11-06T13:41:07,4069.1
2014,SALES_0002014,3249,206,4,1361,33,2024-11-09T08:17:26,3909.15
549,SALES_0000549,3250,203,123,1381,33,2024-11-06T03:27:54,1362.85
4017,SALES_0004017,3251,129,480,1381,33,2024-11-06T19:05:59,4711.84
2950,SALES_0002950,3252,187,467,1423,33,2024-11-09T18:08:08,1437.2
3884,SALES_0003884,3253,38,110,1427,33,2024-11-09T09:36:01,3079.38
953,SALES_0000953,3254,105,166,1427,33,2024-11-05T14:29:52,2774.2
4626,SALES_0004626,3255,182,262,1427,33,2024-11-06T19:48:42,4436.01
2289,SALES_0002289,3256,29,140,1442,33,2024-11-09T05:41:56,599.38
2316,SALES_0002316,3257,51,296,1446,33,2024-11-04T02:11:20,3110.38
2955,SALES_0002955,3258,130,58,1456,33,2024-11-09T22:09:05,1471.48
1475,SALES_0001475,3259,67,473,1458,33,2024-11-05T05:29:45,2910.98
207,SALES_0000207,3260,86,82,1459,33,2024-11-06T19:25:35,3774.56
1385,SALES_0001385,3261,78,290,1507,33,2024-11-07T11:30:44,1758.29
3007,SALES_0003007,3262,106,271,1550,33,2024-11-08T17:15:48,2228.99
3431,SALES_0003431,3263,126,456,1592,33,2024-11-04T01:57:00,1018.9
1978,SALES_0001978,3264,167,378,1663,33,2024-11-10T09:39:22,1470.03
2953,SALES_0002953,3265,79,317,1664,33,2024-11-09T10:16:15,3131.31
1819,SALES_0001819,3266,120,68,1672,33,2024-11-10T00:50:30,920.99
4847,SALES_0004847,3267,206,147,1704,33,2024-11-06T02:40:15,4570.07
4697,SALES_0004697,3268,58,343,1787,33,2024-11-05T06:34:21,672.43
4228,SALES_0004228,3269,207,266,1792,33,2024-11-08T05:03:47,4849.23
2667,SALES_0002667,3270,106,380,1820,33,2024-11-05T15:04:45,3808.98
3389,SALES_0003389,3271,109,341,1851,33,2024-11-08T14:48:03,2640.61
4606,SALES_0004606,3272,3,104,1862,33,2024-11-08T15:46:48,3594.2
4177,SALES_0004177,3273,157,187,1884,33,2024-11-07T05:20:10,2737.06
4718,SALES_0004718,3274,106,23,1912,33,2024-11-07T20:28:35,3884.97
1011,SALES_0001011,3275,48,151,1912,33,2024-11-08T18:29:45,3539.19
3629,SALES_0003629,3276,141,147,1934,33,2024-11-07T15:54:13,2980.84
2689,SALES_0002689,3277,200,257,1939,33,2024-11-05T09:03:38,2874.95
348,SALES_0000348,3278,43,212,1964,33,2024-11-10T13:36:40,660.08
2987,SALES_0002987,3279,9,180,1987,33,2024-11-04T16:28:47,1135.89
2563,SALES_0002563,3280,31,223,1990,33,2024-11-06T14:11:05,2681.81
3825,SALES_0003825,3281,111,407,1991,33,2024-11-07T18:08:25,1860.54
3161,SALES_0003161,3282,100,206,21,34,2024-10-12T15:42:06,2074.92
4762,SALES_0004762,3283,193,312,21,34,2024-10-11T21:20:25,4735.53
4640,SALES_0004640,3284,108,320,34,34,2024-09-24T22:45:56,3531.79
4844,SALES_0004844,3285,41,191,37,34,2024-10-11T04:02:51,2834.69
1124,SALES_0001124,3286,55,14,44,34,2024-09-13T11:38:25,2922.92
3145,SALES_0003145,3287,103,295,44,34,2024-10-13T15:48:46,1789.11
1360,SALES_0001360,3288,11,337,48,34,2024-10-06T17:40:35,1247.07
159,SALES_0000159,3289,102,60,59,34,2024-10-12T19:15:24,2440.2
3858,SALES_0003858,3290,129,386,103,34,2024-10-20T14:17:23,999.73
4820,SALES_0004820,3291,2,358,133,34,2024-09-29T16:01:52,2581.9
1976,SALES_0001976,3292,94,476,155,34,2024-09-29T14:33:05,2216.82
1021,SALES_0001021,3293,79,447,175,34,2024-10-07T23:34:51,1797.37
2121,SALES_0002121,3294,185,334,181,34,2024-09-03T13:34:08,4530.14
2878,SALES_0002878,3295,48,495,185,34,2024-09-23T22:23:03,4738.69
3345,SALES_0003345,3296,17,16,205,34,2024-09-25T10:35:10,992.67
1638,SALES_0001638,3297,168,403,231,34,2024-10-14T03:01:12,3896.93
335,SALES_0000335,3298,162,185,232,34,2024-10-04T19:10:44,2870.35
773,SALES_0000773,3299,67,376,286,34,2024-10-16T19:32:13,2367.14
3562,SALES_0003562,3300,89,160,291,34,2024-10-24T08:04:12,3079.67
1606,SALES_0001606,3301,121,365,300,34,2024-10-15T05:04:09,1555.36
1013,SALES_0001013,3302,77,154,359,34,2024-10-17T15:45:42,3340.34
2607,SALES_0002607,3303,99,78,372,34,2024-10-22T23:27:14,2477.93
2736,SALES_0002736,3304,176,261,410,34,2024-09-21T01:05:33,3801.31
3686,SALES_0003686,3305,69,266,410,34,2024-09-28T10:24:59,2209.32
4341,SALES_0004341,3306,16,301,410,34,2024-11-04T09:50:59,2784.22
2045,SALES_0002045,3307,180,132,448,34,2024-11-04T10:37:09,2007.59
1979,SALES_0001979,3308,182,338,467,34,2024-09-08T00:29:08,896.58
4794,SALES_0004794,3309,165,213,483,34,2024-09-15T10:20:18,4014.36
3169,SALES_0003169,3310,149,491,606,34,2024-10-25T18:18:10,2278.54
2529,SALES_0002529,3311,148,420,612,34,2024-09-14T08:06:24,4957.18
2375,SALES_0002375,3312,159,80,626,34,2024-09-24T22:19:18,4661.62
3324,SALES_0003324,3313,123,242,647,34,2024-09-22T09:32:09,2889.61
2516,SALES_0002516,3314,207,460,666,34,2024-10-20T09:35:05,2824.33
2396,SALES_0002396,3315,21,44,716,34,2024-11-06T06:06:23,4494.76
2734,SALES_0002734,3316,70,434,718,34,2024-09-11T16:22:15,1758.39
260,SALES_0000260,3317,63,288,758,34,2024-10-02T12:38:44,1693.72
1413,SALES_0001413,3318,157,388,768,34,2024-09-26T14:28:32,3319.09
3669,SALES_0003669,3319,202,498,779,34,2024-09-17T16:09:59,3994.93
4352,SALES_0004352,3320,68,129,820,34,2024-10-11T00:04:16,835.16
1567,SALES_0001567,3321,197,207,820,34,2024-10-11T23:33:41,4900.54
1929,SALES_0001929,3322,7,417,824,34,2024-10-15T11:02:48,2672.88
4542,SALES_0004542,3323,94,193,847,34,2024-09-07T12:19:23,4568.4
4699,SALES_0004699,3324,90,313,863,34,2024-10-03T00:18:59,4052.31
4566,SALES_0004566,3325,31,137,918,34,2024-10-30T03:49:39,4555.35
3981,SALES_0003981,3326,40,349,959,34,2024-10-27T05:41:24,1515.01
2632,SALES_0002632,3327,170,229,968,34,2024-10-06T02:36:45,2319.67
932,SALES_0000932,3328,11,170,969,34,2024-09-10T20:13:15,806.49
2862,SALES_0002862,3329,1,50,989,34,2024-09-27T01:12:21,901.91
2340,SALES_0002340,3330,130,21,991,34,2024-09-17T07:20:25,1954.09
4020,SALES_0004020,3331,118,237,993,34,2024-09-11T06:09:28,4316.99
2320,SALES_0002320,3332,10,252,999,34,2024-10-17T13:41:35,2114.83
441,SALES_0000441,3333,38,458,1020,34,2024-10-02T07:52:06,2853.27
3224,SALES_0003224,3334,53,470,1028,34,2024-10-01T23:59:09,1535.55
3009,SALES_0003009,3335,12,232,1035,34,2024-10-15T23:39:03,1278.62
607,SALES_0000607,3336,73,427,1045,34,2024-10-09T13:49:11,3689.28
2983,SALES_0002983,3337,40,457,1056,34,2024-10-10T06:16:58,3875.06
2022,SALES_0002022,3338,40,87,1104,34,2024-10-05T07:14:42,654.75
1351,SALES_0001351,3339,208,429,1144,34,2024-10-29T11:15:27,1728.93
4562,SALES_0004562,3340,180,27,1170,34,2024-10-26T01:45:37,2181.21
1582,SALES_0001582,3341,20,178,1200,34,2024-11-04T06:14:32,1676.55
1822,SALES_0001822,3342,13,27,1206,34,2024-09-19T10:53:08,1549.27
3801,SALES_0003801,3343,61,490,1217,34,2024-10-03T20:00:10,3683.49
4284,SALES_0004284,3344,80,167,1233,34,2024-10-01T10:48:04,3492.5
3989,SALES_0003989,3345,8,314,1236,34,2024-09-05T20:54:57,2066.9
2821,SALES_0002821,3346,19,248,1240,34,2024-10-04T16:10:07,2021.2
2719,SALES_0002719,3347,55,483,1273,34,2024-09-03T01:17:40,3174.75
1648,SALES_0001648,3348,160,55,1274,34,2024-11-11T23:40:44,2098.05
4042,SALES_0004042,3349,6,288,1292,34,2024-10-15T19:15:59,853.88
2636,SALES_0002636,3350,154,45,1324,34,2024-10-20T12:26:18,805.65
1612,SALES_0001612,3351,19,500,1330,34,2024-09-26T18:52:03,4645.8
1510,SALES_0001510,3352,80,300,1333,34,2024-09-16T06:23:53,3805.4
4408,SALES_0004408,3353,201,266,1359,34,2024-09-19T21:13:02,2969.73
2778,SALES_0002778,3354,82,227,1360,34,2024-10-02T11:29:31,4441.36
2960,SALES_0002960,3355,164,53,1380,34,2024-10-29T10:53:55,4066.64
3237,SALES_0003237,3356,23,342,1429,34,2024-11-08T17:27:23,2601.85
2674,SALES_0002674,3357,146,306,1434,34,2024-10-06T18:14:54,1894.89
1800,SALES_0001800,3358,192,318,1451,34,2024-09-29T00:11:59,1859.28
1711,SALES_0001711,3359,162,472,1451,34,2024-09-27T14:46:04,3887.7
749,SALES_0000749,3360,58,185,1479,34,2024-09-06T14:31:04,3060.06
852,SALES_0000852,3361,56,66,1493,34,2024-10-09T23:34:39,1438.07
4798,SALES_0004798,3362,112,208,1501,34,2024-09-11T05:41:23,731.55
3780,SALES_0003780,3363,130,438,1534,34,2024-11-10T23:48:48,4722.36
25,SALES_0000025,3364,192,419,1554,34,2024-10-16T22:38:58,4742.57
3556,SALES_0003556,3365,42,329,1568,34,2024-10-01T04:06:58,4054.94
3513,SALES_0003513,3366,128,279,1571,34,2024-11-02T13:00:15,893.14
1972,SALES_0001972,3367,175,180,1632,34,2024-11-07T05:13:21,1120.49
205,SALES_0000205,3368,10,318,1660,34,2024-10-05T16:00:10,916.65
3959,SALES_0003959,3369,9,211,1666,34,2024-10-03T23:18:56,3516.75
4744,SALES_0004744,3370,65,304,1708,34,2024-10-04T10:08:36,3779.58
1310,SALES_0001310,3371,40,123,1739,34,2024-09-29T13:55:07,1104.83
2226,SALES_0002226,3372,65,38,1745,34,2024-10-12T15:45:00,946.91
561,SALES_0000561,3373,73,121,1746,34,2024-09-08T15:48:08,1385.78
55,SALES_0000055,3374,149,478,1765,34,2024-10-03T22:20:44,3855.66
2277,SALES_0002277,3375,142,108,1819,34,2024-09-26T09:36:40,3783.68
1420,SALES_0001420,3376,36,342,1853,34,2024-10-20T04:39:27,1432.36
1790,SALES_0001790,3377,41,34,1868,34,2024-10-24T15:02:02,1908.18
1944,SALES_0001944,3378,72,425,1906,34,2024-10-13T17:37:19,1999.12
3152,SALES_0003152,3379,24,246,1910,34,2024-10-29T07:47:32,635.27
2435,SALES_0002435,3380,192,468,1918,34,2024-10-22T14:02:23,3000.82
3459,SALES_0003459,3381,88,42,1955,34,2024-09-22T18:01:21,1347.89
2856,SALES_0002856,3382,109,280,3,35,2024-10-14T10:44:30,2623.74
393,SALES_0000393,3383,88,36,24,35,2024-11-12T05:20:27,2778.62
3043,SALES_0003043,3384,62,407,26,35,2024-10-12T07:52:48,2801.62
3122,SALES_0003122,3385,14,236,28,35,2024-10-01T12:25:57,4346.82
3020,SALES_0003020,3386,186,398,57,35,2024-10-18T12:48:14,930.4
4550,SALES_0004550,3387,21,259,80,35,2024-10-24T19:19:43,2217.07
4487,SALES_0004487,3388,54,384,96,35,2024-10-04T06:46:36,1424.86
3160,SALES_0003160,3389,18,110,102,35,2024-11-09T03:30:45,3543.31
4648,SALES_0004648,3390,148,323,147,35,2024-10-13T15:57:58,3989.85
859,SALES_0000859,3391,112,466,173,35,2024-11-14T22:18:15,4741.88
4504,SALES_0004504,3392,42,384,182,35,2024-10-01T23:33:03,2704.44
4948,SALES_0004948,3393,83,162,214,35,2024-10-31T00:32:06,2737.74
2915,SALES_0002915,3394,58,392,221,35,2024-10-09T09:41:06,4344.79
4800,SALES_0004800,3395,80,303,237,35,2024-10-29T12:03:59,4261.4
948,SALES_0000948,3396,128,467,267,35,2024-10-17T05:24:32,4145.92
566,SALES_0000566,3397,190,187,270,35,2024-11-10T17:52:52,2818.09
2576,SALES_0002576,3398,115,7,291,35,2024-10-28T02:43:01,1811.13
2073,SALES_0002073,3399,99,263,304,35,2024-09-30T20:02:24,2341.73
4675,SALES_0004675,3400,79,294,365,35,2024-09-30T21:08:29,2862.37
359,SALES_0000359,3401,210,79,382,35,2024-10-13T17:29:26,3875.42
2910,SALES_0002910,3402,88,406,499,35,2024-10-15T07:24:58,510.95
1780,SALES_0001780,3403,21,302,509,35,2024-10-03T13:29:52,624.85
2698,SALES_0002698,3404,40,246,510,35,2024-10-26T09:38:04,1514.97
3477,SALES_0003477,3405,160,233,524,35,2024-09-30T15:19:51,520.43
1074,SALES_0001074,3406,26,22,527,35,2024-10-08T05:37:56,1983.58
1072,SALES_0001072,3407,183,357,537,35,2024-10-22T11:35:29,3911.79
4914,SALES_0004914,3408,151,84,552,35,2024-10-03T20:55:50,1754.64
3724,SALES_0003724,3409,93,449,562,35,2024-10-21T20:45:54,4710.13
3218,SALES_0003218,3410,199,291,565,35,2024-11-03T23:03:29,946.33
4886,SALES_0004886,3411,38,140,612,35,2024-09-28T12:59:21,4781.94
559,SALES_0000559,3412,172,147,663,35,2024-11-06T04:18:16,3014.5
2465,SALES_0002465,3413,40,185,668,35,2024-11-13T21:55:38,4758.81
4642,SALES_0004642,3414,16,328,671,35,2024-10-12T08:52:30,3925.76
1169,SALES_0001169,3415,84,83,681,35,2024-10-22T15:13:03,3798.03
670,SALES_0000670,3416,136,485,693,35,2024-10-06T02:31:02,4777.68
3748,SALES_0003748,3417,62,255,726,35,2024-11-15T17:07:31,4385.79
495,SALES_0000495,3418,31,88,759,35,2024-11-12T19:08:20,979.72
3375,SALES_0003375,3419,81,380,773,35,2024-10-27T17:28:51,984.62
3501,SALES_0003501,3420,196,385,811,35,2024-10-10T00:30:48,1402.2
1287,SALES_0001287,3421,91,274,855,35,2024-11-14T11:50:06,2306.93
1722,SALES_0001722,3422,169,235,869,35,2024-10-17T22:31:46,3050.74
2498,SALES_0002498,3423,37,353,876,35,2024-11-06T19:31:14,2019.44
2765,SALES_0002765,3424,197,177,879,35,2024-10-07T03:08:26,3761.53
2207,SALES_0002207,3425,192,359,922,35,2024-11-01T12:20:44,4420.35
2404,SALES_0002404,3426,93,309,932,35,2024-10-09T09:46:56,1074.31
2476,SALES_0002476,3427,143,154,934,35,2024-10-28T13:06:39,2885.36
2708,SALES_0002708,3428,133,250,943,35,2024-11-13T04:40:31,1680.69
1349,SALES_0001349,3429,34,122,984,35,2024-11-12T08:13:10,4083.96
2349,SALES_0002349,3430,170,344,989,35,2024-11-10T09:04:53,2409.47
2172,SALES_0002172,3431,193,112,990,35,2024-10-13T06:41:05,3039.86
907,SALES_0000907,3432,65,429,1009,35,2024-11-14T22:52:01,1377.75
2543,SALES_0002543,3433,207,409,1025,35,2024-11-09T00:02:59,4077.73
3338,SALES_0003338,3434,101,353,1044,35,2024-10-19T03:43:28,3517.2
2296,SALES_0002296,3435,132,282,1049,35,2024-11-08T15:09:49,3752.73
4154,SALES_0004154,3436,53,197,1050,35,2024-10-20T23:33:01,4540.33
750,SALES_0000750,3437,18,375,1062,35,2024-10-29T17:05:28,3870.99
2647,SALES_0002647,3438,145,28,1087,35,2024-11-07T02:32:30,1897.51
4941,SALES_0004941,3439,166,81,1135,35,2024-11-01T12:11:36,2959.41
3885,SALES_0003885,3440,82,326,1170,35,2024-11-16T03:51:09,3508.17
2617,SALES_0002617,3441,18,262,1172,35,2024-11-17T19:32:07,1865.23
3201,SALES_0003201,3442,105,416,1183,35,2024-10-26T16:02:21,2175.78
1008,SALES_0001008,3443,190,119,1235,35,2024-10-30T21:27:16,4889.11
908,SALES_0000908,3444,68,214,1264,35,2024-11-09T18:20:10,2772.41
1335,SALES_0001335,3445,67,183,1326,35,2024-10-23T06:59:18,4950.63
3752,SALES_0003752,3446,23,184,1354,35,2024-10-24T06:10:06,899.69
1562,SALES_0001562,3447,61,462,1367,35,2024-10-04T04:09:33,2279.53
4647,SALES_0004647,3448,132,370,1368,35,2024-11-03T12:37:19,4484.95
833,SALES_0000833,3449,189,479,1375,35,2024-11-18T02:32:55,3438.68
3,SALES_0000003,3450,71,411,1388,35,2024-10-02T13:50:38,2915.91
1712,SALES_0001712,3451,82,481,1392,35,2024-10-27T11:49:19,2501.62
28,SALES_0000028,3452,86,317,1395,35,2024-10-31T05:17:15,2323.17
1456,SALES_0001456,3453,41,411,1405,35,2024-11-08T14:36:47,3754.35
1785,SALES_0001785,3454,188,293,1407,35,2024-10-31T21:56:27,4859.7
2239,SALES_0002239,3455,210,485,1433,35,2024-10-05T06:33:14,1400.38
4661,SALES_0004661,3456,113,358,1444,35,2024-10-16T05:22:27,3076.72
3306,SALES_0003306,3457,41,227,1467,35,2024-10-30T12:59:50,2673.78
85,SALES_0000085,3458,132,114,1514,35,2024-10-18T11:29:48,2129.06
1657,SALES_0001657,3459,95,431,1552,35,2024-11-12T19:06:07,1206.44
1129,SALES_0001129,3460,7,265,1555,35,2024-09-28T23:51:59,992.43
2095,SALES_0002095,3461,37,129,1597,35,2024-10-27T18:52:02,3813.17
1701,SALES_0001701,3462,177,418,1598,35,2024-10-26T03:58:59,740.79
2816,SALES_0002816,3463,18,288,1614,35,2024-10-30T00:37:42,3057.2
3134,SALES_0003134,3464,33,354,1646,35,2024-10-25T17:27:41,1029.71
4317,SALES_0004317,3465,42,167,1649,35,2024-10-07T20:19:38,3547.83
4059,SALES_0004059,3466,84,321,1658,35,2024-10-14T00:20:04,2927.51
456,SALES_0000456,3467,28,485,1693,35,2024-09-28T20:44:24,1502.44
1523,SALES_0001523,3468,57,198,1694,35,2024-10-19T21:41:13,2214.32
129,SALES_0000129,3469,179,119,1695,35,2024-10-20T01:33:17,796.26
2482,SALES_0002482,3470,55,99,1701,35,2024-10-23T20:46:19,1481.66
4146,SALES_0004146,3471,44,309,1712,35,2024-10-20T16:52:04,4876.3
1530,SALES_0001530,3472,123,31,1720,35,2024-10-26T12:10:37,985.83
807,SALES_0000807,3473,117,298,1731,35,2024-10-15T06:17:28,2161.48
864,SALES_0000864,3474,90,37,1756,35,2024-10-01T20:37:34,2996.89
2718,SALES_0002718,3475,33,2,1758,35,2024-10-10T21:49:00,4227.42
61,SALES_0000061,3476,189,316,1759,35,2024-10-04T20:28:40,2486.12
3872,SALES_0003872,3477,134,80,1770,35,2024-10-28T06:07:29,2217.73
117,SALES_0000117,3478,127,496,1772,35,2024-11-18T15:16:00,2946.98
1337,SALES_0001337,3479,88,293,1780,35,2024-10-08T09:23:54,870.17
2175,SALES_0002175,3480,171,80,1781,35,2024-10-05T20:36:52,4131.62
4259,SALES_0004259,3481,209,140,1781,35,2024-11-08T04:23:17,2699.24
1966,SALES_0001966,3482,179,37,1798,35,2024-09-29T10:39:15,2668.34
1876,SALES_0001876,3483,183,325,1802,35,2024-10-08T04:06:11,664.87
3822,SALES_0003822,3484,209,390,1833,35,2024-10-11T13:29:37,1126.21
527,SALES_0000527,3485,181,176,1845,35,2024-10-10T22:24:37,1048.07
16,SALES_0000016,3486,119,156,1875,35,2024-10-25T15:44:43,4769.54
1781,SALES_0001781,3487,146,375,1900,35,2024-11-20T13:19:18,553.45
3303,SALES_0003303,3488,4,2,1904,35,2024-10-25T10:39:18,1016.05
1571,SALES_0001571,3489,8,119,1931,35,2024-10-25T18:34:57,3142.21
32,SALES_0000032,3490,79,332,1982,35,2024-10-24T20:11:08,4178.58
3387,SALES_0003387,3491,158,73,1984,35,2024-10-25T07:04:26,2649.16
3113,SALES_0003113,3492,92,266,1986,35,2024-10-03T23:01:32,1546.13
4539,SALES_0004539,3493,193,12,29,36,2024-10-23T16:05:47,2992.6
762,SALES_0000762,3494,76,189,39,36,2024-11-01T05:13:14,1069.19
3943,SALES_0003943,3495,164,242,67,36,2024-11-19T12:59:10,1145.39
1302,SALES_0001302,3496,197,391,78,36,2024-10-31T09:06:50,4445.28
4433,SALES_0004433,3497,98,293,105,36,2024-11-05T20:52:38,3070.87
1988,SALES_0001988,3498,111,483,109,36,2024-11-13T15:25:30,4722.77
3709,SALES_0003709,3499,18,266,143,36,2024-11-16T04:31:33,964.96
900,SALES_0000900,3500,145,35,170,36,2024-10-28T16:35:38,2617.39
1123,SALES_0001123,3501,80,303,249,36,2024-10-30T02:02:15,1276.32
3175,SALES_0003175,3502,82,72,284,36,2024-10-28T05:47:28,1013.51
2638,SALES_0002638,3503,41,421,289,36,2024-11-11T22:36:04,2040
615,SALES_0000615,3504,135,79,322,36,2024-10-31T21:18:23,2842.6
2899,SALES_0002899,3505,146,280,332,36,2024-10-26T23:46:10,811.78
4238,SALES_0004238,3506,149,431,343,36,2024-10-23T14:23:34,627.95
2701,SALES_0002701,3507,159,142,367,36,2024-11-16T04:57:54,3477.24
2399,SALES_0002399,3508,2,53,368,36,2024-11-06T16:38:15,3878.53
3497,SALES_0003497,3509,33,158,371,36,2024-11-19T14:52:23,1266.67
2197,SALES_0002197,3510,140,355,398,36,2024-10-25T07:00:25,506.56
3956,SALES_0003956,3511,24,215,401,36,2024-11-06T23:16:30,4321
2613,SALES_0002613,3512,38,178,402,36,2024-11-06T16:00:05,637.27
2136,SALES_0002136,3513,80,311,444,36,2024-11-09T21:29:07,1702.38
3625,SALES_0003625,3514,167,447,454,36,2024-11-20T21:47:19,3613.41
740,SALES_0000740,3515,50,465,459,36,2024-10-23T16:47:37,4952.88
4028,SALES_0004028,3516,41,328,469,36,2024-11-09T14:32:19,1180.4
587,SALES_0000587,3517,179,89,496,36,2024-11-17T15:30:09,4810.43
3083,SALES_0003083,3518,157,372,517,36,2024-10-28T21:05:17,3473.22
4581,SALES_0004581,3519,96,399,518,36,2024-11-01T05:15:01,4622.28
3952,SALES_0003952,3520,5,301,522,36,2024-11-12T10:34:29,724.54
3335,SALES_0003335,3521,66,128,605,36,2024-11-15T03:19:26,4104.51
88,SALES_0000088,3522,20,129,607,36,2024-10-31T08:01:01,4719.01
2355,SALES_0002355,3523,36,455,613,36,2024-10-26T16:56:29,3242.02
4832,SALES_0004832,3524,154,471,613,36,2024-10-26T08:44:18,2180.23
3221,SALES_0003221,3525,91,161,638,36,2024-11-11T23:44:14,4785.89
3367,SALES_0003367,3526,109,143,682,36,2024-11-05T23:53:39,3412.91
1983,SALES_0001983,3527,56,149,691,36,2024-10-31T07:53:55,4737.9
745,SALES_0000745,3528,56,418,710,36,2024-11-17T00:35:23,4557.83
2230,SALES_0002230,3529,125,287,712,36,2024-11-12T04:07:25,4818.09
818,SALES_0000818,3530,86,312,726,36,2024-11-11T03:01:48,3472.9
1084,SALES_0001084,3531,64,186,727,36,2024-10-26T07:55:16,3498.06
1540,SALES_0001540,3532,205,387,747,36,2024-11-09T19:36:00,3777.27
536,SALES_0000536,3533,134,154,756,36,2024-11-09T09:36:03,2037.29
2424,SALES_0002424,3534,133,318,778,36,2024-10-25T02:54:56,2463.42
4205,SALES_0004205,3535,149,47,783,36,2024-11-18T11:49:39,932.26
1873,SALES_0001873,3536,152,228,798,36,2024-10-24T14:06:21,1496.7
1676,SALES_0001676,3537,84,434,833,36,2024-10-30T21:36:35,990.46
2695,SALES_0002695,3538,180,226,834,36,2024-11-11T07:43:16,4466.22
37,SALES_0000037,3539,34,457,834,36,2024-11-18T19:47:59,3245.25
2871,SALES_0002871,3540,6,280,842,36,2024-11-02T06:44:47,4311.9
552,SALES_0000552,3541,184,339,901,36,2024-11-13T12:31:37,2990.78
4431,SALES_0004431,3542,26,456,901,36,2024-11-07T14:25:04,3801.08
1622,SALES_0001622,3543,109,194,1017,36,2024-11-03T02:11:22,1004.23
324,SALES_0000324,3544,17,244,1047,36,2024-11-01T15:12:20,4667.57
1923,SALES_0001923,3545,97,220,1053,36,2024-11-08T20:52:40,4855.81
184,SALES_0000184,3546,73,61,1065,36,2024-11-14T09:58:29,1312.89
2160,SALES_0002160,3547,57,488,1088,36,2024-10-25T17:00:20,1343.54
3421,SALES_0003421,3548,14,112,1091,36,2024-11-09T02:41:17,817.28
823,SALES_0000823,3549,55,484,1094,36,2024-10-25T12:30:12,3850.87
4721,SALES_0004721,3550,149,334,1128,36,2024-11-05T08:39:54,3613.93
1915,SALES_0001915,3551,47,487,1142,36,2024-11-14T08:57:22,3244.8
3364,SALES_0003364,3552,191,275,1196,36,2024-11-06T11:55:12,2073.54
1834,SALES_0001834,3553,174,331,1207,36,2024-11-05T15:38:25,1044.09
2716,SALES_0002716,3554,69,174,1256,36,2024-11-17T22:11:17,1852.83
3192,SALES_0003192,3555,41,134,1268,36,2024-11-17T08:56:06,4233.69
1755,SALES_0001755,3556,196,32,1294,36,2024-11-10T14:12:08,3187.15
1359,SALES_0001359,3557,162,374,1314,36,2024-11-17T06:58:04,3219.15
466,SALES_0000466,3558,143,495,1349,36,2024-11-09T06:55:55,4259.27
1192,SALES_0001192,3559,53,380,1406,36,2024-11-03T02:50:35,668.1
6,SALES_0000006,3560,82,183,1413,36,2024-10-28T11:45:32,2984.71
229,SALES_0000229,3561,98,291,1423,36,2024-10-23T14:59:32,623.31
2614,SALES_0002614,3562,130,16,1442,36,2024-11-09T06:30:09,2740.08
1248,SALES_0001248,3563,21,291,1442,36,2024-11-13T19:46:01,923.9
2530,SALES_0002530,3564,103,360,1459,36,2024-11-01T07:18:39,3091.71
3336,SALES_0003336,3565,100,312,1465,36,2024-11-02T12:03:13,1002.03
4174,SALES_0004174,3566,52,2,1466,36,2024-10-29T12:55:52,4887.37
3025,SALES_0003025,3567,110,23,1469,36,2024-10-29T04:45:30,4250.14
4428,SALES_0004428,3568,151,168,1512,36,2024-11-19T14:05:58,4619.46
3715,SALES_0003715,3569,46,16,1531,36,2024-10-26T08:46:25,594.82
4678,SALES_0004678,3570,188,24,1537,36,2024-11-17T15:43:40,4978.88
2500,SALES_0002500,3571,112,157,1561,36,2024-10-23T22:27:03,1716.95
4457,SALES_0004457,3572,180,487,1568,36,2024-11-11T15:10:45,2176.6
4825,SALES_0004825,3573,199,209,1571,36,2024-11-09T22:09:37,3117.22
4670,SALES_0004670,3574,115,432,1572,36,2024-11-01T15:16:44,1626.98
3511,SALES_0003511,3575,174,441,1602,36,2024-11-05T10:31:13,3272.12
1472,SALES_0001472,3576,20,373,1613,36,2024-10-23T15:41:58,4790.22
3317,SALES_0003317,3577,85,136,1628,36,2024-11-19T09:55:51,1585.82
2027,SALES_0002027,3578,41,284,1667,36,2024-11-13T15:52:14,4622.33
2370,SALES_0002370,3579,92,180,1671,36,2024-11-09T05:00:32,4402.08
2501,SALES_0002501,3580,144,287,1671,36,2024-11-15T14:59:42,636.34
3777,SALES_0003777,3581,177,302,1696,36,2024-11-13T17:41:47,1093.17
831,SALES_0000831,3582,148,459,1705,36,2024-10-31T14:56:26,2508.62
1334,SALES_0001334,3583,129,185,1752,36,2024-11-16T17:37:46,4968.13
4585,SALES_0004585,3584,135,402,1762,36,2024-11-01T21:02:40,2681.26
2295,SALES_0002295,3585,166,412,1762,36,2024-10-28T08:10:16,2877.22
4877,SALES_0004877,3586,116,235,1804,36,2024-10-29T20:07:28,3596.56
370,SALES_0000370,3587,58,58,1820,36,2024-11-08T13:15:16,4270.91
4616,SALES_0004616,3588,33,301,1828,36,2024-10-31T15:59:32,3424
4738,SALES_0004738,3589,135,477,1837,36,2024-11-11T13:29:26,4766.89
4884,SALES_0004884,3590,139,178,1838,36,2024-11-14T18:20:33,3797.91
1177,SALES_0001177,3591,4,306,1902,36,2024-11-08T06:27:24,968.91
4600,SALES_0004600,3592,156,163,1911,36,2024-10-28T10:01:27,3761.64
2227,SALES_0002227,3593,199,161,1924,36,2024-10-30T20:19:25,4396.27
4189,SALES_0004189,3594,149,293,1950,36,2024-11-06T04:22:37,1276.33
3539,SALES_0003539,3595,92,187,7,37,2024-07-20T15:01:05,4617.08
237,SALES_0000237,3596,188,170,13,37,2024-06-17T07:20:15,4574.59
4029,SALES_0004029,3597,6,414,29,37,2024-08-15T04:23:24,3203.14
2690,SALES_0002690,3598,165,495,69,37,2024-11-11T23:45:44,660.91
3845,SALES_0003845,3599,86,411,96,37,2024-06-28T14:50:20,2876.76
4688,SALES_0004688,3600,32,383,120,37,2024-10-28T13:11:59,1900.35
4483,SALES_0004483,3601,75,297,134,37,2024-07-11T07:57:19,2000.53
457,SALES_0000457,3602,34,288,213,37,2024-05-21T12:29:26,4551.07
3074,SALES_0003074,3603,82,216,232,37,2024-10-08T18:22:01,4574.62
3898,SALES_0003898,3604,32,449,314,37,2024-10-03T00:34:50,2430.05
710,SALES_0000710,3605,63,409,315,37,2024-07-31T13:41:32,3742.67
2594,SALES_0002594,3606,114,260,326,37,2024-09-22T01:12:28,3593.16
4024,SALES_0004024,3607,3,416,349,37,2024-10-11T08:18:48,1515.19
3150,SALES_0003150,3608,207,209,354,37,2024-04-22T18:48:40,1750.49
54,SALES_0000054,3609,93,480,395,37,2024-11-18T04:48:35,3286.83
1388,SALES_0001388,3610,131,271,397,37,2024-09-17T18:54:29,508.69
4649,SALES_0004649,3611,18,498,416,37,2024-06-23T05:53:14,1851.28
1019,SALES_0001019,3612,21,161,438,37,2024-05-25T06:10:42,3763
2414,SALES_0002414,3613,78,97,464,37,2024-05-20T05:58:12,950.13
4062,SALES_0004062,3614,171,375,477,37,2024-10-11T05:40:16,3906.58
79,SALES_0000079,3615,195,263,487,37,2024-11-21T16:57:26,1148.15
3554,SALES_0003554,3616,206,137,504,37,2024-03-26T06:02:57,2822.48
2755,SALES_0002755,3617,28,473,505,37,2024-10-16T14:16:55,2897.98
1226,SALES_0001226,3618,41,283,511,37,2024-11-01T11:25:39,3989.92
920,SALES_0000920,3619,75,399,543,37,2024-04-13T08:54:54,4086.28
358,SALES_0000358,3620,146,332,546,37,2024-10-24T15:53:12,4272.18
4959,SALES_0004959,3621,149,470,566,37,2024-07-10T11:11:07,4753.07
4451,SALES_0004451,3622,49,334,620,37,2024-08-09T05:53:18,4406.45
2832,SALES_0002832,3623,72,210,632,37,2024-04-03T12:08:11,1933.66
2311,SALES_0002311,3624,15,341,639,37,2024-11-20T01:01:51,2150.92
1807,SALES_0001807,3625,200,120,655,37,2024-09-16T16:53:38,1540.97
551,SALES_0000551,3626,31,75,704,37,2024-04-14T04:54:39,3201.12
4005,SALES_0004005,3627,85,357,728,37,2024-10-25T10:26:07,4988.67
2791,SALES_0002791,3628,67,479,782,37,2024-05-16T16:27:31,4276
677,SALES_0000677,3629,71,126,790,37,2024-07-06T11:42:19,3681.87
2369,SALES_0002369,3630,153,463,832,37,2024-07-09T20:04:55,2873.1
1668,SALES_0001668,3631,33,495,850,37,2024-08-03T01:31:27,2534.49
2770,SALES_0002770,3632,104,227,909,37,2024-07-12T20:22:36,1357.24
3413,SALES_0003413,3633,126,119,927,37,2024-11-11T00:51:55,2990.39
1829,SALES_0001829,3634,175,50,948,37,2024-09-13T03:37:31,1811.53
2163,SALES_0002163,3635,179,443,961,37,2024-05-05T12:59:19,1351.17
4632,SALES_0004632,3636,204,294,962,37,2024-11-21T17:21:03,2138.19
1537,SALES_0001537,3637,200,1,988,37,2024-09-28T11:50:40,2017.49
3070,SALES_0003070,3638,7,60,1090,37,2024-04-21T15:58:51,3125.48
1969,SALES_0001969,3639,78,480,1168,37,2024-04-29T19:09:40,1401.42
1928,SALES_0001928,3640,207,393,1266,37,2024-04-11T02:55:54,3004.74
1863,SALES_0001863,3641,188,110,1313,37,2024-09-22T10:58:26,715.17
2133,SALES_0002133,3642,3,212,1353,37,2024-08-12T16:43:20,3816.17
153,SALES_0000153,3643,147,57,1363,37,2024-04-27T18:12:39,852.99
1916,SALES_0001916,3644,107,259,1402,37,2024-08-25T08:11:41,2197.73
3118,SALES_0003118,3645,204,380,1426,37,2024-10-04T07:20:25,3555.45
3742,SALES_0003742,3646,160,357,1502,37,2024-04-17T02:14:16,4391.12
2949,SALES_0002949,3647,149,139,1529,37,2024-06-27T07:44:09,1504.37
2101,SALES_0002101,3648,17,103,1544,37,2024-11-11T15:36:33,3792.66
2968,SALES_0002968,3649,43,257,1549,37,2024-07-03T12:56:01,4761
2574,SALES_0002574,3650,140,82,1573,37,2024-09-17T11:53:57,3463.98
2930,SALES_0002930,3651,56,420,1587,37,2024-03-27T13:16:21,1845.24
1150,SALES_0001150,3652,48,155,1594,37,2024-08-26T17:24:31,2386.78
2679,SALES_0002679,3653,81,84,1604,37,2024-06-12T22:04:05,3491.98
302,SALES_0000302,3654,141,65,1622,37,2024-09-10T23:17:22,905.49
2757,SALES_0002757,3655,29,420,1628,37,2024-06-03T15:52:42,3569.79
3444,SALES_0003444,3656,124,26,1694,37,2024-07-02T04:50:29,2012.16
145,SALES_0000145,3657,140,92,1709,37,2024-08-15T07:59:03,2961.89
3347,SALES_0003347,3658,70,468,1814,37,2024-07-14T12:06:51,3983.14
368,SALES_0000368,3659,176,45,1820,37,2024-06-03T11:51:19,3554.93
1982,SALES_0001982,3660,210,485,1827,37,2024-09-30T16:14:39,1062.15
4683,SALES_0004683,3661,6,288,1865,37,2024-09-13T19:22:30,4194.77
2043,SALES_0002043,3662,171,54,1880,37,2024-11-18T19:20:17,1514.37
3542,SALES_0003542,3663,10,457,1900,37,2024-06-04T18:56:43,2506.92
4338,SALES_0004338,3664,103,211,1986,37,2024-07-25T08:29:41,4326.55
2023,SALES_0002023,3665,210,394,15,38,2024-09-13T16:46:50,3708.28
4103,SALES_0004103,3666,13,424,18,38,2024-11-22T18:34:18,3725.44
2018,SALES_0002018,3667,175,261,24,38,2024-10-15T20:33:05,3228.18
267,SALES_0000267,3668,96,248,53,38,2024-09-04T10:37:25,2341.3
3392,SALES_0003392,3669,45,255,60,38,2024-11-12T09:34:09,752.82
4696,SALES_0004696,3670,176,17,66,38,2024-09-24T03:07:58,4495.68
3731,SALES_0003731,3671,118,370,85,38,2024-11-04T15:10:44,646.64
1336,SALES_0001336,3672,77,471,103,38,2024-09-10T15:44:05,4317.74
2988,SALES_0002988,3673,46,326,118,38,2024-09-22T01:35:58,604.12
2254,SALES_0002254,3674,70,9,122,38,2024-09-15T00:22:50,1989.12
2394,SALES_0002394,3675,131,251,127,38,2024-09-23T16:42:03,2282.35
883,SALES_0000883,3676,43,31,134,38,2024-11-11T10:56:46,2584.09
2836,SALES_0002836,3677,5,171,166,38,2024-09-29T01:37:27,4730.17
2270,SALES_0002270,3678,70,285,201,38,2024-09-05T02:24:18,1368.65
4754,SALES_0004754,3679,71,359,217,38,2024-09-27T04:23:00,4350.7
3166,SALES_0003166,3680,169,278,226,38,2024-10-04T19:03:57,4280.7
2397,SALES_0002397,3681,175,257,277,38,2024-10-12T17:02:28,1593.3
4851,SALES_0004851,3682,190,49,290,38,2024-09-28T11:06:12,4940.6
4364,SALES_0004364,3683,133,126,311,38,2024-09-22T11:20:04,3867.86
1050,SALES_0001050,3684,19,217,311,38,2024-09-22T09:12:37,3144.37
3964,SALES_0003964,3685,102,410,311,38,2024-09-07T15:02:19,1428.72
1213,SALES_0001213,3686,102,121,334,38,2024-11-05T23:16:46,4833.17
4351,SALES_0004351,3687,178,28,370,38,2024-10-31T15:44:50,3459.37
3697,SALES_0003697,3688,92,241,469,38,2024-11-01T15:51:17,2204.4
4770,SALES_0004770,3689,165,215,497,38,2024-09-18T12:52:16,3297.15
628,SALES_0000628,3690,209,313,507,38,2024-10-15T00:32:30,2619.32
4580,SALES_0004580,3691,197,299,549,38,2024-09-18T00:46:47,858.45
4655,SALES_0004655,3692,122,355,601,38,2024-11-12T04:49:58,3843.39
4437,SALES_0004437,3693,152,454,634,38,2024-11-17T02:42:37,1518.18
3321,SALES_0003321,3694,84,145,649,38,2024-10-25T06:01:58,4543.4
3865,SALES_0003865,3695,137,254,652,38,2024-10-06T19:05:15,3852.49
76,SALES_0000076,3696,181,366,678,38,2024-11-07T09:56:20,3816.4
4083,SALES_0004083,3697,206,197,705,38,2024-10-04T07:51:43,1460.07
624,SALES_0000624,3698,78,335,732,38,2024-09-03T07:26:31,1328.15
3632,SALES_0003632,3699,169,102,735,38,2024-10-23T20:27:31,3754.86
783,SALES_0000783,3700,27,139,735,38,2024-10-08T11:12:32,2843.58
606,SALES_0000606,3701,203,482,807,38,2024-11-18T15:47:47,4682.83
2740,SALES_0002740,3702,37,81,808,38,2024-11-01T16:51:46,3527.89
2318,SALES_0002318,3703,22,136,835,38,2024-09-14T00:38:32,4177.5
2462,SALES_0002462,3704,16,36,859,38,2024-10-15T06:39:40,2654.77
702,SALES_0000702,3705,86,137,878,38,2024-10-01T16:21:53,3605.85
3738,SALES_0003738,3706,57,87,906,38,2024-09-09T09:57:33,1703.1
134,SALES_0000134,3707,192,394,963,38,2024-10-29T20:07:12,4180.9
3927,SALES_0003927,3708,180,86,977,38,2024-09-29T02:59:35,4619.93
1991,SALES_0001991,3709,87,235,1004,38,2024-09-03T06:20:04,1767.51
2031,SALES_0002031,3710,52,186,1013,38,2024-09-21T04:01:53,2205.21
4574,SALES_0004574,3711,7,316,1024,38,2024-10-28T09:49:18,1288.16
161,SALES_0000161,3712,134,415,1068,38,2024-09-24T12:58:59,516.74
4830,SALES_0004830,3713,87,390,1083,38,2024-11-16T12:16:29,847.15
2106,SALES_0002106,3714,193,432,1126,38,2024-11-14T00:46:55,967.85
701,SALES_0000701,3715,157,5,1145,38,2024-09-30T09:09:40,1335.9
4289,SALES_0004289,3716,119,467,1162,38,2024-09-24T02:44:13,4165.5
3065,SALES_0003065,3717,202,499,1201,38,2024-11-11T16:19:33,3821.39
4671,SALES_0004671,3718,40,424,1205,38,2024-09-06T14:51:46,3657.61
2486,SALES_0002486,3719,75,273,1221,38,2024-11-19T06:29:52,4417.97
251,SALES_0000251,3720,185,136,1256,38,2024-10-13T15:53:39,3769.18
1513,SALES_0001513,3721,135,418,1263,38,2024-09-04T09:42:05,1125.33
4596,SALES_0004596,3722,12,210,1277,38,2024-09-06T13:11:24,824.79
4827,SALES_0004827,3723,184,430,1295,38,2024-11-26T01:38:33,3054.49
1480,SALES_0001480,3724,108,58,1322,38,2024-11-07T19:15:08,2151.52
3352,SALES_0003352,3725,113,433,1338,38,2024-09-12T02:05:35,1337.59
4021,SALES_0004021,3726,12,95,1355,38,2024-09-20T15:46:35,997.46
632,SALES_0000632,3727,42,257,1360,38,2024-09-21T22:48:08,3577.23
2531,SALES_0002531,3728,76,346,1418,38,2024-11-17T16:24:50,4193.85
255,SALES_0000255,3729,130,27,1420,38,2024-11-23T21:43:31,1659.24
232,SALES_0000232,3730,93,451,1463,38,2024-11-06T19:33:18,1869.53
944,SALES_0000944,3731,134,288,1504,38,2024-10-01T06:13:33,525.6
3682,SALES_0003682,3732,55,454,1583,38,2024-09-21T02:41:31,4104.32
4568,SALES_0004568,3733,82,44,1590,38,2024-09-24T14:00:12,1665.04
2241,SALES_0002241,3734,29,68,1649,38,2024-11-18T01:29:30,3447.39
1740,SALES_0001740,3735,66,230,1660,38,2024-09-17T16:53:39,1459.6
4326,SALES_0004326,3736,203,445,1682,38,2024-10-27T14:14:27,2886.11
4698,SALES_0004698,3737,167,321,1723,38,2024-11-04T23:08:31,1942.09
3597,SALES_0003597,3738,210,162,1728,38,2024-09-12T15:32:09,651.3
4172,SALES_0004172,3739,206,103,1740,38,2024-10-18T16:08:00,4375.48
1053,SALES_0001053,3740,94,185,1778,38,2024-11-13T17:15:46,4926.3
788,SALES_0000788,3741,117,253,1794,38,2024-11-26T00:56:33,4511.87
3430,SALES_0003430,3742,42,352,1820,38,2024-11-03T23:39:19,600.98
1383,SALES_0001383,3743,149,216,1833,38,2024-11-16T04:09:30,3281.98
433,SALES_0000433,3744,161,232,1857,38,2024-11-22T12:09:43,1938.81
1301,SALES_0001301,3745,123,422,1861,38,2024-09-19T13:37:24,4203.06
1418,SALES_0001418,3746,96,40,1902,38,2024-09-13T09:13:12,4607.08
1609,SALES_0001609,3747,59,233,1975,38,2024-11-04T23:56:55,2370.93
832,SALES_0000832,3748,1,226,1983,38,2024-11-10T23:38:48,4638.59
373,SALES_0000373,3749,102,311,1988,38,2024-11-18T12:06:24,3816.46
1878,SALES_0001878,3750,32,155,1991,38,2024-09-11T11:03:29,2625.77
4610,SALES_0004610,3751,140,288,1996,38,2024-11-25T05:13:30,3817.42
2828,SALES_0002828,3752,81,302,1997,38,2024-11-15T22:53:39,2018.11
418,SALES_0000418,3753,60,172,1999,38,2024-11-16T12:33:04,1688.66
4145,SALES_0004145,3754,207,305,45,39,2024-11-23T23:59:52,3839.27
4117,SALES_0004117,3755,90,302,55,39,2024-11-26T01:45:45,1772.89
3870,SALES_0003870,3756,190,38,117,39,2024-11-15T06:42:33,4698.2
4685,SALES_0004685,3757,177,213,119,39,2024-11-25T20:15:50,4026.82
3588,SALES_0003588,3758,67,482,126,39,2024-11-20T22:02:48,2575.36
4036,SALES_0004036,3759,91,278,159,39,2024-11-15T11:37:54,2896.67
4243,SALES_0004243,3760,210,306,160,39,2024-11-15T15:13:25,1754.43
4992,SALES_0004992,3761,152,366,208,39,2024-11-14T03:03:20,3641.24
1659,SALES_0001659,3762,123,126,215,39,2024-11-17T09:22:25,3761.8
2181,SALES_0002181,3763,168,87,219,39,2024-11-22T04:44:17,3681.93
4725,SALES_0004725,3764,176,379,240,39,2024-11-18T17:34:48,3896.75
3200,SALES_0003200,3765,133,214,244,39,2024-11-20T09:20:13,3404.69
3435,SALES_0003435,3766,14,137,263,39,2024-11-16T06:48:53,981.21
1782,SALES_0001782,3767,51,358,281,39,2024-11-22T02:15:18,2727.17
2768,SALES_0002768,3768,109,189,325,39,2024-11-26T15:13:52,4470.35
691,SALES_0000691,3769,161,116,353,39,2024-11-20T19:46:43,4931.97
626,SALES_0000626,3770,187,329,357,39,2024-11-28T20:29:14,3923.66
4519,SALES_0004519,3771,126,240,374,39,2024-11-15T08:05:38,2391.92
2956,SALES_0002956,3772,137,136,387,39,2024-11-15T03:27:01,3337.81
3253,SALES_0003253,3773,122,44,392,39,2024-11-25T02:54:52,1337.64
3530,SALES_0003530,3774,101,483,439,39,2024-11-15T12:18:40,4259.78
3184,SALES_0003184,3775,71,369,451,39,2024-11-20T20:02:26,4244.29
459,SALES_0000459,3776,196,40,461,39,2024-11-17T14:14:09,4273.43
1546,SALES_0001546,3777,47,297,475,39,2024-11-15T06:09:57,890.98
3508,SALES_0003508,3778,69,275,483,39,2024-11-24T21:27:06,1083.4
3688,SALES_0003688,3779,6,421,547,39,2024-11-25T22:47:00,2764.21
2182,SALES_0002182,3780,56,160,556,39,2024-11-15T18:22:19,2701.44
2079,SALES_0002079,3781,2,72,563,39,2024-11-23T13:51:09,1959.23
977,SALES_0000977,3782,109,295,566,39,2024-11-17T13:43:51,2358.92
593,SALES_0000593,3783,208,445,607,39,2024-11-17T18:53:31,4303.84
1368,SALES_0001368,3784,205,17,658,39,2024-11-28T00:34:37,1857.96
3718,SALES_0003718,3785,13,118,675,39,2024-11-26T07:59:50,4247.93
1071,SALES_0001071,3786,1,210,694,39,2024-11-27T06:45:16,2867.17
1467,SALES_0001467,3787,146,161,775,39,2024-11-21T23:18:19,4062.49
1695,SALES_0001695,3788,164,73,777,39,2024-11-15T00:38:52,545.97
1796,SALES_0001796,3789,9,260,809,39,2024-11-28T20:22:15,931.43
3191,SALES_0003191,3790,129,68,815,39,2024-11-23T07:15:16,795.41
3233,SALES_0003233,3791,54,486,821,39,2024-11-23T05:38:03,4437.21
1581,SALES_0001581,3792,106,222,839,39,2024-11-19T04:57:10,1043.8
1697,SALES_0001697,3793,29,393,841,39,2024-11-14T09:04:58,627.6
3246,SALES_0003246,3794,195,489,845,39,2024-11-15T05:42:32,2418.82
763,SALES_0000763,3795,159,52,866,39,2024-11-24T01:03:44,4892.01
2219,SALES_0002219,3796,72,74,886,39,2024-11-23T05:01:46,4754.07
1901,SALES_0001901,3797,111,457,887,39,2024-11-17T06:19:31,767.1
3407,SALES_0003407,3798,204,477,890,39,2024-11-27T01:17:41,4711.97
922,SALES_0000922,3799,45,123,902,39,2024-11-15T00:22:29,2628.47
2337,SALES_0002337,3800,138,211,926,39,2024-11-15T16:54:30,2471.58
3691,SALES_0003691,3801,151,284,945,39,2024-11-20T15:51:58,710.23
1282,SALES_0001282,3802,154,393,1010,39,2024-11-26T09:19:47,2171.72
4030,SALES_0004030,3803,172,163,1024,39,2024-11-22T00:10:44,1066.08
2990,SALES_0002990,3804,94,118,1047,39,2024-11-27T02:37:19,2091
1133,SALES_0001133,3805,89,137,1054,39,2024-11-20T22:04:40,4071.3
3282,SALES_0003282,3806,199,429,1057,39,2024-11-22T17:11:37,2519.95
4434,SALES_0004434,3807,85,351,1125,39,2024-11-21T01:53:15,4518.42
1089,SALES_0001089,3808,4,482,1192,39,2024-11-24T13:25:22,3601.98
91,SALES_0000091,3809,86,148,1199,39,2024-11-28T04:21:23,1416.44
4558,SALES_0004558,3810,73,124,1213,39,2024-11-19T08:31:25,3137.29
36,SALES_0000036,3811,108,350,1213,39,2024-11-20T11:11:45,799.46
471,SALES_0000471,3812,2,12,1246,39,2024-11-23T07:38:31,4072.85
1238,SALES_0001238,3813,10,462,1272,39,2024-11-18T19:10:30,3147.22
3649,SALES_0003649,3814,153,276,1275,39,2024-11-23T14:15:24,1756.51
4019,SALES_0004019,3815,182,158,1276,39,2024-11-22T00:50:43,2196.48
121,SALES_0000121,3816,210,64,1283,39,2024-11-23T02:17:35,1603.65
1644,SALES_0001644,3817,119,498,1293,39,2024-11-16T20:11:44,1248.56
425,SALES_0000425,3818,32,91,1302,39,2024-11-20T22:33:20,4118.42
560,SALES_0000560,3819,25,192,1307,39,2024-11-14T23:59:56,511.55
1285,SALES_0001285,3820,138,474,1323,39,2024-11-17T10:50:40,3490.12
3640,SALES_0003640,3821,81,140,1366,39,2024-11-27T23:11:50,660.13
2179,SALES_0002179,3822,11,198,1371,39,2024-11-20T02:32:38,4003.22
648,SALES_0000648,3823,191,44,1373,39,2024-11-15T21:02:31,4157.85
2297,SALES_0002297,3824,120,450,1385,39,2024-11-16T04:10:16,3351.15
3617,SALES_0003617,3825,104,242,1393,39,2024-11-23T07:48:02,1426.31
4432,SALES_0004432,3826,175,137,1431,39,2024-11-23T07:18:48,4399.77
1560,SALES_0001560,3827,177,173,1437,39,2024-11-15T07:42:04,1959.84
3417,SALES_0003417,3828,33,190,1490,39,2024-11-19T20:18:36,667.48
2388,SALES_0002388,3829,158,143,1505,39,2024-11-22T02:55:15,3886.8
3332,SALES_0003332,3830,200,19,1523,39,2024-11-24T01:17:16,4056.07
2780,SALES_0002780,3831,117,35,1531,39,2024-11-24T22:08:17,2291.73
2870,SALES_0002870,3832,63,133,1537,39,2024-11-20T07:35:14,1632.24
4407,SALES_0004407,3833,184,190,1549,39,2024-11-24T20:47:08,1436.86
1065,SALES_0001065,3834,124,340,1562,39,2024-11-28T18:06:46,4074.69
707,SALES_0000707,3835,135,39,1594,39,2024-11-21T07:31:25,890.99
4418,SALES_0004418,3836,125,340,1599,39,2024-11-17T05:32:57,3357.02
661,SALES_0000661,3837,152,187,1613,39,2024-11-26T00:32:44,2787.98
875,SALES_0000875,3838,70,143,1628,39,2024-11-15T01:08:17,2040.62
3685,SALES_0003685,3839,173,10,1641,39,2024-11-14T01:43:42,4897.13
1669,SALES_0001669,3840,171,84,1642,39,2024-11-27T03:28:42,2229.98
4143,SALES_0004143,3841,181,382,1664,39,2024-11-15T08:14:38,4749.12
328,SALES_0000328,3842,201,298,1666,39,2024-11-18T08:00:28,2516.9
723,SALES_0000723,3843,62,204,1683,39,2024-11-26T06:40:58,2810.64
1624,SALES_0001624,3844,112,54,1709,39,2024-11-23T04:46:38,2543.33
1767,SALES_0001767,3845,96,48,1712,39,2024-11-14T05:35:38,4706.83
567,SALES_0000567,3846,154,294,1734,39,2024-11-26T06:10:51,3558.69
4469,SALES_0004469,3847,16,337,1737,39,2024-11-24T18:15:52,3407.17
2804,SALES_0002804,3848,96,127,1751,39,2024-11-23T02:49:11,3542.07
2521,SALES_0002521,3849,135,420,1753,39,2024-11-19T15:23:43,4114.92
3737,SALES_0003737,3850,62,384,1842,39,2024-11-20T14:22:39,1630.16
3869,SALES_0003869,3851,27,248,1847,39,2024-11-24T05:14:46,1366.15
2293,SALES_0002293,3852,66,208,1850,39,2024-11-26T03:42:37,4530.11
286,SALES_0000286,3853,30,305,1874,39,2024-11-23T22:51:18,4240.59
830,SALES_0000830,3854,114,480,1907,39,2024-11-14T14:42:35,1776.45
4631,SALES_0004631,3855,191,165,1935,39,2024-11-25T19:22:15,878.75
4331,SALES_0004331,3856,122,147,1960,39,2024-11-20T21:01:21,2131.75
4138,SALES_0004138,3857,126,161,1973,39,2024-11-20T17:33:04,4429.28
1646,SALES_0001646,3858,122,490,28,40,2024-11-09T20:53:48,1963.28
2352,SALES_0002352,3859,10,31,38,40,2024-11-25T04:54:50,2663.98
1057,SALES_0001057,3860,163,319,65,40,2024-11-20T09:10:22,4210.84
1115,SALES_0001115,3861,72,351,87,40,2024-11-13T15:44:24,1032.2
3899,SALES_0003899,3862,153,125,88,40,2024-11-16T20:26:15,4416.64
3346,SALES_0003346,3863,132,486,130,40,2024-11-15T07:57:39,2357.7
1565,SALES_0001565,3864,114,197,143,40,2024-11-29T23:52:54,2350.95
2562,SALES_0002562,3865,31,428,181,40,2024-11-23T07:46:01,2918.32
4091,SALES_0004091,3866,92,173,183,40,2024-12-03T09:37:42,732.49
3449,SALES_0003449,3867,143,128,221,40,2024-11-21T09:15:30,4920.06
534,SALES_0000534,3868,202,304,221,40,2024-11-20T09:23:29,1175.25
3245,SALES_0003245,3869,111,474,223,40,2024-11-30T02:24:00,1062.17
4423,SALES_0004423,3870,23,444,234,40,2024-11-22T13:29:54,4611.48
1759,SALES_0001759,3871,161,101,264,40,2024-11-13T19:23:22,4865.56
2153,SALES_0002153,3872,197,458,343,40,2024-11-14T17:02:17,2062.69
3376,SALES_0003376,3873,112,497,343,40,2024-11-23T06:46:12,584.04
1805,SALES_0001805,3874,17,191,378,40,2024-11-17T17:05:57,3603.62
1131,SALES_0001131,3875,86,169,397,40,2024-11-25T19:43:25,2588.56
4226,SALES_0004226,3876,161,415,430,40,2024-11-27T14:38:13,2599.35
1625,SALES_0001625,3877,104,26,434,40,2024-12-04T04:35:32,4991.32
2039,SALES_0002039,3878,26,354,446,40,2024-11-25T06:18:20,3192.11
2646,SALES_0002646,3879,99,44,452,40,2024-11-14T03:13:35,2133.08
904,SALES_0000904,3880,161,313,452,40,2024-11-17T08:57:24,4656.62
1698,SALES_0001698,3881,136,49,466,40,2024-11-14T13:30:12,2202.82
1838,SALES_0001838,3882,104,138,466,40,2024-11-14T15:19:44,2262.78
2382,SALES_0002382,3883,134,408,479,40,2024-11-28T18:54:45,2833.43
2002,SALES_0002002,3884,35,455,494,40,2024-11-12T00:12:04,3833.81
580,SALES_0000580,3885,171,309,496,40,2024-12-02T14:17:06,1957.17
663,SALES_0000663,3886,75,433,510,40,2024-11-19T08:31:02,1057.67
781,SALES_0000781,3887,115,114,541,40,2024-11-25T10:55:38,3092.1
3750,SALES_0003750,3888,173,156,558,40,2024-11-11T23:21:43,2754.87
2809,SALES_0002809,3889,135,1,569,40,2024-11-26T20:33:09,831.68
4540,SALES_0004540,3890,44,482,577,40,2024-11-24T09:02:45,3482.47
1850,SALES_0001850,3891,137,124,582,40,2024-11-09T04:30:42,3962.48
3512,SALES_0003512,3892,97,142,597,40,2024-11-30T09:11:04,3778.69
3354,SALES_0003354,3893,172,361,606,40,2024-11-22T01:52:12,4876.93
3850,SALES_0003850,3894,184,147,617,40,2024-12-02T14:23:50,3542.68
225,SALES_0000225,3895,209,486,623,40,2024-11-18T11:24:53,814.22
3437,SALES_0003437,3896,202,293,672,40,2024-11-08T09:52:20,2344.85
3228,SALES_0003228,3897,10,394,688,40,2024-11-25T15:34:42,4979.95
473,SALES_0000473,3898,37,357,722,40,2024-11-16T21:35:44,4931.74
700,SALES_0000700,3899,198,433,733,40,2024-11-19T06:07:13,4850.9
4467,SALES_0004467,3900,37,465,733,40,2024-11-19T19:55:53,2073.25
4523,SALES_0004523,3901,176,493,742,40,2024-12-02T19:44:32,2123.62
529,SALES_0000529,3902,150,289,768,40,2024-11-10T04:34:00,857.84
2648,SALES_0002648,3903,59,335,789,40,2024-12-01T22:53:49,951.86
861,SALES_0000861,3904,43,393,843,40,2024-11-25T06:04:09,3624.94
631,SALES_0000631,3905,107,478,877,40,2024-12-04T21:39:14,3323.46
249,SALES_0000249,3906,52,421,887,40,2024-11-24T12:36:53,3846.79
2971,SALES_0002971,3907,54,132,905,40,2024-11-27T01:43:26,1755.18
272,SALES_0000272,3908,33,11,911,40,2024-11-10T10:19:29,4238.46
4892,SALES_0004892,3909,204,339,938,40,2024-12-03T19:58:14,2762.3
326,SALES_0000326,3910,165,401,948,40,2024-11-10T08:54:29,1797.1
30,SALES_0000030,3911,107,499,965,40,2024-11-25T14:14:50,1161.64
1296,SALES_0001296,3912,83,401,981,40,2024-12-02T22:10:16,4077.24
4339,SALES_0004339,3913,167,55,994,40,2024-11-28T11:47:51,3178.32
3600,SALES_0003600,3914,190,368,1004,40,2024-12-03T09:38:38,2840.14
2292,SALES_0002292,3915,33,87,1015,40,2024-11-19T04:00:39,560.72
4904,SALES_0004904,3916,145,114,1016,40,2024-11-18T09:12:24,2399.6
4197,SALES_0004197,3917,87,463,1079,40,2024-12-02T19:20:25,3713.17
2305,SALES_0002305,3918,156,439,1121,40,2024-11-15T19:00:09,2869.35
3894,SALES_0003894,3919,140,259,1134,40,2024-11-28T15:50:19,2021.99
1261,SALES_0001261,3920,43,434,1140,40,2024-11-11T15:28:31,2247.98
3281,SALES_0003281,3921,185,120,1141,40,2024-11-14T03:23:46,2905.69
23,SALES_0000023,3922,174,324,1169,40,2024-11-13T11:42:46,3538.99
1507,SALES_0001507,3923,16,387,1187,40,2024-11-19T08:13:32,1218.86
2619,SALES_0002619,3924,34,313,1188,40,2024-11-26T09:55:30,3361.01
3593,SALES_0003593,3925,65,106,1198,40,2024-11-29T02:17:47,2655.37
1868,SALES_0001868,3926,176,307,1203,40,2024-11-08T05:03:54,2483.66
2276,SALES_0002276,3927,111,44,1209,40,2024-11-18T17:45:38,1499.06
974,SALES_0000974,3928,182,186,1217,40,2024-11-24T08:24:26,2397.9
2256,SALES_0002256,3929,156,297,1220,40,2024-11-22T23:32:23,4638.66
2105,SALES_0002105,3930,180,235,1269,40,2024-12-03T17:41:37,4814.07
3181,SALES_0003181,3931,124,343,1276,40,2024-11-11T08:43:22,970.72
970,SALES_0000970,3932,86,150,1278,40,2024-11-28T14:48:14,577.73
2436,SALES_0002436,3933,190,299,1282,40,2024-11-30T16:48:26,3526.11
64,SALES_0000064,3934,158,136,1289,40,2024-12-02T16:38:27,602.33
2026,SALES_0002026,3935,13,66,1317,40,2024-11-12T11:35:44,3562.99
1732,SALES_0001732,3936,142,422,1330,40,2024-11-24T09:32:37,3519.88
4025,SALES_0004025,3937,210,123,1350,40,2024-11-17T06:28:54,3097.77
4479,SALES_0004479,3938,2,204,1358,40,2024-11-10T04:41:21,3174.82
2480,SALES_0002480,3939,55,341,1389,40,2024-11-12T06:09:00,3568.61
4227,SALES_0004227,3940,156,352,1391,40,2024-11-19T21:37:41,2348.51
1382,SALES_0001382,3941,197,447,1396,40,2024-12-03T05:53:10,3182.23
4356,SALES_0004356,3942,31,6,1423,40,2024-11-24T06:52:51,4397.88
2967,SALES_0002967,3943,141,414,1436,40,2024-11-24T16:21:32,964.68
4899,SALES_0004899,3944,15,269,1490,40,2024-11-11T18:28:44,4378.59
1289,SALES_0001289,3945,62,479,1541,40,2024-11-14T02:23:31,4328.91
1355,SALES_0001355,3946,133,146,1573,40,2024-11-27T03:36:46,4557.14
2319,SALES_0002319,3947,162,449,1586,40,2024-11-27T06:59:10,4350.66
311,SALES_0000311,3948,181,461,1589,40,2024-11-09T02:27:25,4412.05
1081,SALES_0001081,3949,146,13,1637,40,2024-11-26T15:04:20,3876.96
2334,SALES_0002334,3950,179,288,1663,40,2024-11-28T16:53:27,2743.15
31,SALES_0000031,3951,34,434,1665,40,2024-11-09T19:12:06,2939.34
895,SALES_0000895,3952,65,371,1682,40,2024-11-16T09:35:31,1747.76
4422,SALES_0004422,3953,112,252,1686,40,2024-11-30T09:10:16,2050.11
3316,SALES_0003316,3954,78,92,1722,40,2024-11-19T17:32:37,660.25
4753,SALES_0004753,3955,209,216,1751,40,2024-11-22T05:38:49,2431.2
2508,SALES_0002508,3956,109,121,1776,40,2024-12-04T10:51:47,4774.67
3736,SALES_0003736,3957,156,380,1792,40,2024-11-11T01:19:55,1037.55
4760,SALES_0004760,3958,62,368,1793,40,2024-11-25T01:59:30,4913.4
4680,SALES_0004680,3959,146,420,1795,40,2024-11-25T21:22:03,3078.04
3602,SALES_0003602,3960,129,223,1839,40,2024-11-28T15:32:53,3224.07
4578,SALES_0004578,3961,38,332,1855,40,2024-11-29T18:00:53,772.2
4973,SALES_0004973,3962,147,485,1857,40,2024-11-20T03:16:15,670.63
1778,SALES_0001778,3963,76,97,1870,40,2024-11-09T00:53:07,1896.14
2682,SALES_0002682,3964,134,312,1876,40,2024-11-21T14:54:51,2118.34
3570,SALES_0003570,3965,104,129,1879,40,2024-12-02T20:28:19,1065.29
1470,SALES_0001470,3966,117,19,1881,40,2024-11-29T19:28:39,4658.63
1152,SALES_0001152,3967,136,337,1896,40,2024-11-11T01:41:54,1335.78
1059,SALES_0001059,3968,83,97,1936,40,2024-12-02T08:24:03,3847.67
190,SALES_0000190,3969,23,315,1936,40,2024-11-20T03:18:38,2876.19
1812,SALES_0001812,3970,92,195,1947,40,2024-11-09T11:03:05,1167.04
776,SALES_0000776,3971,85,16,1965,40,2024-11-09T13:15:04,3778.54
2599,SALES_0002599,3972,8,184,2,41,2024-11-21T14:28:36,2269.29
4689,SALES_0004689,3973,91,55,6,41,2024-10-15T20:46:25,3792.1
1219,SALES_0001219,3974,188,391,14,41,2024-11-19T19:43:27,532.17
3519,SALES_0003519,3975,98,176,30,41,2024-10-06T03:57:12,922.37
3385,SALES_0003385,3976,200,58,50,41,2024-11-24T02:36:22,1891.65
3298,SALES_0003298,3977,58,280,60,41,2024-10-02T07:54:06,3587.58
366,SALES_0000366,3978,133,479,122,41,2024-09-16T20:40:52,1463.41
1856,SALES_0001856,3979,182,489,133,41,2024-11-28T17:38:38,2677.18
4461,SALES_0004461,3980,64,394,162,41,2024-09-07T09:22:28,3429.64
1498,SALES_0001498,3981,67,214,198,41,2024-10-18T16:17:00,3139.2
2741,SALES_0002741,3982,28,311,224,41,2024-11-10T08:01:08,2888.87
962,SALES_0000962,3983,146,391,263,41,2024-11-16T23:58:12,3357.75
2013,SALES_0002013,3984,184,499,283,41,2024-09-28T14:17:30,2581.05
1799,SALES_0001799,3985,24,302,290,41,2024-09-15T16:27:01,567.34
156,SALES_0000156,3986,64,463,331,41,2024-11-01T10:14:19,3854.34
449,SALES_0000449,3987,122,195,345,41,2024-10-09T21:05:45,962.9
4462,SALES_0004462,3988,108,222,359,41,2024-11-13T03:31:03,3653.58
4329,SALES_0004329,3989,142,387,366,41,2024-12-05T07:38:41,863.38
2450,SALES_0002450,3990,121,257,388,41,2024-09-25T14:01:00,2686.08
2001,SALES_0002001,3991,4,497,395,41,2024-11-06T16:32:03,1852.96
224,SALES_0000224,3992,27,203,421,41,2024-10-22T22:28:03,4867.92
4372,SALES_0004372,3993,8,105,439,41,2024-09-11T12:38:32,3830.84
4056,SALES_0004056,3994,209,54,450,41,2024-10-28T04:11:11,623.72
2389,SALES_0002389,3995,193,31,457,41,2024-09-21T21:38:25,2607.2
3706,SALES_0003706,3996,168,151,457,41,2024-10-20T21:51:47,4601.93
488,SALES_0000488,3997,172,226,469,41,2024-10-03T10:01:32,4233.9
3879,SALES_0003879,3998,200,346,481,41,2024-10-09T00:08:06,2200.44
709,SALES_0000709,3999,199,146,483,41,2024-11-09T15:18:14,2802.71
4216,SALES_0004216,4000,64,354,485,41,2024-10-22T11:16:48,1831.43
1564,SALES_0001564,4001,124,45,491,41,2024-11-28T13:48:00,514.73
765,SALES_0000765,4002,46,129,526,41,2024-10-28T23:20:16,3844.58
1578,SALES_0001578,4003,125,197,536,41,2024-10-31T12:22:56,4310.37
3154,SALES_0003154,4004,61,159,545,41,2024-11-04T15:20:28,912.27
22,SALES_0000022,4005,2,64,559,41,2024-10-22T03:44:32,4662.65
445,SALES_0000445,4006,199,238,563,41,2024-10-19T23:03:56,565.94
462,SALES_0000462,4007,142,295,588,41,2024-10-23T15:47:16,2977.63
4592,SALES_0004592,4008,208,346,590,41,2024-10-11T02:17:46,2931.23
2737,SALES_0002737,4009,46,260,602,41,2024-10-24T12:30:45,1169.28
2092,SALES_0002092,4010,30,44,608,41,2024-10-01T13:08:20,4808.32
2161,SALES_0002161,4011,1,432,637,41,2024-11-04T15:42:38,797.64
847,SALES_0000847,4012,5,404,664,41,2024-10-19T18:39:43,3523.16
1258,SALES_0001258,4013,42,200,667,41,2024-12-03T00:48:05,4589.99
3906,SALES_0003906,4014,129,159,677,41,2024-11-11T19:00:05,1695.5
439,SALES_0000439,4015,118,318,683,41,2024-09-14T02:47:46,3163.73
3935,SALES_0003935,4016,69,81,696,41,2024-10-10T08:04:15,2035.31
2822,SALES_0002822,4017,102,175,722,41,2024-11-18T21:49:51,1334.32
3929,SALES_0003929,4018,82,232,737,41,2024-11-07T17:08:40,4343.23
480,SALES_0000480,4019,21,363,742,41,2024-11-27T20:00:24,2234.98
4975,SALES_0004975,4020,87,220,747,41,2024-11-27T11:19:01,2960.08
2093,SALES_0002093,4021,54,427,755,41,2024-09-18T11:49:18,4581.59
1934,SALES_0001934,4022,205,232,769,41,2024-11-28T18:24:45,2404.1
2934,SALES_0002934,4023,66,188,818,41,2024-11-07T05:08:38,3988.57
3651,SALES_0003651,4024,49,334,828,41,2024-11-24T20:47:04,4603.69
2675,SALES_0002675,4025,31,7,830,41,2024-09-29T10:16:47,3642.9
4198,SALES_0004198,4026,133,88,862,41,2024-11-09T09:16:38,590.59
3855,SALES_0003855,4027,31,296,866,41,2024-10-23T04:09:21,2822.62
3256,SALES_0003256,4028,153,469,881,41,2024-09-16T02:57:13,3667.15
1765,SALES_0001765,4029,160,74,924,41,2024-11-11T20:31:00,547.67
3970,SALES_0003970,4030,191,54,949,41,2024-10-17T07:25:36,841.89
2523,SALES_0002523,4031,148,71,973,41,2024-09-14T07:43:32,2021.55
4235,SALES_0004235,4032,86,435,991,41,2024-12-01T12:27:19,503.9
1153,SALES_0001153,4033,199,162,1002,41,2024-10-26T03:17:37,4470.45
3971,SALES_0003971,4034,71,480,1036,41,2024-10-15T13:58:45,4753.81
3937,SALES_0003937,4035,21,38,1052,41,2024-09-18T02:05:11,3822.04
2596,SALES_0002596,4036,11,445,1070,41,2024-09-28T02:56:17,2341.21
4295,SALES_0004295,4037,26,489,1094,41,2024-11-21T01:39:43,3438.31
2553,SALES_0002553,4038,42,313,1136,41,2024-11-06T05:24:25,1151.93
3888,SALES_0003888,4039,112,378,1139,41,2024-09-08T00:05:28,4828.13
1994,SALES_0001994,4040,95,360,1210,41,2024-09-14T10:12:32,3265.34
4401,SALES_0004401,4041,20,399,1220,41,2024-09-09T08:10:45,3494.17
380,SALES_0000380,4042,27,37,1339,41,2024-11-03T14:03:44,3287.1
4246,SALES_0004246,4043,29,357,1341,41,2024-09-13T16:16:28,1327.05
4715,SALES_0004715,4044,117,210,1348,41,2024-09-10T00:35:12,3080.41
4322,SALES_0004322,4045,107,321,1368,41,2024-10-31T19:52:18,4190.18
2351,SALES_0002351,4046,130,278,1410,41,2024-11-22T10:16:39,951.29
1236,SALES_0001236,4047,87,300,1425,41,2024-10-12T23:18:44,2852.22
4251,SALES_0004251,4048,78,496,1426,41,2024-10-15T18:12:59,3540.45
2474,SALES_0002474,4049,60,8,1457,41,2024-09-09T04:06:09,3248.55
2348,SALES_0002348,4050,202,121,1457,41,2024-11-26T09:45:48,1529.61
2877,SALES_0002877,4051,206,102,1492,41,2024-11-17T09:09:23,4288.37
743,SALES_0000743,4052,37,28,1502,41,2024-10-16T11:10:20,3140.58
3102,SALES_0003102,4053,76,290,1506,41,2024-11-23T15:57:47,3265.27
2199,SALES_0002199,4054,19,230,1528,41,2024-10-11T22:05:52,2562.23
3751,SALES_0003751,4055,121,68,1548,41,2024-12-02T04:08:15,3012.71
2225,SALES_0002225,4056,72,284,1587,41,2024-11-02T12:42:24,3866.61
1375,SALES_0001375,4057,67,224,1590,41,2024-11-25T20:42:36,648
2278,SALES_0002278,4058,124,472,1596,41,2024-11-03T10:15:16,4591.06
2366,SALES_0002366,4059,77,388,1604,41,2024-10-25T05:53:22,3398.08
987,SALES_0000987,4060,135,393,1610,41,2024-11-20T23:14:16,657.04
99,SALES_0000099,4061,160,499,1617,41,2024-09-09T11:58:55,2426.82
3909,SALES_0003909,4062,139,287,1630,41,2024-09-24T15:01:23,1923.37
4150,SALES_0004150,4063,180,400,1638,41,2024-09-07T19:33:24,2388.71
442,SALES_0000442,4064,12,422,1666,41,2024-10-22T14:14:09,1225.19
4522,SALES_0004522,4065,183,345,1675,41,2024-10-31T00:30:15,1137.76
528,SALES_0000528,4066,9,138,1690,41,2024-10-26T11:19:50,4669.82
2551,SALES_0002551,4067,9,454,1700,41,2024-11-06T04:28:27,4630.55
3274,SALES_0003274,4068,48,387,1721,41,2024-09-21T14:21:48,3841.98
3587,SALES_0003587,4069,202,149,1723,41,2024-10-28T22:23:07,2306.28
2510,SALES_0002510,4070,18,343,1759,41,2024-10-04T11:46:14,3265.03
4039,SALES_0004039,4071,10,480,1765,41,2024-09-26T03:04:20,3414.66
1460,SALES_0001460,4072,20,148,1770,41,2024-11-08T11:51:54,4893.77
4447,SALES_0004447,4073,186,249,1786,41,2024-10-15T23:43:17,2594.48
757,SALES_0000757,4074,162,20,1791,41,2024-10-24T07:57:39,4830.83
4908,SALES_0004908,4075,135,153,1859,41,2024-09-20T09:12:38,3054.46
4233,SALES_0004233,4076,154,14,1863,41,2024-09-12T11:38:07,697.8
1157,SALES_0001157,4077,127,52,1865,41,2024-09-18T19:06:21,878.11
4645,SALES_0004645,4078,95,375,1887,41,2024-09-11T22:32:49,3099.83
4811,SALES_0004811,4079,86,198,1905,41,2024-10-07T02:34:00,3967.66
283,SALES_0000283,4080,202,294,1905,41,2024-10-04T10:58:16,1557.97
1713,SALES_0001713,4081,74,58,1923,41,2024-09-12T02:48:11,2731.48
956,SALES_0000956,4082,28,321,1951,41,2024-11-18T10:29:48,3401.04
1528,SALES_0001528,4083,183,468,1965,41,2024-11-12T09:35:57,3718.42
478,SALES_0000478,4084,186,478,1968,41,2024-09-30T07:54:54,2033.36
1992,SALES_0001992,4085,204,305,1974,41,2024-11-14T00:58:43,2850.98
3919,SALES_0003919,4086,116,339,1977,41,2024-10-18T12:09:19,4257.92
2211,SALES_0002211,4087,34,9,1980,41,2024-11-12T20:07:11,1102.55
2623,SALES_0002623,4088,84,398,1980,41,2024-10-25T14:11:49,3597.58
2747,SALES_0002747,4089,112,247,1985,41,2024-10-27T16:30:54,2799.13
3377,SALES_0003377,4090,46,153,15,42,2024-07-11T15:27:52,1499.57
2444,SALES_0002444,4091,87,133,25,42,2024-08-21T19:45:44,4149.12
4178,SALES_0004178,4092,161,295,64,42,2024-11-12T23:12:37,1239.45
3388,SALES_0003388,4093,104,24,101,42,2024-10-31T19:32:22,2414.21
4306,SALES_0004306,4094,20,443,112,42,2024-09-26T07:45:39,524.74
727,SALES_0000727,4095,139,196,127,42,2024-11-15T20:59:39,505.15
386,SALES_0000386,4096,160,324,166,42,2024-10-05T20:35:09,1440.38
1340,SALES_0001340,4097,207,325,168,42,2024-11-01T21:52:54,4983.84
2784,SALES_0002784,4098,166,383,179,42,2024-11-02T13:01:31,1264.01
682,SALES_0000682,4099,89,280,198,42,2024-07-25T08:08:15,1881.63
4266,SALES_0004266,4100,84,344,208,42,2024-07-15T05:33:03,1250.26
2886,SALES_0002886,4101,136,388,209,42,2024-11-21T21:44:58,1151.15
1947,SALES_0001947,4102,16,324,245,42,2024-07-20T03:40:59,2508.71
2771,SALES_0002771,4103,103,68,257,42,2024-08-16T11:08:16,1213.59
278,SALES_0000278,4104,181,193,262,42,2024-07-15T16:22:14,3644.35
1379,SALES_0001379,4105,81,493,265,42,2024-11-18T12:04:24,3298.44
4152,SALES_0004152,4106,94,420,302,42,2024-10-07T08:56:14,4756.95
4835,SALES_0004835,4107,168,53,319,42,2024-10-21T13:26:19,2616.71
2642,SALES_0002642,4108,34,167,325,42,2024-06-28T20:55:47,2909.51
1158,SALES_0001158,4109,96,286,355,42,2024-10-26T11:08:49,4869.72
730,SALES_0000730,4110,65,428,359,42,2024-12-06T03:44:12,3712.31
3689,SALES_0003689,4111,2,386,372,42,2024-07-23T14:38:30,1981.23
4788,SALES_0004788,4112,196,219,400,42,2024-08-23T01:20:10,1923.53
138,SALES_0000138,4113,64,376,403,42,2024-12-05T01:09:36,3320.06
3084,SALES_0003084,4114,204,285,463,42,2024-09-13T15:36:53,4101.97
155,SALES_0000155,4115,96,181,466,42,2024-08-02T13:17:23,2116.01
17,SALES_0000017,4116,50,363,469,42,2024-11-26T02:51:46,4971.15
1818,SALES_0001818,4117,197,1,479,42,2024-09-21T05:05:14,1741.83
2267,SALES_0002267,4118,3,82,512,42,2024-11-25T21:18:44,2812.85
4187,SALES_0004187,4119,121,48,515,42,2024-09-01T11:59:19,736.79
1327,SALES_0001327,4120,47,122,606,42,2024-12-01T03:30:42,3008.31
603,SALES_0000603,4121,103,144,611,42,2024-07-12T07:06:48,3007.13
669,SALES_0000669,4122,56,374,623,42,2024-10-23T03:03:20,793.67
3496,SALES_0003496,4123,99,158,627,42,2024-08-17T07:47:06,2208.94
2215,SALES_0002215,4124,88,242,655,42,2024-11-07T03:25:30,4187.83
2060,SALES_0002060,4125,194,57,663,42,2024-08-14T16:44:12,4110.21
842,SALES_0000842,4126,96,112,695,42,2024-09-01T15:19:54,1184.3
3115,SALES_0003115,4127,54,311,780,42,2024-09-05T02:42:17,1616.29
2775,SALES_0002775,4128,154,319,794,42,2024-11-09T22:06:49,3658.99
655,SALES_0000655,4129,83,167,814,42,2024-09-15T08:32:21,3858.99
2400,SALES_0002400,4130,25,435,833,42,2024-10-02T16:00:48,4131.71
3319,SALES_0003319,4131,200,68,856,42,2024-12-02T09:01:24,3772.91
1274,SALES_0001274,4132,162,378,884,42,2024-08-13T02:36:07,3817.63
4551,SALES_0004551,4133,23,408,917,42,2024-08-04T03:44:53,3148.52
2806,SALES_0002806,4134,180,7,921,42,2024-07-12T21:28:11,1007.31
4476,SALES_0004476,4135,199,17,926,42,2024-10-30T03:07:52,3439.68
1036,SALES_0001036,4136,64,417,933,42,2024-08-16T01:13:53,2872.99
1512,SALES_0001512,4137,74,256,964,42,2024-10-11T18:54:17,652.86
1178,SALES_0001178,4138,157,389,1003,42,2024-12-01T11:08:46,4738.69
3854,SALES_0003854,4139,108,237,1030,42,2024-10-13T22:17:09,4978.85
3548,SALES_0003548,4140,101,373,1038,42,2024-10-06T07:31:07,4237.02
1421,SALES_0001421,4141,27,193,1044,42,2024-08-18T09:29:25,3915.99
1552,SALES_0001552,4142,86,93,1055,42,2024-09-20T17:50:49,4379.85
1164,SALES_0001164,4143,131,398,1081,42,2024-12-04T21:22:41,3472.26
983,SALES_0000983,4144,61,247,1091,42,2024-11-10T05:56:26,3657.17
2198,SALES_0002198,4145,177,62,1096,42,2024-12-02T15:09:27,2791.26
2944,SALES_0002944,4146,143,221,1119,42,2024-07-06T10:12:32,4828.94
4595,SALES_0004595,4147,102,428,1120,42,2024-11-29T07:48:47,2639.43
3985,SALES_0003985,4148,134,28,1156,42,2024-11-15T22:52:17,4870.98
3101,SALES_0003101,4149,45,175,1161,42,2024-10-30T11:39:02,4496.47
1116,SALES_0001116,4150,151,84,1182,42,2024-09-03T02:22:37,2643.01
901,SALES_0000901,4151,166,148,1186,42,2024-08-24T13:51:14,2228.14
241,SALES_0000241,4152,209,213,1197,42,2024-08-23T02:36:04,1971.12
1858,SALES_0001858,4153,3,462,1211,42,2024-08-14T09:44:59,2458.24
4481,SALES_0004481,4154,90,281,1223,42,2024-10-29T06:21:36,1780.99
4057,SALES_0004057,4155,44,240,1244,42,2024-07-08T22:57:23,4268.47
1531,SALES_0001531,4156,46,111,1314,42,2024-11-27T11:07:26,4945.26
3064,SALES_0003064,4157,132,259,1324,42,2024-08-11T21:49:28,1260.6
2686,SALES_0002686,4158,11,341,1355,42,2024-07-06T01:59:18,1110.94
1872,SALES_0001872,4159,177,63,1367,42,2024-10-12T07:49:15,4403.94
4421,SALES_0004421,4160,197,74,1367,42,2024-08-02T08:06:59,4185.88
2958,SALES_0002958,4161,147,481,1371,42,2024-10-02T01:21:55,4533.21
2684,SALES_0002684,4162,123,290,1375,42,2024-11-14T06:48:33,3305.53
446,SALES_0000446,4163,7,356,1379,42,2024-07-23T22:29:20,1638.96
3487,SALES_0003487,4164,102,14,1392,42,2024-09-24T11:34:45,2059.73
1117,SALES_0001117,4165,183,283,1423,42,2024-07-30T14:17:02,4369.18
4001,SALES_0004001,4166,208,155,1457,42,2024-09-06T05:48:37,4967.08
1046,SALES_0001046,4167,57,250,1463,42,2024-10-12T05:16:43,1340.66
3729,SALES_0003729,4168,44,437,1475,42,2024-09-19T09:26:41,3740.84
3876,SALES_0003876,4169,157,406,1483,42,2024-08-16T16:18:44,4676.13
4291,SALES_0004291,4170,23,31,1485,42,2024-11-01T01:43:08,4072.45
714,SALES_0000714,4171,75,247,1495,42,2024-06-30T23:21:34,1562.39
1493,SALES_0001493,4172,55,395,1572,42,2024-11-30T16:20:35,745.53
1114,SALES_0001114,4173,147,426,1625,42,2024-11-26T13:26:20,2661.53
34,SALES_0000034,4174,42,293,1647,42,2024-08-19T06:27:14,2667.21
4786,SALES_0004786,4175,142,391,1659,42,2024-07-23T01:04:02,2034.56
2430,SALES_0002430,4176,54,56,1667,42,2024-09-26T13:06:45,4436.43
448,SALES_0000448,4177,83,103,1670,42,2024-07-07T14:47:28,1015.9
3460,SALES_0003460,4178,138,381,1684,42,2024-10-08T14:03:54,2108.14
2341,SALES_0002341,4179,131,91,1748,42,2024-11-25T17:30:51,4984.12
338,SALES_0000338,4180,134,64,1802,42,2024-07-13T13:40:30,4631.05
2728,SALES_0002728,4181,17,488,1810,42,2024-09-01T23:37:28,3450.12
3500,SALES_0003500,4182,10,435,1833,42,2024-11-24T21:56:12,788.77
683,SALES_0000683,4183,8,11,1874,42,2024-08-04T03:21:09,627.73
2146,SALES_0002146,4184,56,11,1892,42,2024-08-08T20:40:30,4793.53
390,SALES_0000390,4185,17,87,1906,42,2024-09-16T09:44:57,1407.07
608,SALES_0000608,4186,186,77,1922,42,2024-09-01T07:31:30,1207.35
3000,SALES_0003000,4187,189,104,1934,42,2024-11-04T04:16:24,4274.04
1961,SALES_0001961,4188,118,271,1940,42,2024-10-13T16:03:32,3739.82
202,SALES_0000202,4189,99,57,1942,42,2024-07-24T21:42:21,4917.59
2407,SALES_0002407,4190,67,169,1973,42,2024-06-24T22:31:49,3601.32
2604,SALES_0002604,4191,116,139,34,43,2024-11-25T10:39:04,3681.13
1920,SALES_0001920,4192,202,485,39,43,2024-05-25T09:28:28,2470.91
310,SALES_0000310,4193,7,89,43,43,2024-06-14T17:54:21,4536.57
1930,SALES_0001930,4194,101,7,63,43,2024-07-04T23:30:40,2650.96
2016,SALES_0002016,4195,52,265,126,43,2024-03-14T17:56:16,1895.57
4405,SALES_0004405,4196,58,89,133,43,2024-10-19T23:00:50,1661.61
1184,SALES_0001184,4197,157,407,168,43,2024-04-25T16:22:54,2465.26
915,SALES_0000915,4198,65,274,198,43,2024-05-04T04:22:12,1181.14
315,SALES_0000315,4199,17,417,198,43,2024-08-01T05:00:31,1315.84
3650,SALES_0003650,4200,23,114,233,43,2024-04-23T12:59:37,3697.91
472,SALES_0000472,4201,164,362,259,43,2024-11-07T21:36:14,4449
2844,SALES_0002844,4202,75,253,263,43,2024-04-23T13:03:41,1788.22
4424,SALES_0004424,4203,178,386,332,43,2024-08-12T05:35:47,2306.15
1286,SALES_0001286,4204,186,94,338,43,2024-09-27T21:27:05,1004.81
355,SALES_0000355,4205,175,483,410,43,2024-05-03T07:46:02,3463.16
1371,SALES_0001371,4206,119,137,411,43,2024-06-26T14:04:50,2849.03
3094,SALES_0003094,4207,100,304,422,43,2024-12-03T17:15:55,4892.85
113,SALES_0000113,4208,143,360,451,43,2024-08-14T01:16:42,2393.28
4910,SALES_0004910,4209,44,254,452,43,2024-04-06T05:04:35,1137.19
4597,SALES_0004597,4210,11,253,515,43,2024-07-14T01:49:06,3360.22
4414,SALES_0004414,4211,91,183,520,43,2024-06-20T19:08:11,4552.95
2423,SALES_0002423,4212,18,415,522,43,2024-05-27T20:27:33,1755.84
1091,SALES_0001091,4213,88,461,580,43,2024-08-31T05:00:54,1768.75
1102,SALES_0001102,4214,35,386,600,43,2024-04-26T11:14:39,4806.4
1245,SALES_0001245,4215,112,453,648,43,2024-03-25T16:03:08,3068.55
4555,SALES_0004555,4216,34,13,664,43,2024-10-02T06:19:56,3829.92
1030,SALES_0001030,4217,83,396,674,43,2024-11-23T05:59:19,4431.83
4304,SALES_0004304,4218,203,325,678,43,2024-02-16T16:26:44,4672.81
3320,SALES_0003320,4219,11,464,694,43,2024-05-29T06:25:02,3422.28
2065,SALES_0002065,4220,186,359,700,43,2024-03-05T20:20:50,911.66
1237,SALES_0001237,4221,111,310,714,43,2024-06-06T19:55:14,2683.63
458,SALES_0000458,4222,60,13,735,43,2024-04-07T21:47:29,663.44
175,SALES_0000175,4223,190,467,763,43,2024-10-06T09:11:29,3153.85
2332,SALES_0002332,4224,84,139,785,43,2024-07-02T19:04:06,4627.94
477,SALES_0000477,4225,149,449,801,43,2024-09-13T14:16:18,4506.22
4937,SALES_0004937,4226,90,41,839,43,2024-04-21T07:35:22,1418.82
4629,SALES_0004629,4227,80,191,861,43,2024-10-31T03:42:49,1444.84
625,SALES_0000625,4228,156,255,873,43,2024-08-04T04:57:48,3785.98
1487,SALES_0001487,4229,171,41,888,43,2024-07-09T12:11:11,2818.09
3062,SALES_0003062,4230,29,262,892,43,2024-04-14T21:32:04,2478.71
3829,SALES_0003829,4231,113,354,908,43,2024-09-05T23:41:14,2450.85
2560,SALES_0002560,4232,164,83,933,43,2024-08-11T09:27:13,2371.22
4312,SALES_0004312,4233,201,152,989,43,2024-10-06T14:23:07,3804.25
2017,SALES_0002017,4234,208,357,1003,43,2024-09-05T19:46:52,4758.59
3772,SALES_0003772,4235,87,365,1061,43,2024-03-19T17:01:51,1108.57
1647,SALES_0001647,4236,146,233,1079,43,2024-09-10T13:46:06,4156
4982,SALES_0004982,4237,30,256,1083,43,2024-04-11T19:34:01,1752.44
2242,SALES_0002242,4238,17,352,1127,43,2024-02-19T17:36:31,4521.75
3207,SALES_0003207,4239,8,52,1140,43,2024-09-19T02:53:15,3137.89
443,SALES_0000443,4240,171,228,1229,43,2024-07-20T22:54:59,3165.68
705,SALES_0000705,4241,123,167,1237,43,2024-06-22T06:26:20,4215.37
487,SALES_0000487,4242,49,444,1256,43,2024-02-19T05:19:33,3448.53
4627,SALES_0004627,4243,54,120,1269,43,2024-02-12T20:20:50,1718.54
3782,SALES_0003782,4244,89,21,1278,43,2024-07-27T17:30:53,1485.2
3250,SALES_0003250,4245,203,107,1298,43,2024-10-02T05:32:23,2498.37
979,SALES_0000979,4246,16,7,1299,43,2024-12-02T08:37:55,1529.91
3760,SALES_0003760,4247,114,397,1318,43,2024-10-09T22:19:53,4412.41
1899,SALES_0001899,4248,108,65,1329,43,2024-08-31T05:12:57,1709.91
4845,SALES_0004845,4249,79,465,1337,43,2024-08-21T02:29:01,4000.56
4565,SALES_0004565,4250,184,189,1348,43,2024-04-04T19:51:45,790.25
2609,SALES_0002609,4251,20,371,1371,43,2024-06-12T22:04:18,4766.79
1680,SALES_0001680,4252,24,468,1376,43,2024-09-04T18:09:36,1791.9
4458,SALES_0004458,4253,19,467,1389,43,2024-10-20T03:36:51,3721.02
2212,SALES_0002212,4254,168,245,1406,43,2024-09-25T03:55:27,3011.2
3104,SALES_0003104,4255,148,447,1414,43,2024-03-25T03:03:16,2985.02
3595,SALES_0003595,4256,52,356,1430,43,2024-08-13T06:44:14,3139.43
3544,SALES_0003544,4257,157,213,1442,43,2024-02-26T20:31:10,1895.62
4911,SALES_0004911,4258,48,294,1444,43,2024-02-18T06:22:16,3487.48
4035,SALES_0004035,4259,154,209,1446,43,2024-06-01T13:57:07,934.98
2245,SALES_0002245,4260,131,488,1452,43,2024-08-17T03:42:10,3370.54
3258,SALES_0003258,4261,132,306,1456,43,2024-09-30T01:10:03,4457.19
1532,SALES_0001532,4262,176,409,1481,43,2024-08-01T08:28:31,3026.49
3469,SALES_0003469,4263,2,163,1532,43,2024-06-22T19:21:03,3401.72
2527,SALES_0002527,4264,159,291,1535,43,2024-07-25T07:02:39,2976.47
589,SALES_0000589,4265,150,86,1579,43,2024-05-19T23:59:03,2671.02
4711,SALES_0004711,4266,73,150,1589,43,2024-02-28T08:57:41,3564.83
2963,SALES_0002963,4267,16,441,1596,43,2024-10-14T09:48:49,4233.01
3055,SALES_0003055,4268,105,33,1707,43,2024-11-02T21:27:31,538.92
491,SALES_0000491,4269,19,161,1723,43,2024-03-06T09:54:38,4460.14
1198,SALES_0001198,4270,15,394,1723,43,2024-11-06T02:49:53,612.6
3458,SALES_0003458,4271,178,254,1730,43,2024-10-30T01:28:14,1326.17
4549,SALES_0004549,4272,107,377,1753,43,2024-06-20T11:33:37,4832.98
3476,SALES_0003476,4273,123,393,1760,43,2024-05-17T05:17:10,3308.91
4164,SALES_0004164,4274,11,260,1766,43,2024-04-21T15:48:13,797.13
1257,SALES_0001257,4275,204,459,1803,43,2024-11-12T11:47:31,2804.15
115,SALES_0000115,4276,51,144,1809,43,2024-04-07T22:25:46,1509.31
1738,SALES_0001738,4277,106,9,1814,43,2024-04-23T00:14:01,4155.69
3035,SALES_0003035,4278,8,438,1865,43,2024-03-02T10:43:55,2203.72
1441,SALES_0001441,4279,127,42,1870,43,2024-10-12T03:00:14,3055.83
3453,SALES_0003453,4280,27,75,1891,43,2024-08-31T14:46:30,1053.98
1728,SALES_0001728,4281,73,130,1923,43,2024-04-19T15:39:32,1786.46
4180,SALES_0004180,4282,45,127,1927,43,2024-03-19T23:59:49,2152.51
1514,SALES_0001514,4283,115,271,1943,43,2024-08-02T07:11:46,2407.64
4311,SALES_0004311,4284,41,427,1943,43,2024-03-29T13:28:22,4502.35
941,SALES_0000941,4285,137,192,1951,43,2024-03-31T16:12:43,1502.25
349,SALES_0000349,4286,204,177,1952,43,2024-12-06T23:08:54,2704.47
1589,SALES_0001589,4287,135,295,1952,43,2024-09-22T07:08:42,2124.63
4489,SALES_0004489,4288,198,364,1953,43,2024-10-14T12:07:40,2326.45
3791,SALES_0003791,4289,33,467,1966,43,2024-07-28T05:04:47,2365.35
3238,SALES_0003238,4290,156,63,1968,43,2024-05-06T13:29:10,4542.54
3889,SALES_0003889,4291,90,114,1997,43,2024-09-01T01:44:52,1892.17
52,SALES_0000052,4292,184,137,3,44,2024-12-04T11:56:19,4258.15
1633,SALES_0001633,4293,89,451,24,44,2024-09-19T06:53:26,538.71
4621,SALES_0004621,4294,62,200,44,44,2024-10-24T09:55:30,1377.29
1962,SALES_0001962,4295,120,72,54,44,2024-11-03T15:39:57,4647.94
2885,SALES_0002885,4296,135,237,60,44,2024-08-19T07:19:10,1324.02
331,SALES_0000331,4297,176,317,63,44,2024-11-20T20:27:16,2004.44
3146,SALES_0003146,4298,108,471,66,44,2024-11-27T21:52:46,661.54
1652,SALES_0001652,4299,194,156,72,44,2024-11-04T14:51:43,4860.68
19,SALES_0000019,4300,147,165,76,44,2024-09-10T17:50:48,2470.16
2745,SALES_0002745,4301,7,172,93,44,2024-07-26T14:41:00,2612.26
924,SALES_0000924,4302,38,415,100,44,2024-09-07T22:52:38,4791.22
1661,SALES_0001661,4303,26,145,124,44,2024-10-26T23:25:23,3009.33
4927,SALES_0004927,4304,128,114,137,44,2024-11-16T00:59:30,3911.61
2279,SALES_0002279,4305,117,306,163,44,2024-09-14T14:13:02,505.35
2912,SALES_0002912,4306,171,250,173,44,2024-09-27T14:48:13,1206.97
187,SALES_0000187,4307,77,81,186,44,2024-07-09T05:53:19,2213.23
1263,SALES_0001263,4308,3,312,187,44,2024-10-27T18:46:47,4995.39
238,SALES_0000238,4309,122,123,190,44,2024-11-17T18:39:37,4456.17
2361,SALES_0002361,4310,114,33,230,44,2024-11-13T09:54:56,1871.51
2228,SALES_0002228,4311,173,135,231,44,2024-11-14T12:52:12,4968.84
3639,SALES_0003639,4312,37,207,266,44,2024-08-10T04:03:14,945.48
248,SALES_0000248,4313,142,245,276,44,2024-11-03T10:35:56,1208
4834,SALES_0004834,4314,208,474,293,44,2024-09-19T17:28:19,4337.25
2441,SALES_0002441,4315,129,5,335,44,2024-10-18T17:09:17,4938.35
837,SALES_0000837,4316,70,283,342,44,2024-10-02T18:54:04,4782.21
367,SALES_0000367,4317,189,142,361,44,2024-08-30T23:32:52,2940.59
1862,SALES_0001862,4318,52,432,390,44,2024-07-02T09:51:18,1884.76
3754,SALES_0003754,4319,73,6,412,44,2024-11-05T10:11:40,3091.41
4105,SALES_0004105,4320,154,316,422,44,2024-07-15T15:26:08,3620.49
3117,SALES_0003117,4321,131,91,423,44,2024-09-13T01:31:02,3922.8
3208,SALES_0003208,4322,187,262,430,44,2024-11-16T05:51:34,3076.71
4607,SALES_0004607,4323,3,99,444,44,2024-07-18T10:04:02,4437.45
2922,SALES_0002922,4324,101,444,473,44,2024-08-23T22:51:09,924.03
2589,SALES_0002589,4325,91,484,503,44,2024-09-11T04:48:52,3736.93
584,SALES_0000584,4326,187,375,534,44,2024-08-14T21:26:37,941.21
3974,SALES_0003974,4327,9,42,539,44,2024-07-22T22:18:27,4319.14
2587,SALES_0002587,4328,50,349,560,44,2024-07-20T12:47:06,2412.37
554,SALES_0000554,4329,42,232,648,44,2024-09-17T04:36:30,4000.19
2042,SALES_0002042,4330,131,117,658,44,2024-08-20T06:55:57,4344.4
729,SALES_0000729,4331,125,464,659,44,2024-07-19T19:21:24,4297.16
3784,SALES_0003784,4332,53,126,666,44,2024-12-02T14:32:49,1201.35
3120,SALES_0003120,4333,116,223,686,44,2024-11-26T17:10:29,533.47
3954,SALES_0003954,4334,167,28,710,44,2024-11-30T15:37:40,4146.6
2035,SALES_0002035,4335,35,271,713,44,2024-10-27T05:37:22,2540.34
4960,SALES_0004960,4336,130,461,723,44,2024-10-15T12:11:46,1133.81
3091,SALES_0003091,4337,104,50,798,44,2024-08-16T18:15:49,3014.19
1215,SALES_0001215,4338,104,491,799,44,2024-09-03T15:04:22,1751.29
3828,SALES_0003828,4339,22,145,803,44,2024-09-28T04:25:12,1480.33
3861,SALES_0003861,4340,11,151,826,44,2024-07-22T16:35:06,1209.8
1987,SALES_0001987,4341,204,334,849,44,2024-08-31T07:36:56,4938.81
4348,SALES_0004348,4342,6,461,861,44,2024-10-28T11:11:37,2890.78
594,SALES_0000594,4343,205,51,877,44,2024-10-14T07:41:24,3255.78
3720,SALES_0003720,4344,206,10,878,44,2024-10-29T19:55:04,2719.26
2317,SALES_0002317,4345,95,359,882,44,2024-08-10T22:54:52,3393.68
2546,SALES_0002546,4346,183,39,883,44,2024-06-27T12:24:36,1399.55
2007,SALES_0002007,4347,48,279,900,44,2024-09-11T10:04:50,1887.04
12,SALES_0000012,4348,112,423,927,44,2024-09-09T12:37:17,737.53
3774,SALES_0003774,4349,151,419,939,44,2024-07-13T00:48:39,2783.84
2252,SALES_0002252,4350,116,244,949,44,2024-10-03T05:32:09,1682.31
2539,SALES_0002539,4351,56,429,949,44,2024-09-23T10:13:12,3917.37
848,SALES_0000848,4352,25,54,977,44,2024-08-22T16:34:16,3050.65
2272,SALES_0002272,4353,123,217,1050,44,2024-11-27T05:53:22,1615.03
2236,SALES_0002236,4354,148,100,1052,44,2024-07-16T19:46:06,3862.17
601,SALES_0000601,4355,101,238,1054,44,2024-06-29T23:56:24,1104.44
2993,SALES_0002993,4356,133,185,1055,44,2024-10-03T23:24:11,3137.52
82,SALES_0000082,4357,138,234,1056,44,2024-12-06T06:45:57,1020.29
4490,SALES_0004490,4358,173,392,1063,44,2024-09-21T20:03:13,1758.75
4257,SALES_0004257,4359,87,16,1088,44,2024-12-04T13:24:27,3888.13
247,SALES_0000247,4360,47,26,1130,44,2024-08-08T07:29:13,1891.1
3491,SALES_0003491,4361,166,374,1139,44,2024-06-25T19:10:49,2779.75
3920,SALES_0003920,4362,27,362,1164,44,2024-07-18T12:17:42,1291.51
2258,SALES_0002258,4363,135,104,1175,44,2024-10-18T18:54:09,4884.13
2534,SALES_0002534,4364,181,124,1193,44,2024-08-15T06:40:43,4538.65
1816,SALES_0001816,4365,10,45,1203,44,2024-10-11T05:20:03,1461.7
297,SALES_0000297,4366,188,83,1211,44,2024-08-15T09:04:39,1259.51
2687,SALES_0002687,4367,162,319,1214,44,2024-08-05T13:20:44,3118.48
725,SALES_0000725,4368,88,186,1237,44,2024-08-21T09:51:56,1976.88
1277,SALES_0001277,4369,188,231,1251,44,2024-11-04T03:31:45,1462.59
3608,SALES_0003608,4370,79,469,1257,44,2024-10-18T14:26:04,1656.25
213,SALES_0000213,4371,43,398,1261,44,2024-10-11T22:49:00,3923.33
1604,SALES_0001604,4372,80,105,1281,44,2024-09-15T15:22:43,1760.48
3082,SALES_0003082,4373,69,275,1284,44,2024-09-26T14:02:52,523.68
2342,SALES_0002342,4374,90,500,1330,44,2024-08-24T21:40:18,2055.66
2659,SALES_0002659,4375,48,366,1416,44,2024-10-05T23:07:40,3449.8
4066,SALES_0004066,4376,30,231,1419,44,2024-09-25T22:14:54,4693.47
2448,SALES_0002448,4377,70,113,1421,44,2024-11-17T11:07:03,4715.36
3922,SALES_0003922,4378,113,87,1428,44,2024-11-21T22:16:52,3512.39
2171,SALES_0002171,4379,119,476,1430,44,2024-06-26T09:38:34,3809.09
3240,SALES_0003240,4380,49,143,1451,44,2024-11-02T06:06:11,2673.69
2096,SALES_0002096,4381,146,293,1461,44,2024-10-13T00:59:08,1232.52
3223,SALES_0003223,4382,107,108,1496,44,2024-07-30T16:38:21,2385.06
398,SALES_0000398,4383,62,347,1511,44,2024-08-21T14:10:07,4973.24
194,SALES_0000194,4384,116,490,1540,44,2024-08-06T00:53:34,4534.43
1956,SALES_0001956,4385,126,433,1580,44,2024-07-26T21:51:17,3459.12
4328,SALES_0004328,4386,41,252,1708,44,2024-08-26T15:13:08,4446.06
1172,SALES_0001172,4387,196,93,1725,44,2024-07-04T15:29:08,3134.72
1881,SALES_0001881,4388,180,322,1753,44,2024-10-31T05:12:11,3652.27
3516,SALES_0003516,4389,96,197,1760,44,2024-09-06T22:36:15,2056.19
3215,SALES_0003215,4390,209,173,1775,44,2024-08-21T20:49:22,1192.92
1509,SALES_0001509,4391,109,309,1776,44,2024-09-18T14:15:09,924.74
4628,SALES_0004628,4392,105,292,1796,44,2024-07-16T07:56:45,2183.19
383,SALES_0000383,4393,37,291,1798,44,2024-08-26T15:50:30,4108.38
2286,SALES_0002286,4394,75,124,1805,44,2024-11-12T07:55:24,3965.24
2631,SALES_0002631,4395,49,478,1821,44,2024-07-20T12:44:46,1914.7
301,SALES_0000301,4396,93,453,1823,44,2024-07-29T19:45:05,2686.61
1914,SALES_0001914,4397,188,422,1840,44,2024-08-22T22:53:01,547.88
4129,SALES_0004129,4398,42,196,1852,44,2024-07-10T09:40:38,4115.66
4403,SALES_0004403,4399,174,221,1865,44,2024-10-03T02:13:46,3921.37
1295,SALES_0001295,4400,11,332,1875,44,2024-11-22T21:48:18,4601.69
3244,SALES_0003244,4401,208,387,1924,44,2024-10-29T20:58:20,843.85
3915,SALES_0003915,4402,41,478,1936,44,2024-07-02T13:15:55,613.71
11,SALES_0000011,4403,134,44,1946,44,2024-08-28T17:36:48,1395.41
903,SALES_0000903,4404,119,387,19,45,2024-09-05T16:52:54,2381.45
2120,SALES_0002120,4405,102,238,59,45,2024-10-02T03:47:34,2285.94
1903,SALES_0001903,4406,18,81,61,45,2024-11-25T09:39:24,2649.36
754,SALES_0000754,4407,163,479,62,45,2024-10-26T09:39:49,4404.28
4186,SALES_0004186,4408,186,38,102,45,2024-06-03T09:08:53,2931.22
3883,SALES_0003883,4409,30,485,121,45,2024-08-18T19:47:18,4015.96
1898,SALES_0001898,4410,29,408,183,45,2024-10-29T19:24:40,4019.65
3086,SALES_0003086,4411,172,32,217,45,2024-08-27T07:25:09,4841.27
3840,SALES_0003840,4412,25,283,222,45,2024-10-26T01:38:50,1486.73
939,SALES_0000939,4413,58,119,225,45,2024-10-10T03:49:46,2348.15
4132,SALES_0004132,4414,78,12,233,45,2024-11-22T21:07:25,4217.12
1773,SALES_0001773,4415,121,85,238,45,2024-08-25T07:57:31,701.95
2367,SALES_0002367,4416,59,19,246,45,2024-09-12T11:28:52,1338.11
2143,SALES_0002143,4417,83,138,247,45,2024-06-28T19:33:55,578.94
2785,SALES_0002785,4418,94,159,251,45,2024-10-10T06:54:32,1265.19
3925,SALES_0003925,4419,101,458,255,45,2024-08-05T15:48:35,4977.27
4775,SALES_0004775,4420,199,443,256,45,2024-11-19T20:49:08,3692.47
1943,SALES_0001943,4421,63,390,301,45,2024-08-10T20:52:38,4195.88
4779,SALES_0004779,4422,53,180,331,45,2024-08-02T01:25:19,1880.99
2403,SALES_0002403,4423,39,305,333,45,2024-09-30T09:19:06,522.09
1592,SALES_0001592,4424,205,104,340,45,2024-10-02T18:11:40,3616.49
3881,SALES_0003881,4425,66,159,350,45,2024-06-12T20:27:06,728.17
804,SALES_0000804,4426,98,18,352,45,2024-10-05T08:05:44,3157.56
2503,SALES_0002503,4427,149,241,372,45,2024-09-10T17:25:54,4133.07
618,SALES_0000618,4428,189,160,407,45,2024-09-19T14:02:29,1383.1
2294,SALES_0002294,4429,125,265,424,45,2024-07-16T19:35:04,715.94
735,SALES_0000735,4430,44,65,447,45,2024-09-27T07:23:52,1211.52
2759,SALES_0002759,4431,168,375,452,45,2024-09-08T05:03:44,2305.34
870,SALES_0000870,4432,190,465,466,45,2024-10-03T05:14:22,3925.44
4672,SALES_0004672,4433,154,475,487,45,2024-07-31T00:01:58,4790.8
4900,SALES_0004900,4434,174,162,497,45,2024-11-07T05:03:22,4884.94
3426,SALES_0003426,4435,109,222,512,45,2024-08-19T22:20:52,1917.03
3902,SALES_0003902,4436,203,427,529,45,2024-06-02T10:32:50,2114.08
4783,SALES_0004783,4437,183,177,532,45,2024-11-04T12:12:09,1107.9
60,SALES_0000060,4438,162,118,534,45,2024-11-08T05:37:21,4609.2
1062,SALES_0001062,4439,72,278,567,45,2024-11-28T07:36:35,3177.54
4674,SALES_0004674,4440,39,161,569,45,2024-07-30T01:46:58,1533.81
4887,SALES_0004887,4441,197,221,572,45,2024-07-04T10:57:28,4383.57
1741,SALES_0001741,4442,186,267,577,45,2024-11-26T22:39:39,4330.24
4116,SALES_0004116,4443,130,302,622,45,2024-12-08T17:24:02,4879.6
688,SALES_0000688,4444,152,206,634,45,2024-10-18T11:26:16,3489.68
1830,SALES_0001830,4445,201,375,695,45,2024-08-31T20:00:02,1639.47
4305,SALES_0004305,4446,130,89,705,45,2024-11-18T08:00:53,2782.19
1139,SALES_0001139,4447,106,131,706,45,2024-09-12T05:05:05,1040.11
699,SALES_0000699,4448,50,186,792,45,2024-09-27T02:53:23,1254.54
4301,SALES_0004301,4449,61,282,812,45,2024-09-15T17:09:31,514.97
774,SALES_0000774,4450,25,65,816,45,2024-07-29T13:56:23,2990.26
3921,SALES_0003921,4451,29,23,833,45,2024-07-17T20:00:28,2613.6
1142,SALES_0001142,4452,206,320,840,45,2024-07-09T17:13:15,2109.88
3037,SALES_0003037,4453,174,259,845,45,2024-10-03T14:29:20,1635.99
590,SALES_0000590,4454,196,481,849,45,2024-11-07T05:29:57,3229.25
53,SALES_0000053,4455,96,33,879,45,2024-06-04T09:24:58,4853.3
946,SALES_0000946,4456,141,272,879,45,2024-12-10T03:54:15,1841.34
1885,SALES_0001885,4457,4,360,889,45,2024-10-20T19:20:40,4758.98
843,SALES_0000843,4458,103,138,895,45,2024-10-18T01:30:35,2944.52
2994,SALES_0002994,4459,201,213,924,45,2024-07-24T13:55:08,2125.32
1111,SALES_0001111,4460,11,94,927,45,2024-09-21T06:10:26,4614.48
126,SALES_0000126,4461,188,308,965,45,2024-12-01T06:42:20,1593.94
4943,SALES_0004943,4462,19,231,990,45,2024-09-22T22:02:57,4971.25
2872,SALES_0002872,4463,149,474,1028,45,2024-07-06T02:12:52,3675.32
1694,SALES_0001694,4464,49,254,1042,45,2024-09-09T21:33:49,3691.6
494,SALES_0000494,4465,189,135,1047,45,2024-07-14T17:46:01,1595.08
252,SALES_0000252,4466,210,468,1048,45,2024-11-08T01:42:19,2732.08
4507,SALES_0004507,4467,21,397,1074,45,2024-11-18T01:07:52,539.6
356,SALES_0000356,4468,130,16,1081,45,2024-09-28T19:04:11,637.24
4200,SALES_0004200,4469,161,291,1140,45,2024-10-02T15:13:45,1085.29
3768,SALES_0003768,4470,173,40,1149,45,2024-07-11T19:03:40,2612.31
1869,SALES_0001869,4471,163,184,1149,45,2024-11-19T06:52:58,2222.85
4271,SALES_0004271,4472,153,254,1159,45,2024-06-08T13:24:16,4443.79
4624,SALES_0004624,4473,109,464,1185,45,2024-06-29T22:38:21,520.96
1835,SALES_0001835,4474,191,370,1228,45,2024-09-17T01:12:30,779.53
2850,SALES_0002850,4475,29,215,1247,45,2024-09-16T17:06:54,2819.89
811,SALES_0000811,4476,199,33,1256,45,2024-06-11T06:28:50,2913.25
3695,SALES_0003695,4477,54,309,1310,45,2024-12-02T10:50:57,4588.69
1319,SALES_0001319,4478,112,339,1364,45,2024-11-23T10:45:26,4572.12
3054,SALES_0003054,4479,65,460,1371,45,2024-12-10T19:40:41,2761.8
722,SALES_0000722,4480,9,329,1375,45,2024-07-21T09:21:53,3935.41
3687,SALES_0003687,4481,164,176,1378,45,2024-07-18T05:44:53,3961.97
1815,SALES_0001815,4482,104,167,1413,45,2024-12-01T13:12:48,3552.64
4237,SALES_0004237,4483,142,114,1418,45,2024-06-05T06:35:40,4863.34
4862,SALES_0004862,4484,101,135,1428,45,2024-12-06T05:01:31,1640.17
212,SALES_0000212,4485,124,381,1433,45,2024-09-29T17:08:35,981.65
4895,SALES_0004895,4486,124,134,1441,45,2024-11-19T17:03:48,4220.04
3875,SALES_0003875,4487,93,341,1498,45,2024-11-06T06:05:15,1844.25
4618,SALES_0004618,4488,193,302,1508,45,2024-06-01T21:40:21,4859.92
2298,SALES_0002298,4489,185,296,1514,45,2024-05-29T19:51:29,3361.03
1273,SALES_0001273,4490,73,216,1534,45,2024-10-01T16:22:42,1317.54
308,SALES_0000308,4491,65,353,1582,45,2024-07-19T00:01:14,4079.89
4333,SALES_0004333,4492,197,88,1584,45,2024-09-13T04:38:00,4328.23
2761,SALES_0002761,4493,192,283,1604,45,2024-11-19T14:45:03,642.27
3835,SALES_0003835,4494,163,212,1615,45,2024-11-05T07:30:25,3168.01
3022,SALES_0003022,4495,17,417,1616,45,2024-09-07T20:03:36,1797.32
3538,SALES_0003538,4496,34,108,1636,45,2024-11-25T17:46:39,3223.93
2383,SALES_0002383,4497,12,332,1660,45,2024-09-03T01:29:56,3729.92
243,SALES_0000243,4498,84,381,1682,45,2024-11-23T02:47:12,687.91
2344,SALES_0002344,4499,188,20,1685,45,2024-06-07T02:49:37,3124.88
98,SALES_0000098,4500,97,32,1687,45,2024-11-02T13:15:32,2224.15
4996,SALES_0004996,4501,147,96,1690,45,2024-08-20T10:56:11,769.67
2280,SALES_0002280,4502,20,63,1729,45,2024-06-21T12:58:14,3990.27
2933,SALES_0002933,4503,67,86,1757,45,2024-11-23T14:55:14,2273.73
644,SALES_0000644,4504,194,110,1775,45,2024-08-22T10:49:35,1470.36
3334,SALES_0003334,4505,51,477,1781,45,2024-11-19T13:23:07,4360.77
3896,SALES_0003896,4506,132,169,1786,45,2024-06-05T07:16:10,2917.33
4510,SALES_0004510,4507,136,279,1788,45,2024-12-03T17:37:14,4698.64
455,SALES_0000455,4508,3,278,1809,45,2024-10-04T22:17:08,2656.91
4733,SALES_0004733,4509,138,387,1857,45,2024-09-05T19:16:37,4054.79
2413,SALES_0002413,4510,26,58,1887,45,2024-08-10T14:57:16,4235.21
4781,SALES_0004781,4511,184,51,1912,45,2024-06-06T13:33:25,2100.78
2273,SALES_0002273,4512,190,21,1918,45,2024-08-26T00:43:21,1595.1
2693,SALES_0002693,4513,156,347,1943,45,2024-07-10T19:06:16,1990.92
74,SALES_0000074,4514,105,313,1947,45,2024-12-11T07:43:21,2302.8
485,SALES_0000485,4515,80,494,1960,45,2024-07-22T23:26:33,2719.37
15,SALES_0000015,4516,53,225,1974,45,2024-10-26T06:30:02,1005.42
1786,SALES_0001786,4517,115,18,1978,45,2024-10-06T01:32:18,2281.83
4190,SALES_0004190,4518,108,63,1991,45,2024-11-14T15:58:44,3875.38
3719,SALES_0003719,4519,6,425,1998,45,2024-08-06T05:56:18,2013.79
2975,SALES_0002975,4520,61,387,70,46,2024-12-06T19:56:24,3093.96
4528,SALES_0004528,4521,45,298,99,46,2024-11-02T12:52:32,2021.47
2190,SALES_0002190,4522,163,361,117,46,2024-08-17T03:45:00,3404.79
3703,SALES_0003703,4523,106,410,133,46,2024-09-07T15:41:52,2159.97
2072,SALES_0002072,4524,157,156,158,46,2024-11-04T04:40:26,3643.76
4444,SALES_0004444,4525,43,143,160,46,2024-10-07T03:08:08,2050.54
4500,SALES_0004500,4526,30,408,170,46,2024-07-29T11:31:50,4253.37
3002,SALES_0003002,4527,184,253,176,46,2024-08-05T11:30:56,2916.75
3480,SALES_0003480,4528,28,80,180,46,2024-11-17T20:34:39,1527.01
3436,SALES_0003436,4529,180,127,180,46,2024-11-20T10:07:24,2592.57
304,SALES_0000304,4530,26,42,200,46,2024-12-13T05:59:27,3911.97
4090,SALES_0004090,4531,35,458,249,46,2024-09-19T13:35:12,4001
619,SALES_0000619,4532,131,125,253,46,2024-11-15T06:41:40,2246.52
4055,SALES_0004055,4533,71,156,273,46,2024-10-27T09:11:18,1341.75
4319,SALES_0004319,4534,139,57,287,46,2024-11-06T15:58:35,1848.99
3390,SALES_0003390,4535,13,198,298,46,2024-08-17T19:18:12,3851.21
90,SALES_0000090,4536,7,394,341,46,2024-09-23T22:35:48,4744.73
4315,SALES_0004315,4537,84,325,364,46,2024-10-30T04:24:37,1617.2
2166,SALES_0002166,4538,117,379,394,46,2024-08-25T02:31:27,2088.23
4586,SALES_0004586,4539,153,9,471,46,2024-08-14T10:49:24,1676.95
1900,SALES_0001900,4540,121,126,554,46,2024-10-24T11:10:01,1311.36
2315,SALES_0002315,4541,186,170,648,46,2024-10-22T03:03:13,1272.58
4790,SALES_0004790,4542,37,425,654,46,2024-11-12T10:20:03,2588.23
3531,SALES_0003531,4543,19,147,658,46,2024-11-11T04:36:38,899.86
2876,SALES_0002876,4544,88,211,666,46,2024-12-01T08:54:24,2575.4
742,SALES_0000742,4545,87,111,698,46,2024-08-23T19:53:00,3590.9
4260,SALES_0004260,4546,108,185,766,46,2024-08-20T13:42:11,1388.14
4653,SALES_0004653,4547,140,125,795,46,2024-08-21T03:27:55,1607.46
2731,SALES_0002731,4548,189,354,799,46,2024-09-05T23:57:57,4863.76
3623,SALES_0003623,4549,46,179,803,46,2024-10-06T13:00:17,4661.98
1395,SALES_0001395,4550,41,284,811,46,2024-09-22T21:09:37,1390.41
3521,SALES_0003521,4551,138,469,812,46,2024-09-30T20:38:11,3842.04
4735,SALES_0004735,4552,19,152,841,46,2024-12-07T15:13:00,4125.73
1733,SALES_0001733,4553,37,345,924,46,2024-10-18T14:14:17,995.34
4890,SALES_0004890,4554,175,252,974,46,2024-09-06T09:42:08,2161.86
2262,SALES_0002262,4555,113,286,1024,46,2024-07-22T20:30:29,4578.4
2692,SALES_0002692,4556,195,164,1025,46,2024-10-01T10:07:46,3676.55
2680,SALES_0002680,4557,65,63,1033,46,2024-09-04T14:51:36,2232.58
2037,SALES_0002037,4558,100,234,1077,46,2024-11-21T11:58:05,4471.38
1761,SALES_0001761,4559,116,428,1087,46,2024-11-07T05:00:14,1301.47
4615,SALES_0004615,4560,41,196,1095,46,2024-09-26T20:59:07,1824.28
210,SALES_0000210,4561,41,234,1095,46,2024-10-14T14:41:12,2794.44
437,SALES_0000437,4562,40,106,1125,46,2024-10-17T20:00:57,977.84
1649,SALES_0001649,4563,18,234,1138,46,2024-09-17T19:56:20,2403.25
4350,SALES_0004350,4564,156,307,1145,46,2024-09-16T06:19:12,837.51
600,SALES_0000600,4565,203,198,1146,46,2024-10-03T20:40:57,894.89
2961,SALES_0002961,4566,14,320,1157,46,2024-11-02T06:54:47,1784.4
4543,SALES_0004543,4567,24,413,1246,46,2024-10-31T02:24:12,3242.5
1621,SALES_0001621,4568,189,16,1251,46,2024-08-25T07:42:40,2852.44
2924,SALES_0002924,4569,90,415,1260,46,2024-11-11T20:17:57,3467.38
2842,SALES_0002842,4570,127,286,1263,46,2024-11-24T09:35:16,4029.73
3765,SALES_0003765,4571,44,200,1290,46,2024-11-20T03:20:58,3476.6
1968,SALES_0001968,4572,164,210,1298,46,2024-09-25T12:06:06,759.74
2067,SALES_0002067,4573,143,145,1299,46,2024-10-31T16:44:24,1911.41
369,SALES_0000369,4574,89,489,1323,46,2024-10-12T14:42:42,4474.19
1211,SALES_0001211,4575,138,311,1357,46,2024-08-11T02:29:47,3376.36
1436,SALES_0001436,4576,197,457,1375,46,2024-07-24T23:10:18,3240.06
992,SALES_0000992,4577,183,496,1418,46,2024-09-24T15:48:47,2860.65
3125,SALES_0003125,4578,76,394,1419,46,2024-11-16T17:03:43,1118.26
1617,SALES_0001617,4579,156,127,1527,46,2024-10-16T07:48:54,2660.33
3420,SALES_0003420,4580,198,174,1530,46,2024-10-22T16:18:54,1238.17
1275,SALES_0001275,4581,125,131,1570,46,2024-07-29T02:44:43,1752.62
4881,SALES_0004881,4582,166,54,1573,46,2024-10-02T04:56:53,4117.83
3997,SALES_0003997,4583,109,17,1611,46,2024-10-20T23:57:06,519.49
770,SALES_0000770,4584,102,86,1616,46,2024-11-03T06:52:44,2236.84
997,SALES_0000997,4585,71,243,1674,46,2024-09-17T18:42:16,3208.01
4214,SALES_0004214,4586,209,456,1680,46,2024-08-29T18:43:45,3394.62
4729,SALES_0004729,4587,146,68,1688,46,2024-11-11T03:39:38,2311.71
620,SALES_0000620,4588,178,274,1719,46,2024-09-29T07:16:18,2863.22
4221,SALES_0004221,4589,171,263,1740,46,2024-08-24T10:07:14,4970.61
3029,SALES_0003029,4590,174,470,1747,46,2024-11-23T01:25:11,2898.58
2090,SALES_0002090,4591,181,390,1760,46,2024-10-16T15:33:20,4835.95
3440,SALES_0003440,4592,46,36,1808,46,2024-12-16T11:38:51,2280.55
1299,SALES_0001299,4593,162,458,1824,46,2024-11-29T20:46:40,2660.03
4512,SALES_0004512,4594,152,222,1846,46,2024-08-09T00:34:48,4511.57
4473,SALES_0004473,4595,168,307,1846,46,2024-09-11T13:13:09,1739.88
4521,SALES_0004521,4596,130,18,1847,46,2024-09-27T13:25:09,2344.48
3170,SALES_0003170,4597,43,186,1863,46,2024-08-07T10:47:44,4651.61
4659,SALES_0004659,4598,53,468,1876,46,2024-11-14T16:20:54,1024.41
2458,SALES_0002458,4599,123,230,1880,46,2024-07-25T09:57:50,2538.35
206,SALES_0000206,4600,39,308,1880,46,2024-07-27T02:59:27,2727.94
1543,SALES_0001543,4601,12,43,1889,46,2024-08-01T01:17:11,4599.25
4541,SALES_0004541,4602,150,137,1904,46,2024-09-24T20:27:32,2821.42
180,SALES_0000180,4603,192,127,1915,46,2024-11-01T05:27:12,3798.61
2709,SALES_0002709,4604,9,110,1959,46,2024-08-30T16:38:54,2752.66
4459,SALES_0004459,4605,188,297,29,47,2024-11-07T17:24:27,4080.6
2268,SALES_0002268,4606,111,162,33,47,2024-10-31T23:29:57,4751.2
1948,SALES_0001948,4607,163,164,47,47,2024-11-16T00:11:09,4964.11
4529,SALES_0004529,4608,114,180,50,47,2024-09-01T07:19:30,4818.94
4842,SALES_0004842,4609,139,403,51,47,2024-09-10T14:12:55,3587.23
4183,SALES_0004183,4610,11,367,74,47,2024-10-30T20:47:21,690.31
2020,SALES_0002020,4611,153,20,93,47,2024-12-04T16:49:23,2392.69
1942,SALES_0001942,4612,132,116,96,47,2024-09-28T15:47:24,782.14
3331,SALES_0003331,4613,204,48,102,47,2024-08-09T09:47:02,2785.73
3330,SALES_0003330,4614,174,475,115,47,2024-11-14T21:37:13,1589.02
4797,SALES_0004797,4615,14,489,123,47,2024-07-30T23:38:46,3363.26
2487,SALES_0002487,4616,98,161,129,47,2024-09-28T19:31:41,2793.78
3839,SALES_0003839,4617,207,232,150,47,2024-10-01T07:28:53,3414.29
56,SALES_0000056,4618,57,308,185,47,2024-12-14T19:16:00,1867.5
813,SALES_0000813,4619,176,184,206,47,2024-12-07T02:23:50,1503.98
3953,SALES_0003953,4620,92,398,208,47,2024-10-20T13:34:01,4153.15
2010,SALES_0002010,4621,49,174,215,47,2024-11-01T10:31:21,4765.52
3464,SALES_0003464,4622,35,409,257,47,2024-10-03T15:44:22,4823.14
4497,SALES_0004497,4623,199,454,275,47,2024-11-13T09:45:16,4454.49
4603,SALES_0004603,4624,70,177,277,47,2024-09-20T12:55:44,4757.57
2491,SALES_0002491,4625,148,476,363,47,2024-10-15T03:34:27,2632.24
3325,SALES_0003325,4626,54,89,375,47,2024-10-28T07:52:14,1071.47
1749,SALES_0001749,4627,137,106,379,47,2024-07-19T09:17:51,792.55
2078,SALES_0002078,4628,21,59,391,47,2024-10-05T08:02:41,3908.04
3136,SALES_0003136,4629,22,190,443,47,2024-09-07T20:03:08,621.15
2962,SALES_0002962,4630,171,494,461,47,2024-10-06T16:24:03,648.31
676,SALES_0000676,4631,68,49,466,47,2024-08-22T23:54:56,1801.15
2917,SALES_0002917,4632,210,375,493,47,2024-08-22T19:56:30,2771.9
868,SALES_0000868,4633,161,369,503,47,2024-07-26T15:41:04,510.42
2936,SALES_0002936,4634,90,429,510,47,2024-11-01T23:53:27,557.13
2597,SALES_0002597,4635,105,50,543,47,2024-11-30T08:01:51,3227.47
47,SALES_0000047,4636,92,486,549,47,2024-08-18T10:46:36,1232
522,SALES_0000522,4637,109,360,568,47,2024-07-19T10:59:45,1061.24
4537,SALES_0004537,4638,169,363,571,47,2024-09-27T14:38:43,4222.85
3707,SALES_0003707,4639,92,395,593,47,2024-10-16T14:13:12,3293.7
3443,SALES_0003443,4640,141,498,630,47,2024-08-25T05:21:53,4637.27
1673,SALES_0001673,4641,202,300,654,47,2024-12-09T17:16:17,1130.8
564,SALES_0000564,4642,54,235,667,47,2024-11-08T08:48:33,1729.81
1075,SALES_0001075,4643,172,136,713,47,2024-12-05T19:26:22,814.68
3619,SALES_0003619,4644,30,389,794,47,2024-10-23T02:55:01,2923.72
1233,SALES_0001233,4645,95,373,798,47,2024-08-08T08:24:31,2104.62
794,SALES_0000794,4646,113,279,820,47,2024-10-01T00:24:38,949.72
4321,SALES_0004321,4647,13,55,830,47,2024-09-07T05:38:57,2788.62
3681,SALES_0003681,4648,32,448,836,47,2024-12-17T22:51:20,3195.18
1735,SALES_0001735,4649,167,37,850,47,2024-08-23T11:00:25,4695.25
4264,SALES_0004264,4650,70,179,857,47,2024-08-09T15:17:33,3595.32
2672,SALES_0002672,4651,154,130,872,47,2024-08-26T16:36:34,1591.04
1492,SALES_0001492,4652,7,4,889,47,2024-09-26T08:42:35,550.57
3853,SALES_0003853,4653,208,400,915,47,2024-11-12T23:35:49,2130.59
428,SALES_0000428,4654,158,374,923,47,2024-11-14T17:55:00,4521.21
841,SALES_0000841,4655,195,463,925,47,2024-09-19T15:27:14,1577.99
3081,SALES_0003081,4656,200,143,942,47,2024-10-04T08:16:17,3353.61
2386,SALES_0002386,4657,56,355,998,47,2024-08-12T11:38:06,551.29
3114,SALES_0003114,4658,92,308,1003,47,2024-11-20T07:08:44,1912.47
3874,SALES_0003874,4659,56,478,1007,47,2024-09-27T16:58:00,1066.68
2735,SALES_0002735,4660,51,311,1072,47,2024-10-23T16:57:42,1470.44
1758,SALES_0001758,4661,24,159,1097,47,2024-09-21T14:33:54,3823.29
876,SALES_0000876,4662,104,316,1145,47,2024-11-20T12:51:29,3316.7
1100,SALES_0001100,4663,99,305,1150,47,2024-11-17T05:32:25,4517.36
3077,SALES_0003077,4664,90,306,1169,47,2024-12-20T17:25:54,4255.14
2475,SALES_0002475,4665,207,39,1180,47,2024-07-29T14:24:25,4250.18
4534,SALES_0004534,4666,178,355,1182,47,2024-09-21T10:40:21,2488.8
66,SALES_0000066,4667,183,171,1227,47,2024-08-13T08:16:33,3268.42
825,SALES_0000825,4668,209,422,1227,47,2024-11-05T17:35:25,3129.94
374,SALES_0000374,4669,95,322,1279,47,2024-09-07T13:54:29,1367.1
650,SALES_0000650,4670,208,84,1332,47,2024-12-16T23:38:36,3687.12
4275,SALES_0004275,4671,13,206,1333,47,2024-10-29T06:13:39,1498.33
1185,SALES_0001185,4672,134,494,1364,47,2024-08-26T18:56:04,1752.67
354,SALES_0000354,4673,6,388,1366,47,2024-09-30T23:59:21,1692.12
128,SALES_0000128,4674,148,275,1449,47,2024-07-31T08:58:24,3920.64
1517,SALES_0001517,4675,109,214,1477,47,2024-09-06T11:07:32,4479.13
2777,SALES_0002777,4676,79,331,1479,47,2024-08-05T13:08:26,1896.6
1403,SALES_0001403,4677,89,364,1492,47,2024-11-06T07:40:39,1561.68
4849,SALES_0004849,4678,2,374,1500,47,2024-12-08T16:36:08,1021.9
2058,SALES_0002058,4679,132,280,1597,47,2024-11-02T21:51:08,2348.89
123,SALES_0000123,4680,131,97,1627,47,2024-12-14T06:09:21,1847.55
193,SALES_0000193,4681,120,466,1635,47,2024-10-22T16:50:45,2622.28
33,SALES_0000033,4682,52,175,1640,47,2024-07-21T09:10:48,1337.27
231,SALES_0000231,4683,6,481,1648,47,2024-09-17T03:40:46,1683.68
2813,SALES_0002813,4684,170,418,1699,47,2024-09-23T03:34:53,4059.7
287,SALES_0000287,4685,102,67,1703,47,2024-12-14T09:09:41,3293.22
4690,SALES_0004690,4686,181,362,1708,47,2024-08-24T08:40:05,3133
646,SALES_0000646,4687,85,125,1783,47,2024-09-07T01:03:07,4756.08
704,SALES_0000704,4688,86,141,1807,47,2024-10-09T07:07:10,4313.36
2904,SALES_0002904,4689,63,105,1830,47,2024-11-02T00:56:23,4469.43
2998,SALES_0002998,4690,122,51,1843,47,2024-08-04T13:47:20,1934.67
3895,SALES_0003895,4691,126,308,1864,47,2024-08-31T16:31:32,1030.97
2338,SALES_0002338,4692,165,38,1924,47,2024-10-18T11:37:36,3350.51
1636,SALES_0001636,4693,83,9,1929,47,2024-08-07T18:33:31,3184.84
2201,SALES_0002201,4694,192,16,1932,47,2024-10-17T13:35:06,1475.28
3702,SALES_0003702,4695,86,128,1947,47,2024-07-20T04:48:56,3956.42
3149,SALES_0003149,4696,124,241,1949,47,2024-08-10T23:05:37,2672.28
2840,SALES_0002840,4697,201,438,1978,47,2024-09-04T02:20:26,2450.52
4463,SALES_0004463,4698,161,152,1993,47,2024-07-26T15:17:28,4569.02
3079,SALES_0003079,4699,39,85,1999,47,2024-10-11T22:40:55,4531.32
3660,SALES_0003660,4700,188,192,37,48,2024-05-14T06:43:43,2002.61
2615,SALES_0002615,4701,168,275,86,48,2024-10-04T04:02:33,2277.64
822,SALES_0000822,4702,195,133,101,48,2024-09-22T21:24:04,4293.4
1253,SALES_0001253,4703,126,283,101,48,2024-07-17T16:21:21,1760.73
2070,SALES_0002070,4704,101,366,141,48,2024-08-09T00:12:50,4947.71
1561,SALES_0001561,4705,109,204,176,48,2024-05-11T11:54:16,1145.77
3066,SALES_0003066,4706,18,94,190,48,2024-11-07T04:37:10,4183.44
2859,SALES_0002859,4707,62,13,199,48,2024-10-21T15:23:23,2673.35
3488,SALES_0003488,4708,60,283,201,48,2024-10-03T21:36:49,2632.91
2234,SALES_0002234,4709,154,335,234,48,2024-11-18T10:20:49,2268.64
2188,SALES_0002188,4710,22,1,325,48,2024-10-16T12:54:06,2899.35
4814,SALES_0004814,4711,153,82,331,48,2024-10-08T02:07:36,3792.65
4985,SALES_0004985,4712,76,279,362,48,2024-10-20T18:49:00,3406.94
2634,SALES_0002634,4713,36,465,374,48,2024-05-06T23:48:07,3720.66
4503,SALES_0004503,4714,48,40,392,48,2024-07-13T17:34:43,3970.85
4038,SALES_0004038,4715,17,424,452,48,2024-11-05T00:49:56,2811.42
3373,SALES_0003373,4716,163,373,494,48,2024-10-03T16:36:55,2098.37
92,SALES_0000092,4717,201,143,496,48,2024-11-03T00:50:47,2283.94
4701,SALES_0004701,4718,82,327,502,48,2024-12-16T05:20:20,1507.04
1464,SALES_0001464,4719,92,241,509,48,2024-11-13T09:22:59,4365.31
531,SALES_0000531,4720,74,304,541,48,2024-09-22T13:16:36,678.36
298,SALES_0000298,4721,14,300,567,48,2024-07-30T16:20:56,4767.61
3705,SALES_0003705,4722,102,380,573,48,2024-08-31T02:09:23,2127.68
2327,SALES_0002327,4723,207,169,577,48,2024-09-08T10:42:04,4916.39
4777,SALES_0004777,4724,105,412,579,48,2024-04-08T18:57:32,1849.27
214,SALES_0000214,4725,49,31,630,48,2024-04-21T04:33:15,3119.72
3162,SALES_0003162,4726,177,182,715,48,2024-10-13T14:59:40,1699.21
1097,SALES_0001097,4727,41,105,716,48,2024-12-17T08:31:02,3110.37
4230,SALES_0004230,4728,42,72,730,48,2024-09-10T06:13:09,4095.64
1700,SALES_0001700,4729,79,5,777,48,2024-09-04T19:08:33,2643.12
4824,SALES_0004824,4730,113,153,805,48,2024-10-05T09:27:22,3614.08
3285,SALES_0003285,4731,166,187,809,48,2024-06-19T00:37:27,2883.3
4298,SALES_0004298,4732,26,78,868,48,2024-06-26T10:47:26,1642.06
4871,SALES_0004871,4733,95,406,882,48,2024-04-18T09:22:56,1814.59
3138,SALES_0003138,4734,151,51,884,48,2024-06-25T17:59:47,3856.88
1354,SALES_0001354,4735,28,371,919,48,2024-11-01T12:24:29,2438.73
1563,SALES_0001563,4736,198,298,925,48,2024-08-02T03:23:35,748.78
1848,SALES_0001848,4737,150,100,926,48,2024-06-20T15:03:50,763.93
1105,SALES_0001105,4738,154,356,931,48,2024-05-30T14:49:15,4288.69
44,SALES_0000044,4739,209,216,943,48,2024-04-30T20:49:29,620.66
2900,SALES_0002900,4740,131,243,952,48,2024-12-03T17:36:15,4263.41
800,SALES_0000800,4741,66,371,1021,48,2024-10-06T17:13:13,4599.76
1411,SALES_0001411,4742,54,278,1055,48,2024-08-02T21:50:54,2960.15
4149,SALES_0004149,4743,63,92,1072,48,2024-04-22T13:58:11,3686.46
817,SALES_0000817,4744,17,312,1100,48,2024-12-09T15:43:48,4848.62
197,SALES_0000197,4745,67,128,1141,48,2024-05-31T16:17:53,2357.86
4398,SALES_0004398,4746,34,184,1154,48,2024-12-16T16:08:56,4988.86
215,SALES_0000215,4747,140,236,1173,48,2024-08-11T02:23:18,576.93
4517,SALES_0004517,4748,34,159,1180,48,2024-09-18T02:26:31,3113.69
4664,SALES_0004664,4749,68,157,1213,48,2024-04-28T06:47:48,3600
1716,SALES_0001716,4750,87,83,1251,48,2024-09-01T17:03:46,3239.52
1955,SALES_0001955,4751,24,258,1254,48,2024-07-20T08:51:38,1652.87
3284,SALES_0003284,4752,115,3,1260,48,2024-04-30T08:37:43,3733.06
245,SALES_0000245,4753,100,139,1262,48,2024-07-12T19:06:02,862.39
4196,SALES_0004196,4754,100,134,1264,48,2024-07-29T23:48:09,1706.93
3473,SALES_0003473,4755,150,327,1313,48,2024-06-03T23:50:55,1088.11
2353,SALES_0002353,4756,209,435,1333,48,2024-06-20T15:45:14,2256.1
4527,SALES_0004527,4757,170,120,1346,48,2024-08-14T06:49:28,3936.41
4126,SALES_0004126,4758,145,199,1362,48,2024-11-06T07:44:00,1467.51
1591,SALES_0001591,4759,144,338,1422,48,2024-10-16T00:18:25,3872.95
235,SALES_0000235,4760,174,237,1478,48,2024-07-10T18:33:03,1955.24
3779,SALES_0003779,4761,145,323,1498,48,2024-09-26T05:37:47,3083.91
791,SALES_0000791,4762,122,434,1499,48,2024-06-02T21:06:36,2815.91
1501,SALES_0001501,4763,133,236,1504,48,2024-07-31T07:59:14,2595.85
2350,SALES_0002350,4764,206,214,1523,48,2024-07-10T15:10:07,656.56
2098,SALES_0002098,4765,22,334,1524,48,2024-06-30T14:23:05,1321.35
296,SALES_0000296,4766,207,373,1543,48,2024-11-12T08:35:54,3720.74
756,SALES_0000756,4767,160,496,1546,48,2024-05-15T22:52:19,3524.43
3248,SALES_0003248,4768,183,445,1553,48,2024-08-29T18:28:34,1234.64
515,SALES_0000515,4769,2,202,1569,48,2024-11-22T09:13:51,512.48
797,SALES_0000797,4770,188,172,1601,48,2024-04-11T13:14:23,2109.83
4344,SALES_0004344,4771,126,226,1631,48,2024-11-23T02:18:49,2599.05
414,SALES_0000414,4772,209,486,1648,48,2024-05-31T12:15:30,715.5
3838,SALES_0003838,4773,117,500,1648,48,2024-10-06T05:37:58,3981.8
1159,SALES_0001159,4774,183,498,1685,48,2024-06-19T11:03:09,1222.63
360,SALES_0000360,4775,66,357,1721,48,2024-09-14T18:47:09,1963.25
3344,SALES_0003344,4776,128,352,1744,48,2024-09-20T11:52:17,3406.38
4068,SALES_0004068,4777,21,87,1795,48,2024-09-20T13:10:04,4463.1
2888,SALES_0002888,4778,197,216,1802,48,2024-06-04T14:22:05,3961.43
3961,SALES_0003961,4779,117,327,1810,48,2024-12-17T22:24:02,2280.14
125,SALES_0000125,4780,15,484,1832,48,2024-05-17T16:36:14,4454.58
263,SALES_0000263,4781,210,385,1833,48,2024-06-10T12:46:05,1709.45
4876,SALES_0004876,4782,118,339,1919,48,2024-11-04T15:46:08,1273.66
1611,SALES_0001611,4783,82,304,1953,48,2024-08-14T03:23:17,3170.31
4594,SALES_0004594,4784,142,439,1959,48,2024-11-09T05:15:27,3501.14
333,SALES_0000333,4785,11,332,1960,48,2024-07-13T04:32:23,1149.95
2865,SALES_0002865,4786,5,12,1969,48,2024-06-05T23:03:43,1829.07
3111,SALES_0003111,4787,38,68,16,49,2024-11-07T21:09:35,2210.8
18,SALES_0000018,4788,164,79,35,49,2024-04-10T09:16:10,3882.96
2347,SALES_0002347,4789,131,382,35,49,2024-08-15T19:11:07,4416.18
555,SALES_0000555,4790,53,300,70,49,2024-09-24T17:11:37,4792.3
4532,SALES_0004532,4791,179,17,113,49,2024-06-29T14:21:47,1758.98
577,SALES_0000577,4792,127,426,128,49,2024-06-26T14:03:42,3614.32
1440,SALES_0001440,4793,166,457,191,49,2024-12-07T01:02:32,1262.68
291,SALES_0000291,4794,195,351,228,49,2024-10-05T22:11:18,3827.57
1265,SALES_0001265,4795,178,245,252,49,2024-08-04T12:41:37,2698.82
1098,SALES_0001098,4796,59,160,328,49,2024-04-21T06:22:15,4778.47
1687,SALES_0001687,4797,96,224,331,49,2024-10-15T06:12:08,4354
2610,SALES_0002610,4798,197,228,348,49,2024-07-16T13:26:01,1255.73
1503,SALES_0001503,4799,32,361,374,49,2024-08-17T09:52:23,4670.18
3174,SALES_0003174,4800,90,327,377,49,2024-09-07T00:03:57,2968.32
3355,SALES_0003355,4801,206,170,421,49,2024-08-06T21:02:05,685.18
4501,SALES_0004501,4802,182,205,431,49,2024-06-30T10:29:01,3384.32
1197,SALES_0001197,4803,47,475,435,49,2024-08-14T10:34:08,3294.98
3380,SALES_0003380,4804,192,440,438,49,2024-12-22T20:09:10,3856.01
1401,SALES_0001401,4805,204,60,442,49,2024-04-08T22:41:25,2995.49
3455,SALES_0003455,4806,184,411,453,49,2024-10-31T09:45:07,2918.93
2330,SALES_0002330,4807,187,27,471,49,2024-07-24T03:29:05,2706.09
63,SALES_0000063,4808,126,217,477,49,2024-06-07T14:44:26,2651.01
819,SALES_0000819,4809,77,34,486,49,2024-06-11T03:21:49,1285.43
2125,SALES_0002125,4810,83,82,546,49,2024-11-20T03:59:01,3803.33
4380,SALES_0004380,4811,65,222,555,49,2024-09-20T04:53:28,2148.73
4854,SALES_0004854,4812,105,479,668,49,2024-07-14T20:31:46,1838.55
2191,SALES_0002191,4813,175,375,672,49,2024-08-07T14:15:59,4702.82
2538,SALES_0002538,4814,90,282,678,49,2024-07-15T22:10:15,1263.43
2208,SALES_0002208,4815,51,71,689,49,2024-11-29T16:05:57,4667.31
4524,SALES_0004524,4816,110,144,718,49,2024-11-06T05:44:30,2630.98
2335,SALES_0002335,4817,5,491,739,49,2024-08-31T01:51:24,4585.77
1232,SALES_0001232,4818,174,327,741,49,2024-09-30T19:50:30,4497.47
3528,SALES_0003528,4819,60,305,753,49,2024-07-20T05:31:29,3122.92
1670,SALES_0001670,4820,128,35,762,49,2024-06-09T08:45:04,1489.49
4776,SALES_0004776,4821,155,132,765,49,2024-06-06T06:15:11,3985.44
514,SALES_0000514,4822,193,478,782,49,2024-08-05T23:51:15,3208.97
3485,SALES_0003485,4823,40,82,786,49,2024-05-20T09:30:48,1274.06
2464,SALES_0002464,4824,50,325,822,49,2024-09-23T21:34:01,733.39
3568,SALES_0003568,4825,90,374,828,49,2024-07-12T11:57:09,2772.2
1849,SALES_0001849,4826,52,155,831,49,2024-11-07T11:00:13,2151.17
4791,SALES_0004791,4827,25,335,836,49,2024-06-24T04:48:26,3228.78
1585,SALES_0001585,4828,137,448,839,49,2024-11-03T18:32:50,617.89
4123,SALES_0004123,4829,127,174,840,49,2024-08-14T17:54:37,2396.76
365,SALES_0000365,4830,162,278,859,49,2024-07-28T06:20:00,1245.83
1715,SALES_0001715,4831,33,376,877,49,2024-10-24T23:48:51,2071.97
1752,SALES_0001752,4832,46,23,880,49,2024-09-30T14:02:19,760.63
1556,SALES_0001556,4833,151,128,881,49,2024-09-15T18:04:40,1521.04
4903,SALES_0004903,4834,200,416,881,49,2024-04-23T06:25:24,2476.81
657,SALES_0000657,4835,100,408,939,49,2024-05-18T21:26:56,4221.62
2479,SALES_0002479,4836,24,140,944,49,2024-06-20T10:12:40,2049.71
711,SALES_0000711,4837,186,442,946,49,2024-08-27T02:23:28,932.46
4593,SALES_0004593,4838,104,399,954,49,2024-12-10T16:06:10,759.8
2461,SALES_0002461,4839,67,188,978,49,2024-05-20T03:57:33,2027.85
2558,SALES_0002558,4840,67,359,988,49,2024-04-26T16:12:31,2520.53
3558,SALES_0003558,4841,17,116,997,49,2024-05-05T06:07:25,4729.96
325,SALES_0000325,4842,2,386,1002,49,2024-05-03T13:56:02,4762.71
4605,SALES_0004605,4843,69,95,1026,49,2024-10-09T16:42:53,2115.25
1146,SALES_0001146,4844,104,399,1036,49,2024-10-03T04:04:58,993.66
2032,SALES_0002032,4845,72,283,1050,49,2024-12-07T18:07:37,4915.28
2942,SALES_0002942,4846,108,272,1070,49,2024-06-30T01:22:08,1984.77
192,SALES_0000192,4847,168,85,1071,49,2024-10-19T22:26:16,4948.35
385,SALES_0000385,4848,137,55,1074,49,2024-09-28T22:10:52,4542.04
4185,SALES_0004185,4849,109,337,1111,49,2024-12-11T02:49:39,3327.94
3958,SALES_0003958,4850,75,476,1153,49,2024-06-15T08:11:19,4563.63
3795,SALES_0003795,4851,165,51,1186,49,2024-06-25T05:32:26,4910.46
1166,SALES_0001166,4852,21,281,1227,49,2024-08-12T15:22:36,4377.79
4582,SALES_0004582,4853,187,339,1229,49,2024-10-09T00:49:17,4318.2
4412,SALES_0004412,4854,36,437,1229,49,2024-05-01T09:42:42,2183.04
4712,SALES_0004712,4855,144,257,1280,49,2024-05-29T02:01:22,828.27
3841,SALES_0003841,4856,42,41,1329,49,2024-04-24T18:03:10,863.83
2838,SALES_0002838,4857,21,489,1348,49,2024-07-31T16:54:13,4809.91
2532,SALES_0002532,4858,61,359,1352,49,2024-09-01T11:30:33,4276.4
4930,SALES_0004930,4859,119,454,1414,49,2024-09-12T02:42:58,2311.56
820,SALES_0000820,4860,167,140,1531,49,2024-10-02T12:09:19,945.55
2932,SALES_0002932,4861,142,26,1567,49,2024-09-04T20:56:13,535.66
4095,SALES_0004095,4862,104,481,1603,49,2024-05-01T09:08:56,4672.27
1330,SALES_0001330,4863,84,430,1609,49,2024-08-17T15:34:34,4618.79
721,SALES_0000721,4864,52,160,1640,49,2024-10-29T08:42:38,3181.87
1642,SALES_0001642,4865,93,413,1674,49,2024-10-03T16:34:34,4669.72
3790,SALES_0003790,4866,152,62,1678,49,2024-06-21T08:31:06,3222.86
2600,SALES_0002600,4867,52,439,1680,49,2024-07-16T20:54:53,2967.92
2630,SALES_0002630,4868,125,184,1688,49,2024-09-20T08:40:08,2813.86
3263,SALES_0003263,4869,104,155,1816,49,2024-04-26T11:14:52,3774.01
3671,SALES_0003671,4870,2,485,1819,49,2024-06-21T17:12:54,2491.59
1412,SALES_0001412,4871,177,317,1835,49,2024-08-10T12:42:54,4051.62
4112,SALES_0004112,4872,50,300,1853,49,2024-09-05T14:49:17,2995.63
3363,SALES_0003363,4873,134,376,1883,49,2024-10-20T17:16:01,3215.92
3033,SALES_0003033,4874,14,58,1892,49,2024-07-20T21:43:09,3756.14
1086,SALES_0001086,4875,38,8,1911,49,2024-09-10T05:46:54,2064.56
4769,SALES_0004769,4876,109,200,1922,49,2024-06-22T17:44:57,1230.81
523,SALES_0000523,4877,43,491,1930,49,2024-09-24T16:39:16,1609.43
4752,SALES_0004752,4878,202,208,1937,49,2024-09-29T03:51:12,4310.38
679,SALES_0000679,4879,136,270,1938,49,2024-05-17T16:50:16,3721.52
2011,SALES_0002011,4880,132,333,1972,49,2024-12-14T03:07:18,4492.23
4247,SALES_0004247,4881,126,12,1975,49,2024-09-26T20:09:06,985.12
4003,SALES_0004003,4882,106,123,22,50,2024-10-15T21:00:34,3660.95
3410,SALES_0003410,4883,60,22,57,50,2024-11-02T22:18:04,3431.09
3291,SALES_0003291,4884,193,324,82,50,2024-12-10T15:21:34,2464.33
2259,SALES_0002259,4885,153,151,125,50,2024-12-04T22:17:13,1318.42
424,SALES_0000424,4886,127,160,132,50,2024-12-16T10:35:09,3653.53
1125,SALES_0001125,4887,149,240,150,50,2024-12-14T04:55:48,4438.1
4739,SALES_0004739,4888,91,424,168,50,2024-12-22T03:11:32,1918.26
4049,SALES_0004049,4889,187,452,200,50,2024-12-09T03:09:24,993.13
1399,SALES_0001399,4890,44,393,260,50,2024-11-30T01:47:26,2819.61
4987,SALES_0004987,4891,81,463,273,50,2024-10-07T20:01:20,4469.91
925,SALES_0000925,4892,145,33,295,50,2024-12-06T15:13:58,1685.96
29,SALES_0000029,4893,88,464,328,50,2024-10-19T10:28:15,3883.28
2550,SALES_0002550,4894,145,475,330,50,2024-11-20T17:17:40,704.33
3700,SALES_0003700,4895,165,6,339,50,2024-11-26T06:06:51,1712.45
1262,SALES_0001262,4896,72,124,343,50,2024-10-17T16:35:48,3379.58
3535,SALES_0003535,4897,24,202,347,50,2024-11-06T21:04:34,4760.11
1461,SALES_0001461,4898,3,463,353,50,2024-11-03T05:27:31,3609.87
14,SALES_0000014,4899,13,383,374,50,2024-10-19T04:20:15,2855.3
517,SALES_0000517,4900,200,280,380,50,2024-10-12T06:18:14,4113.02
2431,SALES_0002431,4901,197,494,414,50,2024-12-24T19:01:59,3576.86
937,SALES_0000937,4902,80,303,429,50,2024-12-15T13:02:05,3856.13
185,SALES_0000185,4903,61,404,430,50,2024-11-20T22:53:29,2645.97
4785,SALES_0004785,4904,42,61,469,50,2024-11-11T01:48:04,4604.15
1827,SALES_0001827,4905,38,111,469,50,2024-12-26T11:50:24,2138.95
1806,SALES_0001806,4906,71,107,476,50,2024-11-13T05:29:45,1343.49
2495,SALES_0002495,4907,199,225,510,50,2024-10-23T20:23:26,2934.96
3222,SALES_0003222,4908,112,271,516,50,2024-12-23T01:21:11,3720.46
3484,SALES_0003484,4909,124,190,537,50,2024-11-05T12:37:42,1809.09
1108,SALES_0001108,4910,114,62,573,50,2024-10-14T15:11:44,1796.51
4136,SALES_0004136,4911,124,462,584,50,2024-10-14T23:45:05,3809.88
1010,SALES_0001010,4912,148,470,585,50,2024-10-11T15:56:27,2213.93
1542,SALES_0001542,4913,36,293,586,50,2024-11-12T06:58:06,1300.51
1521,SALES_0001521,4914,185,299,594,50,2024-12-24T22:10:16,3913.78
656,SALES_0000656,4915,38,326,594,50,2024-12-12T00:13:29,4146.9
2802,SALES_0002802,4916,163,222,619,50,2024-11-21T06:39:36,3092.29
3371,SALES_0003371,4917,65,108,655,50,2024-12-17T01:12:40,1245.73
3672,SALES_0003672,4918,181,459,668,50,2024-11-25T11:26:29,3769.52
1906,SALES_0001906,4919,3,491,673,50,2024-11-08T23:49:12,852.17
3966,SALES_0003966,4920,98,170,688,50,2024-11-05T10:18:39,1006.22
2751,SALES_0002751,4921,43,276,694,50,2024-11-08T11:06:04,3449.06
2222,SALES_0002222,4922,203,308,714,50,2024-12-22T01:45:42,3192.67
2449,SALES_0002449,4923,74,444,726,50,2024-10-08T12:49:03,4168.52
2478,SALES_0002478,4924,52,79,796,50,2024-11-21T11:51:48,3141.41
2743,SALES_0002743,4925,95,479,809,50,2024-11-01T11:53:21,2725.74
1171,SALES_0001171,4926,150,68,820,50,2024-11-30T20:28:56,4025.21
1228,SALES_0001228,4927,24,223,825,50,2024-10-27T16:40:47,2513.82
2707,SALES_0002707,4928,191,413,827,50,2024-10-17T00:45:28,4272.06
737,SALES_0000737,4929,78,451,829,50,2024-10-31T15:02:27,2936.77
1088,SALES_0001088,4930,115,227,831,50,2024-11-12T09:56:08,3538.31
2167,SALES_0002167,4931,49,222,840,50,2024-11-11T04:55:25,3552.43
2288,SALES_0002288,4932,92,83,854,50,2024-10-25T16:03:20,996.3
4472,SALES_0004472,4933,18,358,867,50,2024-11-08T10:59:28,1210.56
4717,SALES_0004717,4934,179,245,917,50,2024-11-26T18:25:43,1747.56
2309,SALES_0002309,4935,101,62,955,50,2024-12-25T21:31:56,4617.63
2287,SALES_0002287,4936,50,323,961,50,2024-10-17T22:56:13,1923.09
204,SALES_0000204,4937,34,345,964,50,2024-11-29T01:32:41,1767.23
3177,SALES_0003177,4938,114,43,968,50,2024-12-08T00:51:37,1431.16
1506,SALES_0001506,4939,158,483,981,50,2024-11-16T09:05:26,1515.52
62,SALES_0000062,4940,70,190,1047,50,2024-11-09T02:21:05,1162.49
3121,SALES_0003121,4941,16,138,1062,50,2024-10-20T23:57:07,1970.24
4340,SALES_0004340,4942,10,281,1108,50,2024-10-20T18:06:25,4402.2
1667,SALES_0001667,4943,140,166,1112,50,2024-12-26T20:01:00,2301.42
1727,SALES_0001727,4944,118,204,1114,50,2024-11-11T18:24:01,4628.56
3412,SALES_0003412,4945,37,132,1147,50,2024-11-03T03:55:44,1484.39
4749,SALES_0004749,4946,125,301,1159,50,2024-10-10T12:26:24,2153.27
2644,SALES_0002644,4947,32,37,1170,50,2024-11-22T00:10:47,3472.37
463,SALES_0000463,4948,67,434,1200,50,2024-11-14T02:57:24,4073.87
1908,SALES_0001908,4949,116,305,1201,50,2024-11-10T11:00:23,1340.71
3438,SALES_0003438,4950,89,460,1250,50,2024-10-11T11:43:05,3641.89
496,SALES_0000496,4951,54,137,1251,50,2024-12-11T06:29:52,4350.38
65,SALES_0000065,4952,190,450,1265,50,2024-10-09T01:48:57,2560.25
884,SALES_0000884,4953,54,218,1270,50,2024-12-19T02:51:21,2926.96
3309,SALES_0003309,4954,166,446,1302,50,2024-11-09T11:39:59,4023.76
2762,SALES_0002762,4955,129,396,1322,50,2024-10-07T02:15:45,4255.51
993,SALES_0000993,4956,125,480,1332,50,2024-10-15T21:06:37,3714.06
2671,SALES_0002671,4957,142,41,1333,50,2024-10-11T04:49:27,1479.29
638,SALES_0000638,4958,20,199,1337,50,2024-11-29T20:32:50,4342.11
1902,SALES_0001902,4959,121,32,1361,50,2024-10-22T12:31:50,3861.91
3229,SALES_0003229,4960,79,113,1372,50,2024-10-13T12:27:34,797.22
2329,SALES_0002329,4961,93,461,1392,50,2024-11-26T10:09:49,1785.32
4556,SALES_0004556,4962,132,359,1415,50,2024-10-31T14:17:30,4900.19
4147,SALES_0004147,4963,2,250,1442,50,2024-10-26T11:32:16,2910.06
3076,SALES_0003076,4964,183,330,1453,50,2024-11-17T11:11:17,4708.18
264,SALES_0000264,4965,124,219,1493,50,2024-11-09T20:33:33,1013.01
4963,SALES_0004963,4966,176,405,1507,50,2024-11-25T01:10:30,3588.46
4499,SALES_0004499,4967,81,249,1510,50,2024-10-29T08:06:40,4885.85
3048,SALES_0003048,4968,37,101,1520,50,2024-12-19T08:25:23,4206.78
352,SALES_0000352,4969,18,161,1549,50,2024-12-05T01:51:10,2363.07
2446,SALES_0002446,4970,166,61,1569,50,2024-12-05T03:46:45,3380.7
1745,SALES_0001745,4971,140,95,1574,50,2024-11-24T01:37:24,4207.49
2390,SALES_0002390,4972,81,313,1592,50,2024-11-16T15:18:38,1347.74
4454,SALES_0004454,4973,98,296,1623,50,2024-12-01T04:33:13,4907.71
4378,SALES_0004378,4974,14,377,1637,50,2024-11-07T03:27:02,4906.92
3994,SALES_0003994,4975,17,285,1643,50,2024-12-19T22:40:04,4503.12
3514,SALES_0003514,4976,171,31,1675,50,2024-11-26T02:04:29,2782.03
1415,SALES_0001415,4977,180,131,1675,50,2024-12-01T02:19:31,2872.26
2742,SALES_0002742,4978,27,72,1676,50,2024-11-28T23:04:41,4534.83
346,SALES_0000346,4979,144,402,1678,50,2024-11-21T19:18:28,715.84
713,SALES_0000713,4980,132,35,1697,50,2024-12-13T04:59:29,3608.89
4076,SALES_0004076,4981,124,154,1703,50,2024-12-10T17:29:30,3321.68
3341,SALES_0003341,4982,135,80,1731,50,2024-10-08T19:39:25,2535.99
394,SALES_0000394,4983,45,231,1735,50,2024-12-18T01:06:24,1020.99
1477,SALES_0001477,4984,71,268,1744,50,2024-11-22T08:14:13,982.67
1518,SALES_0001518,4985,44,146,1770,50,2024-11-18T21:07:58,2455.04
2519,SALES_0002519,4986,53,400,1790,50,2024-10-20T03:12:01,1776.88
995,SALES_0000995,4987,165,281,1802,50,2024-11-22T06:52:35,3529.61
3716,SALES_0003716,4988,23,478,1804,50,2024-12-01T21:46:03,4151.2
1603,SALES_0001603,4989,44,245,1854,50,2024-11-24T16:50:13,3871.47
3933,SALES_0003933,4990,150,110,1859,50,2024-10-19T00:36:53,3964.83
3349,SALES_0003349,4991,75,116,1861,50,2024-11-12T01:50:05,1530.4
2331,SALES_0002331,4992,124,43,1871,50,2024-12-12T01:33:41,4929.94
4165,SALES_0004165,4993,108,491,1906,50,2024-12-17T08:08:38,721.39
3227,SALES_0003227,4994,27,392,1916,50,2024-10-07T19:41:41,2245.61
1137,SALES_0001137,4995,200,5,1939,50,2024-12-10T13:14:37,2234.08
40,SALES_0000040,4996,154,158,1944,50,2024-10-19T09:19:05,2448.3
1267,SALES_0001267,4997,134,463,1983,50,2024-12-20T06:29:35,2108.47
3926,SALES_0003926,4998,206,287,1993,50,2024-11-27T23:48:47,1135.47
